,Acquisition,Contrast,Path,Run,Session,Subject,Task,Mean Significance,Median Significance,Mean DR Significance,Median DR Significance,Processing,Uid
0,EPIlowcov,BOLD,/home/hendrik/.scratch/mlebe/l1/generic/sub-4001/ses-ofM/sub-4001_ses-ofM_task-JogB_acq-EPIlowcov_run-0_bold_pfstat.nii.gz,0,ofM,4001,JogB,1.6355276107788086,1.1263532638549805,1.7807481288909912,1.4427440166473389,Generic,4001_ofM_bold
1,EPIlowcov,CBV,/home/hendrik/.scratch/mlebe/l1/generic/sub-4001/ses-ofM/sub-4001_ses-ofM_task-JogB_acq-EPIlowcov_run-1_cbv_pfstat.nii.gz,1,ofM,4001,JogB,1.5192594528198242,1.0423364639282227,1.48214852809906,1.2255263328552246,Generic,4001_ofM_cbv
2,EPIlowcov,BOLD,/home/hendrik/.scratch/mlebe/l1/generic/sub-4001/ses-ofMaF/sub-4001_ses-ofMaF_task-JogB_acq-EPIlowcov_run-0_bold_pfstat.nii.gz,0,ofMaF,4001,JogB,2.1016266345977783,1.364269733428955,3.615447521209717,1.882917881011963,Generic,4001_ofMaF_bold
3,EPIlowcov,CBV,/home/hendrik/.scratch/mlebe/l1/generic/sub-4001/ses-ofMaF/sub-4001_ses-ofMaF_task-JogB_acq-EPIlowcov_run-1_cbv_pfstat.nii.gz,1,ofMaF,4001,JogB,1.6412254571914673,1.128610610961914,1.5473265647888184,0.9899824857711792,Generic,4001_ofMaF_cbv
4,EPIlowcov,BOLD,/home/hendrik/.scratch/mlebe/l1/generic/sub-4001/ses-ofMcF1/sub-4001_ses-ofMcF1_task-JogB_acq-EPIlowcov_run-0_bold_pfstat.nii.gz,0,ofMcF1,4001,JogB,1.9348138570785522,1.3396656513214111,3.340372323989868,2.3954434394836426,Generic,4001_ofMcF1_bold
5,EPIlowcov,CBV,/home/hendrik/.scratch/mlebe/l1/generic/sub-4001/ses-ofMcF1/sub-4001_ses-ofMcF1_task-JogB_acq-EPIlowcov_run-1_cbv_pfstat.nii.gz,1,ofMcF1,4001,JogB,1.9702823162078857,1.310590386390686,3.7323505878448486,2.5806474685668945,Generic,4001_ofMcF1_cbv
6,EPIlowcov,BOLD,/home/hendrik/.scratch/mlebe/l1/generic/sub-4001/ses-ofMcF2/sub-4001_ses-ofMcF2_task-JogB_acq-EPIlowcov_run-0_bold_pfstat.nii.gz,0,ofMcF2,4001,JogB,1.9102952480316162,1.2607581615447998,3.1023690700531006,1.859267234802246,Generic,4001_ofMcF2_bold
7,EPIlowcov,CBV,/home/hendrik/.scratch/mlebe/l1/generic/sub-4001/ses-ofMcF2/sub-4001_ses-ofMcF2_task-JogB_acq-EPIlowcov_run-1_cbv_pfstat.nii.gz,1,ofMcF2,4001,JogB,1.8761334419250488,1.223085880279541,1.381072759628296,1.0576165914535522,Generic,4001_ofMcF2_cbv
8,EPIlowcov,BOLD,/home/hendrik/.scratch/mlebe/l1/generic/sub-4002/ses-ofM/sub-4002_ses-ofM_task-JogB_acq-EPIlowcov_run-0_bold_pfstat.nii.gz,0,ofM,4002,JogB,2.558448553085327,1.8707104921340942,1.9651200771331787,1.6273595094680786,Generic,4002_ofM_bold
9,EPIlowcov,CBV,/home/hendrik/.scratch/mlebe/l1/generic/sub-4002/ses-ofM/sub-4002_ses-ofM_task-JogB_acq-EPIlowcov_run-1_cbv_pfstat.nii.gz,1,ofM,4002,JogB,1.6383594274520874,1.1352401971817017,2.3010940551757812,1.6428579092025757,Generic,4002_ofM_cbv
10,EPIlowcov,BOLD,/home/hendrik/.scratch/mlebe/l1/generic/sub-4004/ses-ofM/sub-4004_ses-ofM_task-JogB_acq-EPIlowcov_run-0_bold_pfstat.nii.gz,0,ofM,4004,JogB,1.718773603439331,1.1587849855422974,1.6153775453567505,1.2757844924926758,Generic,4004_ofM_bold
11,EPIlowcov,CBV,/home/hendrik/.scratch/mlebe/l1/generic/sub-4004/ses-ofM/sub-4004_ses-ofM_task-JogB_acq-EPIlowcov_run-1_cbv_pfstat.nii.gz,1,ofM,4004,JogB,1.7550352811813354,1.1967843770980835,3.0061075687408447,2.6895341873168945,Generic,4004_ofM_cbv
12,EPIlowcov,BOLD,/home/hendrik/.scratch/mlebe/l1/generic/sub-4005/ses-ofM/sub-4005_ses-ofM_task-JogB_acq-EPIlowcov_run-0_bold_pfstat.nii.gz,0,ofM,4005,JogB,1.7914175987243652,1.2105395793914795,2.7557778358459473,2.300966262817383,Generic,4005_ofM_bold
13,EPIlowcov,CBV,/home/hendrik/.scratch/mlebe/l1/generic/sub-4005/ses-ofM/sub-4005_ses-ofM_task-JogB_acq-EPIlowcov_run-1_cbv_pfstat.nii.gz,1,ofM,4005,JogB,2.7001874446868896,1.5959198474884033,3.114661693572998,1.9848006963729858,Generic,4005_ofM_cbv
14,EPIlowcov,BOLD,/home/hendrik/.scratch/mlebe/l1/generic/sub-4005/ses-ofMaF/sub-4005_ses-ofMaF_task-JogB_acq-EPIlowcov_run-0_bold_pfstat.nii.gz,0,ofMaF,4005,JogB,2.069636821746826,1.3242108821868896,2.3047869205474854,1.502706527709961,Generic,4005_ofMaF_bold
15,EPIlowcov,CBV,/home/hendrik/.scratch/mlebe/l1/generic/sub-4005/ses-ofMaF/sub-4005_ses-ofMaF_task-JogB_acq-EPIlowcov_run-1_cbv_pfstat.nii.gz,1,ofMaF,4005,JogB,1.5139414072036743,1.046452522277832,1.1956713199615479,0.9232897162437439,Generic,4005_ofMaF_cbv
16,EPIlowcov,BOLD,/home/hendrik/.scratch/mlebe/l1/generic/sub-4006/ses-ofM/sub-4006_ses-ofM_task-JogB_acq-EPIlowcov_run-0_bold_pfstat.nii.gz,0,ofM,4006,JogB,1.5230423212051392,1.0394470691680908,1.2246997356414795,0.9104917049407959,Generic,4006_ofM_bold
17,EPIlowcov,CBV,/home/hendrik/.scratch/mlebe/l1/generic/sub-4006/ses-ofM/sub-4006_ses-ofM_task-JogB_acq-EPIlowcov_run-1_cbv_pfstat.nii.gz,1,ofM,4006,JogB,1.7395075559616089,1.201338768005371,1.7235044240951538,1.4661426544189453,Generic,4006_ofM_cbv
18,EPIlowcov,BOLD,/home/hendrik/.scratch/mlebe/l1/generic/sub-4007/ses-ofM/sub-4007_ses-ofM_task-JogB_acq-EPIlowcov_run-0_bold_pfstat.nii.gz,0,ofM,4007,JogB,1.8233286142349243,1.2082990407943726,1.5157290697097778,1.0763349533081055,Generic,4007_ofM_bold
19,EPIlowcov,CBV,/home/hendrik/.scratch/mlebe/l1/generic/sub-4007/ses-ofM/sub-4007_ses-ofM_task-JogB_acq-EPIlowcov_run-1_cbv_pfstat.nii.gz,1,ofM,4007,JogB,2.2519688606262207,1.4682743549346924,2.7265472412109375,2.2878987789154053,Generic,4007_ofM_cbv
20,EPIlowcov,BOLD,/home/hendrik/.scratch/mlebe/l1/generic/sub-4007/ses-ofMaF/sub-4007_ses-ofMaF_task-JogB_acq-EPIlowcov_run-0_bold_pfstat.nii.gz,0,ofMaF,4007,JogB,3.1255905628204346,1.823899269104004,3.1705362796783447,2.165119171142578,Generic,4007_ofMaF_bold
21,EPIlowcov,CBV,/home/hendrik/.scratch/mlebe/l1/generic/sub-4007/ses-ofMaF/sub-4007_ses-ofMaF_task-JogB_acq-EPIlowcov_run-1_cbv_pfstat.nii.gz,1,ofMaF,4007,JogB,6.059421062469482,3.477724313735962,2.2258522510528564,1.639249324798584,Generic,4007_ofMaF_cbv
22,EPIlowcov,BOLD,/home/hendrik/.scratch/mlebe/l1/generic/sub-4007/ses-ofMcF1/sub-4007_ses-ofMcF1_task-JogB_acq-EPIlowcov_run-0_bold_pfstat.nii.gz,0,ofMcF1,4007,JogB,2.491560459136963,1.5115677118301392,1.357513189315796,1.1440463066101074,Generic,4007_ofMcF1_bold
23,EPIlowcov,CBV,/home/hendrik/.scratch/mlebe/l1/generic/sub-4007/ses-ofMcF1/sub-4007_ses-ofMcF1_task-JogB_acq-EPIlowcov_run-1_cbv_pfstat.nii.gz,1,ofMcF1,4007,JogB,2.7840847969055176,1.6986987590789795,1.7095420360565186,1.417756199836731,Generic,4007_ofMcF1_cbv
24,EPIlowcov,BOLD,/home/hendrik/.scratch/mlebe/l1/generic/sub-4007/ses-ofMcF2/sub-4007_ses-ofMcF2_task-JogB_acq-EPIlowcov_run-0_bold_pfstat.nii.gz,0,ofMcF2,4007,JogB,3.0703837871551514,1.9160490036010742,1.9715014696121216,1.3781126737594604,Generic,4007_ofMcF2_bold
25,EPIlowcov,CBV,/home/hendrik/.scratch/mlebe/l1/generic/sub-4007/ses-ofMcF2/sub-4007_ses-ofMcF2_task-JogB_acq-EPIlowcov_run-1_cbv_pfstat.nii.gz,1,ofMcF2,4007,JogB,4.720712184906006,2.5645670890808105,3.506309986114502,2.2038826942443848,Generic,4007_ofMcF2_cbv
26,EPIlowcov,BOLD,/home/hendrik/.scratch/mlebe/l1/generic/sub-4007/ses-ofMpF/sub-4007_ses-ofMpF_task-JogB_acq-EPIlowcov_run-0_bold_pfstat.nii.gz,0,ofMpF,4007,JogB,1.6634413003921509,1.1407082080841064,2.1848018169403076,1.6747138500213623,Generic,4007_ofMpF_bold
27,EPIlowcov,CBV,/home/hendrik/.scratch/mlebe/l1/generic/sub-4007/ses-ofMpF/sub-4007_ses-ofMpF_task-JogB_acq-EPIlowcov_run-1_cbv_pfstat.nii.gz,1,ofMpF,4007,JogB,1.6547813415527344,1.1407095193862915,1.6277709007263184,1.1691190004348755,Generic,4007_ofMpF_cbv
28,EPIlowcov,BOLD,/home/hendrik/.scratch/mlebe/l1/generic/sub-4008/ses-ofM/sub-4008_ses-ofM_task-JogB_acq-EPIlowcov_run-0_bold_pfstat.nii.gz,0,ofM,4008,JogB,2.196413040161133,1.4541778564453125,1.5194921493530273,1.2700977325439453,Generic,4008_ofM_bold
29,EPIlowcov,CBV,/home/hendrik/.scratch/mlebe/l1/generic/sub-4008/ses-ofM/sub-4008_ses-ofM_task-JogB_acq-EPIlowcov_run-1_cbv_pfstat.nii.gz,1,ofM,4008,JogB,2.1861464977264404,1.3996126651763916,1.1414365768432617,0.8464927673339844,Generic,4008_ofM_cbv
30,EPIlowcov,BOLD,/home/hendrik/.scratch/mlebe/l1/generic/sub-4008/ses-ofMaF/sub-4008_ses-ofMaF_task-JogB_acq-EPIlowcov_run-0_bold_pfstat.nii.gz,0,ofMaF,4008,JogB,5.327403545379639,3.050149917602539,1.3844499588012695,1.0122151374816895,Generic,4008_ofMaF_bold
31,EPIlowcov,CBV,/home/hendrik/.scratch/mlebe/l1/generic/sub-4008/ses-ofMaF/sub-4008_ses-ofMaF_task-JogB_acq-EPIlowcov_run-1_cbv_pfstat.nii.gz,1,ofMaF,4008,JogB,7.242242336273193,4.977872848510742,2.336186647415161,1.846588373184204,Generic,4008_ofMaF_cbv
32,EPIlowcov,BOLD,/home/hendrik/.scratch/mlebe/l1/generic/sub-4008/ses-ofMcF1/sub-4008_ses-ofMcF1_task-JogB_acq-EPIlowcov_run-0_bold_pfstat.nii.gz,0,ofMcF1,4008,JogB,2.8132922649383545,1.665139079093933,1.4935274124145508,1.0210983753204346,Generic,4008_ofMcF1_bold
33,EPIlowcov,CBV,/home/hendrik/.scratch/mlebe/l1/generic/sub-4008/ses-ofMcF1/sub-4008_ses-ofMcF1_task-JogB_acq-EPIlowcov_run-1_cbv_pfstat.nii.gz,1,ofMcF1,4008,JogB,1.7348397970199585,1.1571292877197266,0.6883864998817444,0.5421085357666016,Generic,4008_ofMcF1_cbv
34,EPIlowcov,BOLD,/home/hendrik/.scratch/mlebe/l1/generic/sub-4008/ses-ofMcF2/sub-4008_ses-ofMcF2_task-JogB_acq-EPIlowcov_run-0_bold_pfstat.nii.gz,0,ofMcF2,4008,JogB,7.449286460876465,6.10183048248291,6.83290958404541,5.493768692016602,Generic,4008_ofMcF2_bold
35,EPIlowcov,CBV,/home/hendrik/.scratch/mlebe/l1/generic/sub-4008/ses-ofMcF2/sub-4008_ses-ofMcF2_task-JogB_acq-EPIlowcov_run-1_cbv_pfstat.nii.gz,1,ofMcF2,4008,JogB,3.168256998062134,1.7711753845214844,4.389179229736328,3.2864937782287598,Generic,4008_ofMcF2_cbv
36,EPIlowcov,BOLD,/home/hendrik/.scratch/mlebe/l1/generic/sub-4008/ses-ofMpF/sub-4008_ses-ofMpF_task-JogB_acq-EPIlowcov_run-0_bold_pfstat.nii.gz,0,ofMpF,4008,JogB,1.7893837690353394,1.2205419540405273,2.248664140701294,1.366121768951416,Generic,4008_ofMpF_bold
37,EPIlowcov,CBV,/home/hendrik/.scratch/mlebe/l1/generic/sub-4008/ses-ofMpF/sub-4008_ses-ofMpF_task-JogB_acq-EPIlowcov_run-1_cbv_pfstat.nii.gz,1,ofMpF,4008,JogB,1.9589787721633911,1.2602472305297852,1.12325918674469,0.9660172462463379,Generic,4008_ofMpF_cbv
38,EPIlowcov,BOLD,/home/hendrik/.scratch/mlebe/l1/generic/sub-4009/ses-ofM/sub-4009_ses-ofM_task-JogB_acq-EPIlowcov_run-0_bold_pfstat.nii.gz,0,ofM,4009,JogB,1.59251070022583,1.099712610244751,1.7720258235931396,1.4443334341049194,Generic,4009_ofM_bold
39,EPIlowcov,CBV,/home/hendrik/.scratch/mlebe/l1/generic/sub-4009/ses-ofM/sub-4009_ses-ofM_task-JogB_acq-EPIlowcov_run-1_cbv_pfstat.nii.gz,1,ofM,4009,JogB,1.62996506690979,1.1276756525039673,3.0357682704925537,2.553380012512207,Generic,4009_ofM_cbv
40,EPIlowcov,BOLD,/home/hendrik/.scratch/mlebe/l1/generic/sub-4009/ses-ofMaF/sub-4009_ses-ofMaF_task-JogB_acq-EPIlowcov_run-0_bold_pfstat.nii.gz,0,ofMaF,4009,JogB,1.5902782678604126,1.1139247417449951,1.617127537727356,1.0178799629211426,Generic,4009_ofMaF_bold
41,EPIlowcov,CBV,/home/hendrik/.scratch/mlebe/l1/generic/sub-4009/ses-ofMaF/sub-4009_ses-ofMaF_task-JogB_acq-EPIlowcov_run-1_cbv_pfstat.nii.gz,1,ofMaF,4009,JogB,1.5702639818191528,1.0960699319839478,1.7716108560562134,1.075053334236145,Generic,4009_ofMaF_cbv
42,EPIlowcov,BOLD,/home/hendrik/.scratch/mlebe/l1/generic/sub-4009/ses-ofMcF1/sub-4009_ses-ofMcF1_task-JogB_acq-EPIlowcov_run-0_bold_pfstat.nii.gz,0,ofMcF1,4009,JogB,1.833991527557373,1.28573739528656,2.2262191772460938,1.7274534702301025,Generic,4009_ofMcF1_bold
43,EPIlowcov,CBV,/home/hendrik/.scratch/mlebe/l1/generic/sub-4009/ses-ofMcF1/sub-4009_ses-ofMcF1_task-JogB_acq-EPIlowcov_run-1_cbv_pfstat.nii.gz,1,ofMcF1,4009,JogB,1.5706253051757812,1.0753262042999268,1.0097887516021729,0.6558729410171509,Generic,4009_ofMcF1_cbv
44,EPIlowcov,BOLD,/home/hendrik/.scratch/mlebe/l1/generic/sub-4009/ses-ofMcF2/sub-4009_ses-ofMcF2_task-JogB_acq-EPIlowcov_run-0_bold_pfstat.nii.gz,0,ofMcF2,4009,JogB,8.094552040100098,7.7134013175964355,9.226161003112793,10.272388458251953,Generic,4009_ofMcF2_bold
45,EPIlowcov,CBV,/home/hendrik/.scratch/mlebe/l1/generic/sub-4009/ses-ofMcF2/sub-4009_ses-ofMcF2_task-JogB_acq-EPIlowcov_run-1_cbv_pfstat.nii.gz,1,ofMcF2,4009,JogB,1.8354897499084473,1.2783238887786865,1.7154946327209473,1.267991304397583,Generic,4009_ofMcF2_cbv
46,EPIlowcov,BOLD,/home/hendrik/.scratch/mlebe/l1/generic/sub-4009/ses-ofMpF/sub-4009_ses-ofMpF_task-JogB_acq-EPIlowcov_run-0_bold_pfstat.nii.gz,0,ofMpF,4009,JogB,1.6859421730041504,1.1394624710083008,1.509321689605713,0.9483732581138611,Generic,4009_ofMpF_bold
47,EPIlowcov,CBV,/home/hendrik/.scratch/mlebe/l1/generic/sub-4009/ses-ofMpF/sub-4009_ses-ofMpF_task-JogB_acq-EPIlowcov_run-1_cbv_pfstat.nii.gz,1,ofMpF,4009,JogB,1.6171550750732422,1.1047747135162354,1.221781849861145,0.7285257577896118,Generic,4009_ofMpF_cbv
48,EPIlowcov,BOLD,/home/hendrik/.scratch/mlebe/l1/generic/sub-4011/ses-ofM/sub-4011_ses-ofM_task-JogB_acq-EPIlowcov_run-0_bold_pfstat.nii.gz,0,ofM,4011,JogB,1.8639787435531616,1.223118782043457,1.8048326969146729,1.45359468460083,Generic,4011_ofM_bold
49,EPIlowcov,CBV,/home/hendrik/.scratch/mlebe/l1/generic/sub-4011/ses-ofM/sub-4011_ses-ofM_task-JogB_acq-EPIlowcov_run-1_cbv_pfstat.nii.gz,1,ofM,4011,JogB,3.5816774368286133,2.0001132488250732,2.5079715251922607,1.8617727756500244,Generic,4011_ofM_cbv
50,EPIlowcov,BOLD,/home/hendrik/.scratch/mlebe/l1/generic/sub-4011/ses-ofMaF/sub-4011_ses-ofMaF_task-JogB_acq-EPIlowcov_run-0_bold_pfstat.nii.gz,0,ofMaF,4011,JogB,2.91776967048645,1.6717888116836548,2.6852588653564453,2.046879768371582,Generic,4011_ofMaF_bold
51,EPIlowcov,CBV,/home/hendrik/.scratch/mlebe/l1/generic/sub-4011/ses-ofMaF/sub-4011_ses-ofMaF_task-JogB_acq-EPIlowcov_run-1_cbv_pfstat.nii.gz,1,ofMaF,4011,JogB,6.519299507141113,3.995199203491211,2.715557098388672,2.124511957168579,Generic,4011_ofMaF_cbv
52,EPIlowcov,BOLD,/home/hendrik/.scratch/mlebe/l1/generic/sub-4011/ses-ofMcF1/sub-4011_ses-ofMcF1_task-JogB_acq-EPIlowcov_run-0_bold_pfstat.nii.gz,0,ofMcF1,4011,JogB,3.536226272583008,1.982300877571106,3.0140955448150635,2.185060977935791,Generic,4011_ofMcF1_bold
53,EPIlowcov,CBV,/home/hendrik/.scratch/mlebe/l1/generic/sub-4011/ses-ofMcF1/sub-4011_ses-ofMcF1_task-JogB_acq-EPIlowcov_run-1_cbv_pfstat.nii.gz,1,ofMcF1,4011,JogB,5.732100009918213,3.354691982269287,1.867012619972229,0.9969568252563477,Generic,4011_ofMcF1_cbv
54,EPIlowcov,BOLD,/home/hendrik/.scratch/mlebe/l1/generic/sub-4011/ses-ofMcF2/sub-4011_ses-ofMcF2_task-JogB_acq-EPIlowcov_run-0_bold_pfstat.nii.gz,0,ofMcF2,4011,JogB,3.0628130435943604,1.8162258863449097,4.27581262588501,3.720923900604248,Generic,4011_ofMcF2_bold
55,EPIlowcov,CBV,/home/hendrik/.scratch/mlebe/l1/generic/sub-4011/ses-ofMcF2/sub-4011_ses-ofMcF2_task-JogB_acq-EPIlowcov_run-1_cbv_pfstat.nii.gz,1,ofMcF2,4011,JogB,2.1833343505859375,1.378098487854004,2.8417675495147705,2.3158726692199707,Generic,4011_ofMcF2_cbv
56,EPIlowcov,BOLD,/home/hendrik/.scratch/mlebe/l1/generic/sub-4012/ses-ofM/sub-4012_ses-ofM_task-JogB_acq-EPIlowcov_run-0_bold_pfstat.nii.gz,0,ofM,4012,JogB,1.6042979955673218,1.0955973863601685,1.7306371927261353,1.2610466480255127,Generic,4012_ofM_bold
57,EPIlowcov,CBV,/home/hendrik/.scratch/mlebe/l1/generic/sub-4012/ses-ofM/sub-4012_ses-ofM_task-JogB_acq-EPIlowcov_run-1_cbv_pfstat.nii.gz,1,ofM,4012,JogB,2.098175287246704,1.328791856765747,2.6424875259399414,2.397710084915161,Generic,4012_ofM_cbv
58,EPIlowcov,BOLD,/home/hendrik/.scratch/mlebe/l1/generic/sub-4012/ses-ofMaF/sub-4012_ses-ofMaF_task-JogB_acq-EPIlowcov_run-0_bold_pfstat.nii.gz,0,ofMaF,4012,JogB,3.056874990463257,1.8412646055221558,2.220982074737549,1.7186199426651,Generic,4012_ofMaF_bold
59,EPIlowcov,CBV,/home/hendrik/.scratch/mlebe/l1/generic/sub-4012/ses-ofMaF/sub-4012_ses-ofMaF_task-JogB_acq-EPIlowcov_run-1_cbv_pfstat.nii.gz,1,ofMaF,4012,JogB,1.6023930311203003,1.1106176376342773,1.8193315267562866,1.5835121870040894,Generic,4012_ofMaF_cbv
60,EPIlowcov,BOLD,/home/hendrik/.scratch/mlebe/l1/generic/sub-4012/ses-ofMcF1/sub-4012_ses-ofMcF1_task-JogB_acq-EPIlowcov_run-0_bold_pfstat.nii.gz,0,ofMcF1,4012,JogB,1.7352046966552734,1.182450294494629,2.407979726791382,1.5021142959594727,Generic,4012_ofMcF1_bold
61,EPIlowcov,CBV,/home/hendrik/.scratch/mlebe/l1/generic/sub-4012/ses-ofMcF1/sub-4012_ses-ofMcF1_task-JogB_acq-EPIlowcov_run-1_cbv_pfstat.nii.gz,1,ofMcF1,4012,JogB,2.3470726013183594,1.4318161010742188,1.4824765920639038,1.1572537422180176,Generic,4012_ofMcF1_cbv
62,EPIlowcov,BOLD,/home/hendrik/.scratch/mlebe/l1/generic/sub-4012/ses-ofMcF2/sub-4012_ses-ofMcF2_task-JogB_acq-EPIlowcov_run-0_bold_pfstat.nii.gz,0,ofMcF2,4012,JogB,7.406789302825928,6.42031192779541,9.995070457458496,10.719569206237793,Generic,4012_ofMcF2_bold
63,EPIlowcov,CBV,/home/hendrik/.scratch/mlebe/l1/generic/sub-4012/ses-ofMcF2/sub-4012_ses-ofMcF2_task-JogB_acq-EPIlowcov_run-1_cbv_pfstat.nii.gz,1,ofMcF2,4012,JogB,3.1952290534973145,1.9400362968444824,1.1683179140090942,0.6786737442016602,Generic,4012_ofMcF2_cbv
64,EPIlowcov,BOLD,/home/hendrik/.scratch/mlebe/l1/generic/sub-4012/ses-ofMpF/sub-4012_ses-ofMpF_task-JogB_acq-EPIlowcov_run-0_bold_pfstat.nii.gz,0,ofMpF,4012,JogB,1.5912894010543823,1.1175920963287354,0.8837845921516418,0.6429731845855713,Generic,4012_ofMpF_bold
65,EPIlowcov,CBV,/home/hendrik/.scratch/mlebe/l1/generic/sub-4012/ses-ofMpF/sub-4012_ses-ofMpF_task-JogB_acq-EPIlowcov_run-1_cbv_pfstat.nii.gz,1,ofMpF,4012,JogB,1.762389898300171,1.17984139919281,2.447716474533081,1.5454678535461426,Generic,4012_ofMpF_cbv
66,EPIlowcov,BOLD,/home/hendrik/.scratch/mlebe/l1/generic/sub-4013/ses-ofM/sub-4013_ses-ofM_task-JogB_acq-EPIlowcov_run-0_bold_pfstat.nii.gz,0,ofM,4013,JogB,1.5530011653900146,1.0771467685699463,1.3064565658569336,0.997422456741333,Generic,4013_ofM_bold
67,EPIlowcov,CBV,/home/hendrik/.scratch/mlebe/l1/generic/sub-4013/ses-ofM/sub-4013_ses-ofM_task-JogB_acq-EPIlowcov_run-1_cbv_pfstat.nii.gz,1,ofM,4013,JogB,1.5927268266677856,1.1126363277435303,1.0090618133544922,0.8421225547790527,Generic,4013_ofM_cbv
0,EPIlowcov,BOLD,/home/hendrik/.scratch/mlebe/l1/masked/sub-4001/ses-ofM/sub-4001_ses-ofM_task-JogB_acq-EPIlowcov_run-0_bold_pfstat.nii.gz,0,ofM,4001,JogB,1.6203787326812744,1.1102408170700073,2.683539628982544,1.7276296615600586,Masked,4001_ofM_bold
1,EPIlowcov,CBV,/home/hendrik/.scratch/mlebe/l1/masked/sub-4001/ses-ofM/sub-4001_ses-ofM_task-JogB_acq-EPIlowcov_run-1_cbv_pfstat.nii.gz,1,ofM,4001,JogB,1.5210040807724,1.0440657138824463,1.9004592895507812,1.52921724319458,Masked,4001_ofM_cbv
2,EPIlowcov,BOLD,/home/hendrik/.scratch/mlebe/l1/masked/sub-4001/ses-ofMaF/sub-4001_ses-ofMaF_task-JogB_acq-EPIlowcov_run-0_bold_pfstat.nii.gz,0,ofMaF,4001,JogB,2.0998215675354004,1.3701322078704834,3.1187825202941895,1.9543466567993164,Masked,4001_ofMaF_bold
3,EPIlowcov,CBV,/home/hendrik/.scratch/mlebe/l1/masked/sub-4001/ses-ofMaF/sub-4001_ses-ofMaF_task-JogB_acq-EPIlowcov_run-1_cbv_pfstat.nii.gz,1,ofMaF,4001,JogB,1.6410717964172363,1.1332404613494873,1.2954685688018799,0.6510862112045288,Masked,4001_ofMaF_cbv
4,EPIlowcov,BOLD,/home/hendrik/.scratch/mlebe/l1/masked/sub-4001/ses-ofMcF1/sub-4001_ses-ofMcF1_task-JogB_acq-EPIlowcov_run-0_bold_pfstat.nii.gz,0,ofMcF1,4001,JogB,1.9343870878219604,1.332350730895996,2.1114959716796875,1.6563307046890259,Masked,4001_ofMcF1_bold
5,EPIlowcov,CBV,/home/hendrik/.scratch/mlebe/l1/masked/sub-4001/ses-ofMcF1/sub-4001_ses-ofMcF1_task-JogB_acq-EPIlowcov_run-1_cbv_pfstat.nii.gz,1,ofMcF1,4001,JogB,1.9685200452804565,1.3177988529205322,3.296281099319458,2.600717067718506,Masked,4001_ofMcF1_cbv
6,EPIlowcov,BOLD,/home/hendrik/.scratch/mlebe/l1/masked/sub-4001/ses-ofMcF2/sub-4001_ses-ofMcF2_task-JogB_acq-EPIlowcov_run-0_bold_pfstat.nii.gz,0,ofMcF2,4001,JogB,1.9191792011260986,1.2824612855911255,3.816354990005493,2.462763786315918,Masked,4001_ofMcF2_bold
7,EPIlowcov,CBV,/home/hendrik/.scratch/mlebe/l1/masked/sub-4001/ses-ofMcF2/sub-4001_ses-ofMcF2_task-JogB_acq-EPIlowcov_run-1_cbv_pfstat.nii.gz,1,ofMcF2,4001,JogB,1.8521531820297241,1.2212969064712524,1.299795389175415,1.0541908740997314,Masked,4001_ofMcF2_cbv
8,EPIlowcov,BOLD,/home/hendrik/.scratch/mlebe/l1/masked/sub-4002/ses-ofM/sub-4002_ses-ofM_task-JogB_acq-EPIlowcov_run-0_bold_pfstat.nii.gz,0,ofM,4002,JogB,2.608499050140381,1.9278792142868042,1.8359098434448242,1.3532036542892456,Masked,4002_ofM_bold
9,EPIlowcov,CBV,/home/hendrik/.scratch/mlebe/l1/masked/sub-4002/ses-ofM/sub-4002_ses-ofM_task-JogB_acq-EPIlowcov_run-1_cbv_pfstat.nii.gz,1,ofM,4002,JogB,1.637521743774414,1.1424534320831299,2.500955104827881,1.8851279020309448,Masked,4002_ofM_cbv
10,EPIlowcov,BOLD,/home/hendrik/.scratch/mlebe/l1/masked/sub-4004/ses-ofM/sub-4004_ses-ofM_task-JogB_acq-EPIlowcov_run-0_bold_pfstat.nii.gz,0,ofM,4004,JogB,1.7240298986434937,1.1608418226242065,1.517345666885376,1.265002965927124,Masked,4004_ofM_bold
11,EPIlowcov,CBV,/home/hendrik/.scratch/mlebe/l1/masked/sub-4004/ses-ofM/sub-4004_ses-ofM_task-JogB_acq-EPIlowcov_run-1_cbv_pfstat.nii.gz,1,ofM,4004,JogB,1.796122431755066,1.2281510829925537,2.612598419189453,2.5206551551818848,Masked,4004_ofM_cbv
12,EPIlowcov,BOLD,/home/hendrik/.scratch/mlebe/l1/masked/sub-4005/ses-ofM/sub-4005_ses-ofM_task-JogB_acq-EPIlowcov_run-0_bold_pfstat.nii.gz,0,ofM,4005,JogB,1.8229422569274902,1.2320456504821777,3.335129499435425,2.65435528755188,Masked,4005_ofM_bold
13,EPIlowcov,CBV,/home/hendrik/.scratch/mlebe/l1/masked/sub-4005/ses-ofM/sub-4005_ses-ofM_task-JogB_acq-EPIlowcov_run-1_cbv_pfstat.nii.gz,1,ofM,4005,JogB,2.7772011756896973,1.6204447746276855,4.387051105499268,3.026346445083618,Masked,4005_ofM_cbv
14,EPIlowcov,BOLD,/home/hendrik/.scratch/mlebe/l1/masked/sub-4005/ses-ofMaF/sub-4005_ses-ofMaF_task-JogB_acq-EPIlowcov_run-0_bold_pfstat.nii.gz,0,ofMaF,4005,JogB,2.1051442623138428,1.3419034481048584,1.887450933456421,1.4267659187316895,Masked,4005_ofMaF_bold
15,EPIlowcov,CBV,/home/hendrik/.scratch/mlebe/l1/masked/sub-4005/ses-ofMaF/sub-4005_ses-ofMaF_task-JogB_acq-EPIlowcov_run-1_cbv_pfstat.nii.gz,1,ofMaF,4005,JogB,1.5097122192382812,1.0423800945281982,1.3159277439117432,1.1386198997497559,Masked,4005_ofMaF_cbv
16,EPIlowcov,BOLD,/home/hendrik/.scratch/mlebe/l1/masked/sub-4006/ses-ofM/sub-4006_ses-ofM_task-JogB_acq-EPIlowcov_run-0_bold_pfstat.nii.gz,0,ofM,4006,JogB,1.5354831218719482,1.054485559463501,3.1104793548583984,1.646255612373352,Masked,4006_ofM_bold
17,EPIlowcov,CBV,/home/hendrik/.scratch/mlebe/l1/masked/sub-4006/ses-ofM/sub-4006_ses-ofM_task-JogB_acq-EPIlowcov_run-1_cbv_pfstat.nii.gz,1,ofM,4006,JogB,1.7993220090866089,1.226637363433838,3.478886842727661,2.6927757263183594,Masked,4006_ofM_cbv
18,EPIlowcov,BOLD,/home/hendrik/.scratch/mlebe/l1/masked/sub-4007/ses-ofM/sub-4007_ses-ofM_task-JogB_acq-EPIlowcov_run-0_bold_pfstat.nii.gz,0,ofM,4007,JogB,1.8178566694259644,1.1983184814453125,2.262707233428955,1.2775475978851318,Masked,4007_ofM_bold
19,EPIlowcov,CBV,/home/hendrik/.scratch/mlebe/l1/masked/sub-4007/ses-ofM/sub-4007_ses-ofM_task-JogB_acq-EPIlowcov_run-1_cbv_pfstat.nii.gz,1,ofM,4007,JogB,2.2648427486419678,1.4777629375457764,1.9906518459320068,1.6936944723129272,Masked,4007_ofM_cbv
20,EPIlowcov,BOLD,/home/hendrik/.scratch/mlebe/l1/masked/sub-4007/ses-ofMaF/sub-4007_ses-ofMaF_task-JogB_acq-EPIlowcov_run-0_bold_pfstat.nii.gz,0,ofMaF,4007,JogB,3.0932507514953613,1.791035532951355,3.3161494731903076,2.243086814880371,Masked,4007_ofMaF_bold
21,EPIlowcov,CBV,/home/hendrik/.scratch/mlebe/l1/masked/sub-4007/ses-ofMaF/sub-4007_ses-ofMaF_task-JogB_acq-EPIlowcov_run-1_cbv_pfstat.nii.gz,1,ofMaF,4007,JogB,5.924959659576416,3.3804500102996826,1.9199812412261963,1.1957015991210938,Masked,4007_ofMaF_cbv
22,EPIlowcov,BOLD,/home/hendrik/.scratch/mlebe/l1/masked/sub-4007/ses-ofMcF1/sub-4007_ses-ofMcF1_task-JogB_acq-EPIlowcov_run-0_bold_pfstat.nii.gz,0,ofMcF1,4007,JogB,2.4590749740600586,1.5013022422790527,1.025524616241455,0.8641696572303772,Masked,4007_ofMcF1_bold
23,EPIlowcov,CBV,/home/hendrik/.scratch/mlebe/l1/masked/sub-4007/ses-ofMcF1/sub-4007_ses-ofMcF1_task-JogB_acq-EPIlowcov_run-1_cbv_pfstat.nii.gz,1,ofMcF1,4007,JogB,2.7251784801483154,1.6577473878860474,1.9524641036987305,1.3350567817687988,Masked,4007_ofMcF1_cbv
24,EPIlowcov,BOLD,/home/hendrik/.scratch/mlebe/l1/masked/sub-4007/ses-ofMcF2/sub-4007_ses-ofMcF2_task-JogB_acq-EPIlowcov_run-0_bold_pfstat.nii.gz,0,ofMcF2,4007,JogB,3.030050039291382,1.8933393955230713,2.208054780960083,1.4994091987609863,Masked,4007_ofMcF2_bold
25,EPIlowcov,CBV,/home/hendrik/.scratch/mlebe/l1/masked/sub-4007/ses-ofMcF2/sub-4007_ses-ofMcF2_task-JogB_acq-EPIlowcov_run-1_cbv_pfstat.nii.gz,1,ofMcF2,4007,JogB,4.5767717361450195,2.4536635875701904,3.170435667037964,1.743349552154541,Masked,4007_ofMcF2_cbv
26,EPIlowcov,BOLD,/home/hendrik/.scratch/mlebe/l1/masked/sub-4007/ses-ofMpF/sub-4007_ses-ofMpF_task-JogB_acq-EPIlowcov_run-0_bold_pfstat.nii.gz,0,ofMpF,4007,JogB,1.6740608215332031,1.1464788913726807,2.200129270553589,1.6320791244506836,Masked,4007_ofMpF_bold
27,EPIlowcov,CBV,/home/hendrik/.scratch/mlebe/l1/masked/sub-4007/ses-ofMpF/sub-4007_ses-ofMpF_task-JogB_acq-EPIlowcov_run-1_cbv_pfstat.nii.gz,1,ofMpF,4007,JogB,1.6576870679855347,1.1467869281768799,1.7501951456069946,1.0160611867904663,Masked,4007_ofMpF_cbv
28,EPIlowcov,BOLD,/home/hendrik/.scratch/mlebe/l1/masked/sub-4008/ses-ofM/sub-4008_ses-ofM_task-JogB_acq-EPIlowcov_run-0_bold_pfstat.nii.gz,0,ofM,4008,JogB,2.1686041355133057,1.4370203018188477,1.6013637781143188,1.33158278465271,Masked,4008_ofM_bold
29,EPIlowcov,CBV,/home/hendrik/.scratch/mlebe/l1/masked/sub-4008/ses-ofM/sub-4008_ses-ofM_task-JogB_acq-EPIlowcov_run-1_cbv_pfstat.nii.gz,1,ofM,4008,JogB,2.143855333328247,1.3633508682250977,1.8640133142471313,1.3769049644470215,Masked,4008_ofM_cbv
30,EPIlowcov,BOLD,/home/hendrik/.scratch/mlebe/l1/masked/sub-4008/ses-ofMaF/sub-4008_ses-ofMaF_task-JogB_acq-EPIlowcov_run-0_bold_pfstat.nii.gz,0,ofMaF,4008,JogB,5.101009368896484,2.8742620944976807,2.6489291191101074,2.2683658599853516,Masked,4008_ofMaF_bold
31,EPIlowcov,CBV,/home/hendrik/.scratch/mlebe/l1/masked/sub-4008/ses-ofMaF/sub-4008_ses-ofMaF_task-JogB_acq-EPIlowcov_run-1_cbv_pfstat.nii.gz,1,ofMaF,4008,JogB,7.03959321975708,4.67014741897583,2.4001920223236084,1.8619413375854492,Masked,4008_ofMaF_cbv
32,EPIlowcov,BOLD,/home/hendrik/.scratch/mlebe/l1/masked/sub-4008/ses-ofMcF1/sub-4008_ses-ofMcF1_task-JogB_acq-EPIlowcov_run-0_bold_pfstat.nii.gz,0,ofMcF1,4008,JogB,2.605034589767456,1.5672330856323242,1.4958618879318237,1.0202677249908447,Masked,4008_ofMcF1_bold
33,EPIlowcov,CBV,/home/hendrik/.scratch/mlebe/l1/masked/sub-4008/ses-ofMcF1/sub-4008_ses-ofMcF1_task-JogB_acq-EPIlowcov_run-1_cbv_pfstat.nii.gz,1,ofMcF1,4008,JogB,1.766302227973938,1.1608617305755615,0.8585678339004517,0.5369175672531128,Masked,4008_ofMcF1_cbv
34,EPIlowcov,BOLD,/home/hendrik/.scratch/mlebe/l1/masked/sub-4008/ses-ofMcF2/sub-4008_ses-ofMcF2_task-JogB_acq-EPIlowcov_run-0_bold_pfstat.nii.gz,0,ofMcF2,4008,JogB,7.150232791900635,5.620976448059082,3.7362754344940186,3.6725847721099854,Masked,4008_ofMcF2_bold
35,EPIlowcov,CBV,/home/hendrik/.scratch/mlebe/l1/masked/sub-4008/ses-ofMcF2/sub-4008_ses-ofMcF2_task-JogB_acq-EPIlowcov_run-1_cbv_pfstat.nii.gz,1,ofMcF2,4008,JogB,3.071458339691162,1.7103357315063477,6.536124229431152,5.540396690368652,Masked,4008_ofMcF2_cbv
36,EPIlowcov,BOLD,/home/hendrik/.scratch/mlebe/l1/masked/sub-4008/ses-ofMpF/sub-4008_ses-ofMpF_task-JogB_acq-EPIlowcov_run-0_bold_pfstat.nii.gz,0,ofMpF,4008,JogB,1.78048837184906,1.2236093282699585,2.646806478500366,2.132826805114746,Masked,4008_ofMpF_bold
37,EPIlowcov,CBV,/home/hendrik/.scratch/mlebe/l1/masked/sub-4008/ses-ofMpF/sub-4008_ses-ofMpF_task-JogB_acq-EPIlowcov_run-1_cbv_pfstat.nii.gz,1,ofMpF,4008,JogB,1.9543564319610596,1.2526288032531738,1.4526036977767944,1.2751684188842773,Masked,4008_ofMpF_cbv
38,EPIlowcov,BOLD,/home/hendrik/.scratch/mlebe/l1/masked/sub-4009/ses-ofM/sub-4009_ses-ofM_task-JogB_acq-EPIlowcov_run-0_bold_pfstat.nii.gz,0,ofM,4009,JogB,1.589176893234253,1.0963306427001953,1.639263391494751,1.3184694051742554,Masked,4009_ofM_bold
39,EPIlowcov,CBV,/home/hendrik/.scratch/mlebe/l1/masked/sub-4009/ses-ofM/sub-4009_ses-ofM_task-JogB_acq-EPIlowcov_run-1_cbv_pfstat.nii.gz,1,ofM,4009,JogB,1.6232357025146484,1.1259901523590088,1.8966543674468994,1.4475176334381104,Masked,4009_ofM_cbv
40,EPIlowcov,BOLD,/home/hendrik/.scratch/mlebe/l1/masked/sub-4009/ses-ofMaF/sub-4009_ses-ofMaF_task-JogB_acq-EPIlowcov_run-0_bold_pfstat.nii.gz,0,ofMaF,4009,JogB,1.5966953039169312,1.1144614219665527,1.5975109338760376,0.91506028175354,Masked,4009_ofMaF_bold
41,EPIlowcov,CBV,/home/hendrik/.scratch/mlebe/l1/masked/sub-4009/ses-ofMaF/sub-4009_ses-ofMaF_task-JogB_acq-EPIlowcov_run-1_cbv_pfstat.nii.gz,1,ofMaF,4009,JogB,1.5894817113876343,1.1151103973388672,1.8642282485961914,1.0692470073699951,Masked,4009_ofMaF_cbv
42,EPIlowcov,BOLD,/home/hendrik/.scratch/mlebe/l1/masked/sub-4009/ses-ofMcF1/sub-4009_ses-ofMcF1_task-JogB_acq-EPIlowcov_run-0_bold_pfstat.nii.gz,0,ofMcF1,4009,JogB,1.8286508321762085,1.2802854776382446,1.7233768701553345,1.4491525888442993,Masked,4009_ofMcF1_bold
43,EPIlowcov,CBV,/home/hendrik/.scratch/mlebe/l1/masked/sub-4009/ses-ofMcF1/sub-4009_ses-ofMcF1_task-JogB_acq-EPIlowcov_run-1_cbv_pfstat.nii.gz,1,ofMcF1,4009,JogB,1.5643341541290283,1.0727813243865967,1.0755258798599243,0.8113417029380798,Masked,4009_ofMcF1_cbv
44,EPIlowcov,BOLD,/home/hendrik/.scratch/mlebe/l1/masked/sub-4009/ses-ofMcF2/sub-4009_ses-ofMcF2_task-JogB_acq-EPIlowcov_run-0_bold_pfstat.nii.gz,0,ofMcF2,4009,JogB,7.928008079528809,7.418816089630127,7.006357192993164,6.17698860168457,Masked,4009_ofMcF2_bold
45,EPIlowcov,CBV,/home/hendrik/.scratch/mlebe/l1/masked/sub-4009/ses-ofMcF2/sub-4009_ses-ofMcF2_task-JogB_acq-EPIlowcov_run-1_cbv_pfstat.nii.gz,1,ofMcF2,4009,JogB,1.8234938383102417,1.2658742666244507,2.0747172832489014,1.460188627243042,Masked,4009_ofMcF2_cbv
46,EPIlowcov,BOLD,/home/hendrik/.scratch/mlebe/l1/masked/sub-4009/ses-ofMpF/sub-4009_ses-ofMpF_task-JogB_acq-EPIlowcov_run-0_bold_pfstat.nii.gz,0,ofMpF,4009,JogB,1.6813991069793701,1.1417196989059448,1.1125314235687256,0.6458442211151123,Masked,4009_ofMpF_bold
47,EPIlowcov,CBV,/home/hendrik/.scratch/mlebe/l1/masked/sub-4009/ses-ofMpF/sub-4009_ses-ofMpF_task-JogB_acq-EPIlowcov_run-1_cbv_pfstat.nii.gz,1,ofMpF,4009,JogB,1.6116535663604736,1.117159128189087,1.0566285848617554,0.6492843627929688,Masked,4009_ofMpF_cbv
48,EPIlowcov,BOLD,/home/hendrik/.scratch/mlebe/l1/masked/sub-4011/ses-ofM/sub-4011_ses-ofM_task-JogB_acq-EPIlowcov_run-0_bold_pfstat.nii.gz,0,ofM,4011,JogB,1.8478742837905884,1.2117928266525269,1.8788889646530151,1.3066611289978027,Masked,4011_ofM_bold
49,EPIlowcov,CBV,/home/hendrik/.scratch/mlebe/l1/masked/sub-4011/ses-ofM/sub-4011_ses-ofM_task-JogB_acq-EPIlowcov_run-1_cbv_pfstat.nii.gz,1,ofM,4011,JogB,3.4383599758148193,1.88523530960083,1.9337739944458008,1.6115074157714844,Masked,4011_ofM_cbv
50,EPIlowcov,BOLD,/home/hendrik/.scratch/mlebe/l1/masked/sub-4011/ses-ofMaF/sub-4011_ses-ofMaF_task-JogB_acq-EPIlowcov_run-0_bold_pfstat.nii.gz,0,ofMaF,4011,JogB,2.841796636581421,1.6244868040084839,3.3601622581481934,2.106743097305298,Masked,4011_ofMaF_bold
51,EPIlowcov,CBV,/home/hendrik/.scratch/mlebe/l1/masked/sub-4011/ses-ofMaF/sub-4011_ses-ofMaF_task-JogB_acq-EPIlowcov_run-1_cbv_pfstat.nii.gz,1,ofMaF,4011,JogB,6.296606063842773,3.6962780952453613,3.8145806789398193,2.2066054344177246,Masked,4011_ofMaF_cbv
52,EPIlowcov,BOLD,/home/hendrik/.scratch/mlebe/l1/masked/sub-4011/ses-ofMcF1/sub-4011_ses-ofMcF1_task-JogB_acq-EPIlowcov_run-0_bold_pfstat.nii.gz,0,ofMcF1,4011,JogB,3.4592437744140625,1.956670880317688,2.772169351577759,1.9484868049621582,Masked,4011_ofMcF1_bold
53,EPIlowcov,CBV,/home/hendrik/.scratch/mlebe/l1/masked/sub-4011/ses-ofMcF1/sub-4011_ses-ofMcF1_task-JogB_acq-EPIlowcov_run-1_cbv_pfstat.nii.gz,1,ofMcF1,4011,JogB,5.4007182121276855,3.0504262447357178,3.4638476371765137,2.229081869125366,Masked,4011_ofMcF1_cbv
54,EPIlowcov,BOLD,/home/hendrik/.scratch/mlebe/l1/masked/sub-4011/ses-ofMcF2/sub-4011_ses-ofMcF2_task-JogB_acq-EPIlowcov_run-0_bold_pfstat.nii.gz,0,ofMcF2,4011,JogB,3.000309944152832,1.7583601474761963,3.2190184593200684,2.4590744972229004,Masked,4011_ofMcF2_bold
55,EPIlowcov,CBV,/home/hendrik/.scratch/mlebe/l1/masked/sub-4011/ses-ofMcF2/sub-4011_ses-ofMcF2_task-JogB_acq-EPIlowcov_run-1_cbv_pfstat.nii.gz,1,ofMcF2,4011,JogB,2.156329870223999,1.3655853271484375,1.836852788925171,1.4210366010665894,Masked,4011_ofMcF2_cbv
56,EPIlowcov,BOLD,/home/hendrik/.scratch/mlebe/l1/masked/sub-4012/ses-ofM/sub-4012_ses-ofM_task-JogB_acq-EPIlowcov_run-0_bold_pfstat.nii.gz,0,ofM,4012,JogB,1.5869667530059814,1.0817632675170898,1.9547979831695557,1.4575474262237549,Masked,4012_ofM_bold
57,EPIlowcov,CBV,/home/hendrik/.scratch/mlebe/l1/masked/sub-4012/ses-ofM/sub-4012_ses-ofM_task-JogB_acq-EPIlowcov_run-1_cbv_pfstat.nii.gz,1,ofM,4012,JogB,2.1457180976867676,1.34039306640625,2.1954457759857178,1.743375301361084,Masked,4012_ofM_cbv
58,EPIlowcov,BOLD,/home/hendrik/.scratch/mlebe/l1/masked/sub-4012/ses-ofMaF/sub-4012_ses-ofMaF_task-JogB_acq-EPIlowcov_run-0_bold_pfstat.nii.gz,0,ofMaF,4012,JogB,2.9939892292022705,1.8202565908432007,2.6428325176239014,1.8701475858688354,Masked,4012_ofMaF_bold
59,EPIlowcov,CBV,/home/hendrik/.scratch/mlebe/l1/masked/sub-4012/ses-ofMaF/sub-4012_ses-ofMaF_task-JogB_acq-EPIlowcov_run-1_cbv_pfstat.nii.gz,1,ofMaF,4012,JogB,1.6070107221603394,1.1082262992858887,1.639878273010254,1.5594122409820557,Masked,4012_ofMaF_cbv
60,EPIlowcov,BOLD,/home/hendrik/.scratch/mlebe/l1/masked/sub-4012/ses-ofMcF1/sub-4012_ses-ofMcF1_task-JogB_acq-EPIlowcov_run-0_bold_pfstat.nii.gz,0,ofMcF1,4012,JogB,1.7296018600463867,1.1753010749816895,2.0425994396209717,1.1546975374221802,Masked,4012_ofMcF1_bold
61,EPIlowcov,CBV,/home/hendrik/.scratch/mlebe/l1/masked/sub-4012/ses-ofMcF1/sub-4012_ses-ofMcF1_task-JogB_acq-EPIlowcov_run-1_cbv_pfstat.nii.gz,1,ofMcF1,4012,JogB,2.2933449745178223,1.3991119861602783,1.2370566129684448,0.8817638158798218,Masked,4012_ofMcF1_cbv
62,EPIlowcov,BOLD,/home/hendrik/.scratch/mlebe/l1/masked/sub-4012/ses-ofMcF2/sub-4012_ses-ofMcF2_task-JogB_acq-EPIlowcov_run-0_bold_pfstat.nii.gz,0,ofMcF2,4012,JogB,7.2488579750061035,6.135560989379883,8.69739818572998,8.925851821899414,Masked,4012_ofMcF2_bold
63,EPIlowcov,CBV,/home/hendrik/.scratch/mlebe/l1/masked/sub-4012/ses-ofMcF2/sub-4012_ses-ofMcF2_task-JogB_acq-EPIlowcov_run-1_cbv_pfstat.nii.gz,1,ofMcF2,4012,JogB,3.186728000640869,1.9135020971298218,1.6444413661956787,0.6509220600128174,Masked,4012_ofMcF2_cbv
64,EPIlowcov,BOLD,/home/hendrik/.scratch/mlebe/l1/masked/sub-4012/ses-ofMpF/sub-4012_ses-ofMpF_task-JogB_acq-EPIlowcov_run-0_bold_pfstat.nii.gz,0,ofMpF,4012,JogB,1.5815935134887695,1.1054389476776123,2.390101194381714,1.773038625717163,Masked,4012_ofMpF_bold
65,EPIlowcov,CBV,/home/hendrik/.scratch/mlebe/l1/masked/sub-4012/ses-ofMpF/sub-4012_ses-ofMpF_task-JogB_acq-EPIlowcov_run-1_cbv_pfstat.nii.gz,1,ofMpF,4012,JogB,1.7586040496826172,1.1792346239089966,1.5716018676757812,1.2544898986816406,Masked,4012_ofMpF_cbv
66,EPIlowcov,BOLD,/home/hendrik/.scratch/mlebe/l1/masked/sub-4013/ses-ofM/sub-4013_ses-ofM_task-JogB_acq-EPIlowcov_run-0_bold_pfstat.nii.gz,0,ofM,4013,JogB,1.5532305240631104,1.0745165348052979,1.1520540714263916,1.0330898761749268,Masked,4013_ofM_bold
67,EPIlowcov,CBV,/home/hendrik/.scratch/mlebe/l1/masked/sub-4013/ses-ofM/sub-4013_ses-ofM_task-JogB_acq-EPIlowcov_run-1_cbv_pfstat.nii.gz,1,ofM,4013,JogB,1.598219633102417,1.109777808189392,1.4209471940994263,1.0036609172821045,Masked,4013_ofM_cbv
