,Acquisition,Contrast,Path,Run,Session,Subject,Task,Mean Significance,Median Significance,Processing,Template,Uid
0,EPIlowcov,BOLD,/home/chymera/ni_data/ofM.dr/l1/generic/sub-4001/ses-ofM/sub-4001_ses-ofM_task-JogB_acq-EPIlowcov_run-0_bold_pfstat.nii.gz,0,ofM,4001,JogB,4.722755561440678,3.2938413619995117,Generic,Generic,4001_ofM_bold
1,EPIlowcov,CBV,/home/chymera/ni_data/ofM.dr/l1/generic/sub-4001/ses-ofM/sub-4001_ses-ofM_task-JogB_acq-EPIlowcov_run-1_cbv_pfstat.nii.gz,1,ofM,4001,JogB,1.7717087309239274,1.4093749523162842,Generic,Generic,4001_ofM_cbv
2,EPIlowcov,BOLD,/home/chymera/ni_data/ofM.dr/l1/generic/sub-4001/ses-ofMaF/sub-4001_ses-ofMaF_task-JogB_acq-EPIlowcov_run-0_bold_pfstat.nii.gz,0,ofMaF,4001,JogB,2.985620789608713,2.0976991653442383,Generic,Generic,4001_ofMaF_bold
3,EPIlowcov,CBV,/home/chymera/ni_data/ofM.dr/l1/generic/sub-4001/ses-ofMaF/sub-4001_ses-ofMaF_task-JogB_acq-EPIlowcov_run-1_cbv_pfstat.nii.gz,1,ofMaF,4001,JogB,1.4124948533914856,0.7817648649215698,Generic,Generic,4001_ofMaF_cbv
4,EPIlowcov,BOLD,/home/chymera/ni_data/ofM.dr/l1/generic/sub-4001/ses-ofMcF1/sub-4001_ses-ofMcF1_task-JogB_acq-EPIlowcov_run-0_bold_pfstat.nii.gz,0,ofMcF1,4001,JogB,2.5403152724443854,1.9441323280334473,Generic,Generic,4001_ofMcF1_bold
5,EPIlowcov,CBV,/home/chymera/ni_data/ofM.dr/l1/generic/sub-4001/ses-ofMcF1/sub-4001_ses-ofMcF1_task-JogB_acq-EPIlowcov_run-1_cbv_pfstat.nii.gz,1,ofMcF1,4001,JogB,3.6756876282772777,2.913665294647217,Generic,Generic,4001_ofMcF1_cbv
6,EPIlowcov,BOLD,/home/chymera/ni_data/ofM.dr/l1/generic/sub-4001/ses-ofMcF2/sub-4001_ses-ofMcF2_task-JogB_acq-EPIlowcov_run-0_bold_pfstat.nii.gz,0,ofMcF2,4001,JogB,1.04830331317449,0.614579975605011,Generic,Generic,4001_ofMcF2_bold
7,EPIlowcov,CBV,/home/chymera/ni_data/ofM.dr/l1/generic/sub-4001/ses-ofMcF2/sub-4001_ses-ofMcF2_task-JogB_acq-EPIlowcov_run-1_cbv_pfstat.nii.gz,1,ofMcF2,4001,JogB,1.782951742915784,1.6459859609603882,Generic,Generic,4001_ofMcF2_cbv
8,EPIlowcov,BOLD,/home/chymera/ni_data/ofM.dr/l1/generic/sub-4002/ses-ofM/sub-4002_ses-ofM_task-JogB_acq-EPIlowcov_run-0_bold_pfstat.nii.gz,0,ofM,4002,JogB,1.895905058262712,1.6175531148910522,Generic,Generic,4002_ofM_bold
9,EPIlowcov,CBV,/home/chymera/ni_data/ofM.dr/l1/generic/sub-4002/ses-ofM/sub-4002_ses-ofM_task-JogB_acq-EPIlowcov_run-1_cbv_pfstat.nii.gz,1,ofM,4002,JogB,1.9254798242601299,1.2049551010131836,Generic,Generic,4002_ofM_cbv
10,EPIlowcov,BOLD,/home/chymera/ni_data/ofM.dr/l1/generic/sub-4004/ses-ofM/sub-4004_ses-ofM_task-JogB_acq-EPIlowcov_run-0_bold_pfstat.nii.gz,0,ofM,4004,JogB,2.722641767081568,1.7169331312179565,Generic,Generic,4004_ofM_bold
11,EPIlowcov,CBV,/home/chymera/ni_data/ofM.dr/l1/generic/sub-4004/ses-ofM/sub-4004_ses-ofM_task-JogB_acq-EPIlowcov_run-1_cbv_pfstat.nii.gz,1,ofM,4004,JogB,3.6604492704747087,3.0510005950927734,Generic,Generic,4004_ofM_cbv
12,EPIlowcov,BOLD,/home/chymera/ni_data/ofM.dr/l1/generic/sub-4005/ses-ofM/sub-4005_ses-ofM_task-JogB_acq-EPIlowcov_run-0_bold_pfstat.nii.gz,0,ofM,4005,JogB,2.6178268173993646,1.9521383047103882,Generic,Generic,4005_ofM_bold
13,EPIlowcov,CBV,/home/chymera/ni_data/ofM.dr/l1/generic/sub-4005/ses-ofM/sub-4005_ses-ofM_task-JogB_acq-EPIlowcov_run-1_cbv_pfstat.nii.gz,1,ofM,4005,JogB,3.656179532137784,2.3797292709350586,Generic,Generic,4005_ofM_cbv
14,EPIlowcov,BOLD,/home/chymera/ni_data/ofM.dr/l1/generic/sub-4005/ses-ofMaF/sub-4005_ses-ofMaF_task-JogB_acq-EPIlowcov_run-0_bold_pfstat.nii.gz,0,ofMaF,4005,JogB,1.7075170743263375,1.206141471862793,Generic,Generic,4005_ofMaF_bold
15,EPIlowcov,CBV,/home/chymera/ni_data/ofM.dr/l1/generic/sub-4005/ses-ofMaF/sub-4005_ses-ofMaF_task-JogB_acq-EPIlowcov_run-1_cbv_pfstat.nii.gz,1,ofMaF,4005,JogB,1.2845765453273967,1.0591425895690918,Generic,Generic,4005_ofMaF_cbv
16,EPIlowcov,BOLD,/home/chymera/ni_data/ofM.dr/l1/generic/sub-4006/ses-ofM/sub-4006_ses-ofM_task-JogB_acq-EPIlowcov_run-0_bold_pfstat.nii.gz,0,ofM,4006,JogB,1.1126625626175493,0.8075307607650757,Generic,Generic,4006_ofM_bold
17,EPIlowcov,CBV,/home/chymera/ni_data/ofM.dr/l1/generic/sub-4006/ses-ofM/sub-4006_ses-ofM_task-JogB_acq-EPIlowcov_run-1_cbv_pfstat.nii.gz,1,ofM,4006,JogB,1.4046652452001032,1.0354924201965332,Generic,Generic,4006_ofM_cbv
18,EPIlowcov,BOLD,/home/chymera/ni_data/ofM.dr/l1/generic/sub-4007/ses-ofM/sub-4007_ses-ofM_task-JogB_acq-EPIlowcov_run-0_bold_pfstat.nii.gz,0,ofM,4007,JogB,2.1247993081302967,1.2437790632247925,Generic,Generic,4007_ofM_bold
19,EPIlowcov,CBV,/home/chymera/ni_data/ofM.dr/l1/generic/sub-4007/ses-ofM/sub-4007_ses-ofM_task-JogB_acq-EPIlowcov_run-1_cbv_pfstat.nii.gz,1,ofM,4007,JogB,2.5473700054621293,2.0722920894622803,Generic,Generic,4007_ofM_cbv
20,EPIlowcov,BOLD,/home/chymera/ni_data/ofM.dr/l1/generic/sub-4007/ses-ofMaF/sub-4007_ses-ofMaF_task-JogB_acq-EPIlowcov_run-0_bold_pfstat.nii.gz,0,ofMaF,4007,JogB,3.3113796428098516,1.8319711685180664,Generic,Generic,4007_ofMaF_bold
21,EPIlowcov,CBV,/home/chymera/ni_data/ofM.dr/l1/generic/sub-4007/ses-ofMaF/sub-4007_ses-ofMaF_task-JogB_acq-EPIlowcov_run-1_cbv_pfstat.nii.gz,1,ofMaF,4007,JogB,1.7471838482355668,1.2336304187774658,Generic,Generic,4007_ofMaF_cbv
22,EPIlowcov,BOLD,/home/chymera/ni_data/ofM.dr/l1/generic/sub-4007/ses-ofMcF1/sub-4007_ses-ofMcF1_task-JogB_acq-EPIlowcov_run-0_bold_pfstat.nii.gz,0,ofMcF1,4007,JogB,1.7492874921378443,1.309336543083191,Generic,Generic,4007_ofMcF1_bold
23,EPIlowcov,CBV,/home/chymera/ni_data/ofM.dr/l1/generic/sub-4007/ses-ofMcF1/sub-4007_ses-ofMcF1_task-JogB_acq-EPIlowcov_run-1_cbv_pfstat.nii.gz,1,ofMcF1,4007,JogB,1.8396459029892744,1.1934120655059814,Generic,Generic,4007_ofMcF1_cbv
24,EPIlowcov,BOLD,/home/chymera/ni_data/ofM.dr/l1/generic/sub-4007/ses-ofMcF2/sub-4007_ses-ofMcF2_task-JogB_acq-EPIlowcov_run-0_bold_pfstat.nii.gz,0,ofMcF2,4007,JogB,2.529641102936308,1.8689234256744385,Generic,Generic,4007_ofMcF2_bold
25,EPIlowcov,CBV,/home/chymera/ni_data/ofM.dr/l1/generic/sub-4007/ses-ofMcF2/sub-4007_ses-ofMcF2_task-JogB_acq-EPIlowcov_run-1_cbv_pfstat.nii.gz,1,ofMcF2,4007,JogB,2.6827136540817,1.7859570980072021,Generic,Generic,4007_ofMcF2_cbv
26,EPIlowcov,BOLD,/home/chymera/ni_data/ofM.dr/l1/generic/sub-4007/ses-ofMpF/sub-4007_ses-ofMpF_task-JogB_acq-EPIlowcov_run-0_bold_pfstat.nii.gz,0,ofMpF,4007,JogB,2.3876084149894066,1.539097547531128,Generic,Generic,4007_ofMpF_bold
27,EPIlowcov,CBV,/home/chymera/ni_data/ofM.dr/l1/generic/sub-4007/ses-ofMpF/sub-4007_ses-ofMpF_task-JogB_acq-EPIlowcov_run-1_cbv_pfstat.nii.gz,1,ofMpF,4007,JogB,1.8871042283914856,1.1438071727752686,Generic,Generic,4007_ofMpF_cbv
28,EPIlowcov,BOLD,/home/chymera/ni_data/ofM.dr/l1/generic/sub-4008/ses-ofM/sub-4008_ses-ofM_task-JogB_acq-EPIlowcov_run-0_bold_pfstat.nii.gz,0,ofM,4008,JogB,1.3711943545583951,1.0873761177062988,Generic,Generic,4008_ofM_bold
29,EPIlowcov,CBV,/home/chymera/ni_data/ofM.dr/l1/generic/sub-4008/ses-ofM/sub-4008_ses-ofM_task-JogB_acq-EPIlowcov_run-1_cbv_pfstat.nii.gz,1,ofM,4008,JogB,1.7473253153138242,1.357088327407837,Generic,Generic,4008_ofM_cbv
30,EPIlowcov,BOLD,/home/chymera/ni_data/ofM.dr/l1/generic/sub-4008/ses-ofMaF/sub-4008_ses-ofMaF_task-JogB_acq-EPIlowcov_run-0_bold_pfstat.nii.gz,0,ofMaF,4008,JogB,1.9927497475834217,1.2517106533050537,Generic,Generic,4008_ofMaF_bold
31,EPIlowcov,CBV,/home/chymera/ni_data/ofM.dr/l1/generic/sub-4008/ses-ofMaF/sub-4008_ses-ofMaF_task-JogB_acq-EPIlowcov_run-1_cbv_pfstat.nii.gz,1,ofMaF,4008,JogB,2.4098831435381354,2.2020390033721924,Generic,Generic,4008_ofMaF_cbv
32,EPIlowcov,BOLD,/home/chymera/ni_data/ofM.dr/l1/generic/sub-4008/ses-ofMcF1/sub-4008_ses-ofMcF1_task-JogB_acq-EPIlowcov_run-0_bold_pfstat.nii.gz,0,ofMcF1,4008,JogB,1.2124280767925715,0.6883906126022339,Generic,Generic,4008_ofMcF1_bold
33,EPIlowcov,CBV,/home/chymera/ni_data/ofM.dr/l1/generic/sub-4008/ses-ofMcF1/sub-4008_ses-ofMcF1_task-JogB_acq-EPIlowcov_run-1_cbv_pfstat.nii.gz,1,ofMcF1,4008,JogB,0.8096398175772974,0.5471184253692627,Generic,Generic,4008_ofMcF1_cbv
34,EPIlowcov,BOLD,/home/chymera/ni_data/ofM.dr/l1/generic/sub-4008/ses-ofMcF2/sub-4008_ses-ofMcF2_task-JogB_acq-EPIlowcov_run-0_bold_pfstat.nii.gz,0,ofMcF2,4008,JogB,4.399406303793697,3.6106348037719727,Generic,Generic,4008_ofMcF2_bold
35,EPIlowcov,CBV,/home/chymera/ni_data/ofM.dr/l1/generic/sub-4008/ses-ofMcF2/sub-4008_ses-ofMcF2_task-JogB_acq-EPIlowcov_run-1_cbv_pfstat.nii.gz,1,ofMcF2,4008,JogB,5.444828873973782,3.7658934593200684,Generic,Generic,4008_ofMcF2_cbv
36,EPIlowcov,BOLD,/home/chymera/ni_data/ofM.dr/l1/generic/sub-4008/ses-ofMpF/sub-4008_ses-ofMpF_task-JogB_acq-EPIlowcov_run-0_bold_pfstat.nii.gz,0,ofMpF,4008,JogB,2.1618199752548994,1.408765196800232,Generic,Generic,4008_ofMpF_bold
37,EPIlowcov,CBV,/home/chymera/ni_data/ofM.dr/l1/generic/sub-4008/ses-ofMpF/sub-4008_ses-ofMpF_task-JogB_acq-EPIlowcov_run-1_cbv_pfstat.nii.gz,1,ofMpF,4008,JogB,1.5738813755875927,1.0605578422546387,Generic,Generic,4008_ofMpF_cbv
38,EPIlowcov,BOLD,/home/chymera/ni_data/ofM.dr/l1/generic/sub-4009/ses-ofM/sub-4009_ses-ofM_task-JogB_acq-EPIlowcov_run-0_bold_pfstat.nii.gz,0,ofM,4009,JogB,1.3804132493875794,1.3248558044433594,Generic,Generic,4009_ofM_bold
39,EPIlowcov,CBV,/home/chymera/ni_data/ofM.dr/l1/generic/sub-4009/ses-ofM/sub-4009_ses-ofM_task-JogB_acq-EPIlowcov_run-1_cbv_pfstat.nii.gz,1,ofM,4009,JogB,2.1685633255263506,1.5631195306777954,Generic,Generic,4009_ofM_cbv
40,EPIlowcov,BOLD,/home/chymera/ni_data/ofM.dr/l1/generic/sub-4009/ses-ofMaF/sub-4009_ses-ofMaF_task-JogB_acq-EPIlowcov_run-0_bold_pfstat.nii.gz,0,ofMaF,4009,JogB,1.7122628163483182,1.3397622108459473,Generic,Generic,4009_ofMaF_bold
41,EPIlowcov,CBV,/home/chymera/ni_data/ofM.dr/l1/generic/sub-4009/ses-ofMaF/sub-4009_ses-ofMaF_task-JogB_acq-EPIlowcov_run-1_cbv_pfstat.nii.gz,1,ofMaF,4009,JogB,2.0283050537109375,1.4241249561309814,Generic,Generic,4009_ofMaF_cbv
42,EPIlowcov,BOLD,/home/chymera/ni_data/ofM.dr/l1/generic/sub-4009/ses-ofMcF1/sub-4009_ses-ofMcF1_task-JogB_acq-EPIlowcov_run-0_bold_pfstat.nii.gz,0,ofMcF1,4009,JogB,2.0188521045749472,1.6960058212280273,Generic,Generic,4009_ofMcF1_bold
43,EPIlowcov,CBV,/home/chymera/ni_data/ofM.dr/l1/generic/sub-4009/ses-ofMcF1/sub-4009_ses-ofMcF1_task-JogB_acq-EPIlowcov_run-1_cbv_pfstat.nii.gz,1,ofMcF1,4009,JogB,1.4102024143025027,1.1954929828643799,Generic,Generic,4009_ofMcF1_cbv
44,EPIlowcov,BOLD,/home/chymera/ni_data/ofM.dr/l1/generic/sub-4009/ses-ofMcF2/sub-4009_ses-ofMcF2_task-JogB_acq-EPIlowcov_run-0_bold_pfstat.nii.gz,0,ofMcF2,4009,JogB,9.789406986559852,9.423282623291016,Generic,Generic,4009_ofMcF2_bold
45,EPIlowcov,CBV,/home/chymera/ni_data/ofM.dr/l1/generic/sub-4009/ses-ofMcF2/sub-4009_ses-ofMcF2_task-JogB_acq-EPIlowcov_run-1_cbv_pfstat.nii.gz,1,ofMcF2,4009,JogB,2.6651538913532837,2.2970383167266846,Generic,Generic,4009_ofMcF2_cbv
46,EPIlowcov,BOLD,/home/chymera/ni_data/ofM.dr/l1/generic/sub-4009/ses-ofMpF/sub-4009_ses-ofMpF_task-JogB_acq-EPIlowcov_run-0_bold_pfstat.nii.gz,0,ofMpF,4009,JogB,1.2716034711417505,0.9708633422851562,Generic,Generic,4009_ofMpF_bold
47,EPIlowcov,CBV,/home/chymera/ni_data/ofM.dr/l1/generic/sub-4009/ses-ofMpF/sub-4009_ses-ofMpF_task-JogB_acq-EPIlowcov_run-1_cbv_pfstat.nii.gz,1,ofMpF,4009,JogB,1.3199501684156514,0.8522771596908569,Generic,Generic,4009_ofMpF_cbv
48,EPIlowcov,BOLD,/home/chymera/ni_data/ofM.dr/l1/generic/sub-4011/ses-ofM/sub-4011_ses-ofM_task-JogB_acq-EPIlowcov_run-0_bold_pfstat.nii.gz,0,ofM,4011,JogB,2.95306396484375,1.8319168090820312,Generic,Generic,4011_ofM_bold
49,EPIlowcov,CBV,/home/chymera/ni_data/ofM.dr/l1/generic/sub-4011/ses-ofM/sub-4011_ses-ofM_task-JogB_acq-EPIlowcov_run-1_cbv_pfstat.nii.gz,1,ofM,4011,JogB,2.058526249255164,1.6179310083389282,Generic,Generic,4011_ofM_cbv
50,EPIlowcov,BOLD,/home/chymera/ni_data/ofM.dr/l1/generic/sub-4011/ses-ofMaF/sub-4011_ses-ofMaF_task-JogB_acq-EPIlowcov_run-0_bold_pfstat.nii.gz,0,ofMaF,4011,JogB,3.2150700456005032,2.4320878982543945,Generic,Generic,4011_ofMaF_bold
51,EPIlowcov,CBV,/home/chymera/ni_data/ofM.dr/l1/generic/sub-4011/ses-ofMaF/sub-4011_ses-ofMaF_task-JogB_acq-EPIlowcov_run-1_cbv_pfstat.nii.gz,1,ofMaF,4011,JogB,3.287826279462394,1.9282960891723633,Generic,Generic,4011_ofMaF_cbv
52,EPIlowcov,BOLD,/home/chymera/ni_data/ofM.dr/l1/generic/sub-4011/ses-ofMcF1/sub-4011_ses-ofMcF1_task-JogB_acq-EPIlowcov_run-0_bold_pfstat.nii.gz,0,ofMcF1,4011,JogB,2.43289598367982,1.8635936975479126,Generic,Generic,4011_ofMcF1_bold
53,EPIlowcov,CBV,/home/chymera/ni_data/ofM.dr/l1/generic/sub-4011/ses-ofMcF1/sub-4011_ses-ofMcF1_task-JogB_acq-EPIlowcov_run-1_cbv_pfstat.nii.gz,1,ofMcF1,4011,JogB,3.461584317482124,2.096238136291504,Generic,Generic,4011_ofMcF1_cbv
54,EPIlowcov,BOLD,/home/chymera/ni_data/ofM.dr/l1/generic/sub-4011/ses-ofMcF2/sub-4011_ses-ofMcF2_task-JogB_acq-EPIlowcov_run-0_bold_pfstat.nii.gz,0,ofMcF2,4011,JogB,2.8475326279462396,1.8904807567596436,Generic,Generic,4011_ofMcF2_bold
55,EPIlowcov,CBV,/home/chymera/ni_data/ofM.dr/l1/generic/sub-4011/ses-ofMcF2/sub-4011_ses-ofMcF2_task-JogB_acq-EPIlowcov_run-1_cbv_pfstat.nii.gz,1,ofMcF2,4011,JogB,2.101664914923199,1.585580587387085,Generic,Generic,4011_ofMcF2_cbv
56,EPIlowcov,BOLD,/home/chymera/ni_data/ofM.dr/l1/generic/sub-4012/ses-ofM/sub-4012_ses-ofM_task-JogB_acq-EPIlowcov_run-0_bold_pfstat.nii.gz,0,ofM,4012,JogB,1.8608363523321636,1.250918984413147,Generic,Generic,4012_ofM_bold
57,EPIlowcov,CBV,/home/chymera/ni_data/ofM.dr/l1/generic/sub-4012/ses-ofM/sub-4012_ses-ofM_task-JogB_acq-EPIlowcov_run-1_cbv_pfstat.nii.gz,1,ofM,4012,JogB,1.9830877013125663,1.850728988647461,Generic,Generic,4012_ofM_cbv
58,EPIlowcov,BOLD,/home/chymera/ni_data/ofM.dr/l1/generic/sub-4012/ses-ofMaF/sub-4012_ses-ofMaF_task-JogB_acq-EPIlowcov_run-0_bold_pfstat.nii.gz,0,ofMaF,4012,JogB,2.5471075025655456,1.4757282733917236,Generic,Generic,4012_ofMaF_bold
59,EPIlowcov,CBV,/home/chymera/ni_data/ofM.dr/l1/generic/sub-4012/ses-ofMaF/sub-4012_ses-ofMaF_task-JogB_acq-EPIlowcov_run-1_cbv_pfstat.nii.gz,1,ofMaF,4012,JogB,1.7824593236890889,1.61849045753479,Generic,Generic,4012_ofMaF_cbv
60,EPIlowcov,BOLD,/home/chymera/ni_data/ofM.dr/l1/generic/sub-4012/ses-ofMcF1/sub-4012_ses-ofMcF1_task-JogB_acq-EPIlowcov_run-0_bold_pfstat.nii.gz,0,ofMcF1,4012,JogB,1.7989287295583951,1.4059373140335083,Generic,Generic,4012_ofMcF1_bold
61,EPIlowcov,CBV,/home/chymera/ni_data/ofM.dr/l1/generic/sub-4012/ses-ofMcF1/sub-4012_ses-ofMcF1_task-JogB_acq-EPIlowcov_run-1_cbv_pfstat.nii.gz,1,ofMcF1,4012,JogB,1.5412576966366525,1.090437412261963,Generic,Generic,4012_ofMcF1_cbv
62,EPIlowcov,BOLD,/home/chymera/ni_data/ofM.dr/l1/generic/sub-4012/ses-ofMcF2/sub-4012_ses-ofMcF2_task-JogB_acq-EPIlowcov_run-0_bold_pfstat.nii.gz,0,ofMcF2,4012,JogB,6.815724001092426,6.074155807495117,Generic,Generic,4012_ofMcF2_bold
63,EPIlowcov,CBV,/home/chymera/ni_data/ofM.dr/l1/generic/sub-4012/ses-ofMcF2/sub-4012_ses-ofMcF2_task-JogB_acq-EPIlowcov_run-1_cbv_pfstat.nii.gz,1,ofMcF2,4012,JogB,1.3988553063344147,0.7186108827590942,Generic,Generic,4012_ofMcF2_cbv
64,EPIlowcov,BOLD,/home/chymera/ni_data/ofM.dr/l1/generic/sub-4012/ses-ofMpF/sub-4012_ses-ofMpF_task-JogB_acq-EPIlowcov_run-0_bold_pfstat.nii.gz,0,ofMpF,4012,JogB,1.3138788514218087,0.8966268301010132,Generic,Generic,4012_ofMpF_bold
65,EPIlowcov,CBV,/home/chymera/ni_data/ofM.dr/l1/generic/sub-4012/ses-ofMpF/sub-4012_ses-ofMpF_task-JogB_acq-EPIlowcov_run-1_cbv_pfstat.nii.gz,1,ofMpF,4012,JogB,1.8880654027906514,1.2090067863464355,Generic,Generic,4012_ofMpF_cbv
66,EPIlowcov,BOLD,/home/chymera/ni_data/ofM.dr/l1/generic/sub-4013/ses-ofM/sub-4013_ses-ofM_task-JogB_acq-EPIlowcov_run-0_bold_pfstat.nii.gz,0,ofM,4013,JogB,1.154075493246822,0.7547290325164795,Generic,Generic,4013_ofM_bold
67,EPIlowcov,CBV,/home/chymera/ni_data/ofM.dr/l1/generic/sub-4013/ses-ofM/sub-4013_ses-ofM_task-JogB_acq-EPIlowcov_run-1_cbv_pfstat.nii.gz,1,ofM,4013,JogB,1.231353242518538,0.767102837562561,Generic,Generic,4013_ofM_cbv
0,EPIlowcov,BOLD,/home/chymera/ni_data/ofM.dr/l1/generic_ambmc/sub-4001/ses-ofM/sub-4001_ses-ofM_task-JogB_acq-EPIlowcov_run-0_bold_pfstat.nii.gz,0,ofM,4001,JogB,3.7756675720214843,2.358454704284668,Generic,Legacy,4001_ofM_bold
1,EPIlowcov,CBV,/home/chymera/ni_data/ofM.dr/l1/generic_ambmc/sub-4001/ses-ofM/sub-4001_ses-ofM_task-JogB_acq-EPIlowcov_run-1_cbv_pfstat.nii.gz,1,ofM,4001,JogB,1.986642074584961,1.4008573293685913,Generic,Legacy,4001_ofM_cbv
2,EPIlowcov,BOLD,/home/chymera/ni_data/ofM.dr/l1/generic_ambmc/sub-4001/ses-ofMaF/sub-4001_ses-ofMaF_task-JogB_acq-EPIlowcov_run-0_bold_pfstat.nii.gz,0,ofMaF,4001,JogB,3.9199974060058596,2.6692910194396973,Generic,Legacy,4001_ofMaF_bold
3,EPIlowcov,CBV,/home/chymera/ni_data/ofM.dr/l1/generic_ambmc/sub-4001/ses-ofMaF/sub-4001_ses-ofMaF_task-JogB_acq-EPIlowcov_run-1_cbv_pfstat.nii.gz,1,ofMaF,4001,JogB,1.6128870010375977,1.1777642965316772,Generic,Legacy,4001_ofMaF_cbv
4,EPIlowcov,BOLD,/home/chymera/ni_data/ofM.dr/l1/generic_ambmc/sub-4001/ses-ofMcF1/sub-4001_ses-ofMcF1_task-JogB_acq-EPIlowcov_run-0_bold_pfstat.nii.gz,0,ofMcF1,4001,JogB,5.836760711669922,4.974549293518066,Generic,Legacy,4001_ofMcF1_bold
5,EPIlowcov,CBV,/home/chymera/ni_data/ofM.dr/l1/generic_ambmc/sub-4001/ses-ofMcF1/sub-4001_ses-ofMcF1_task-JogB_acq-EPIlowcov_run-1_cbv_pfstat.nii.gz,1,ofMcF1,4001,JogB,4.009281158447266,2.7887816429138184,Generic,Legacy,4001_ofMcF1_cbv
6,EPIlowcov,BOLD,/home/chymera/ni_data/ofM.dr/l1/generic_ambmc/sub-4001/ses-ofMcF2/sub-4001_ses-ofMcF2_task-JogB_acq-EPIlowcov_run-0_bold_pfstat.nii.gz,0,ofMcF2,4001,JogB,3.4603221893310545,2.1378016471862793,Generic,Legacy,4001_ofMcF2_bold
7,EPIlowcov,CBV,/home/chymera/ni_data/ofM.dr/l1/generic_ambmc/sub-4001/ses-ofMcF2/sub-4001_ses-ofMcF2_task-JogB_acq-EPIlowcov_run-1_cbv_pfstat.nii.gz,1,ofMcF2,4001,JogB,2.253091049194336,1.834130048751831,Generic,Legacy,4001_ofMcF2_cbv
8,EPIlowcov,BOLD,/home/chymera/ni_data/ofM.dr/l1/generic_ambmc/sub-4002/ses-ofM/sub-4002_ses-ofM_task-JogB_acq-EPIlowcov_run-0_bold_pfstat.nii.gz,0,ofM,4002,JogB,2.721100425720215,2.1699767112731934,Generic,Legacy,4002_ofM_bold
9,EPIlowcov,CBV,/home/chymera/ni_data/ofM.dr/l1/generic_ambmc/sub-4002/ses-ofM/sub-4002_ses-ofM_task-JogB_acq-EPIlowcov_run-1_cbv_pfstat.nii.gz,1,ofM,4002,JogB,2.324978828430176,1.788199782371521,Generic,Legacy,4002_ofM_cbv
10,EPIlowcov,BOLD,/home/chymera/ni_data/ofM.dr/l1/generic_ambmc/sub-4004/ses-ofM/sub-4004_ses-ofM_task-JogB_acq-EPIlowcov_run-0_bold_pfstat.nii.gz,0,ofM,4004,JogB,1.5647438049316407,1.110741376876831,Generic,Legacy,4004_ofM_bold
11,EPIlowcov,CBV,/home/chymera/ni_data/ofM.dr/l1/generic_ambmc/sub-4004/ses-ofM/sub-4004_ses-ofM_task-JogB_acq-EPIlowcov_run-1_cbv_pfstat.nii.gz,1,ofM,4004,JogB,2.1590747833251953,1.8322374820709229,Generic,Legacy,4004_ofM_cbv
12,EPIlowcov,BOLD,/home/chymera/ni_data/ofM.dr/l1/generic_ambmc/sub-4005/ses-ofM/sub-4005_ses-ofM_task-JogB_acq-EPIlowcov_run-0_bold_pfstat.nii.gz,0,ofM,4005,JogB,4.073294830322266,3.2582783699035645,Generic,Legacy,4005_ofM_bold
13,EPIlowcov,CBV,/home/chymera/ni_data/ofM.dr/l1/generic_ambmc/sub-4005/ses-ofM/sub-4005_ses-ofM_task-JogB_acq-EPIlowcov_run-1_cbv_pfstat.nii.gz,1,ofM,4005,JogB,1.9847414016723632,1.4744024276733398,Generic,Legacy,4005_ofM_cbv
14,EPIlowcov,BOLD,/home/chymera/ni_data/ofM.dr/l1/generic_ambmc/sub-4005/ses-ofMaF/sub-4005_ses-ofMaF_task-JogB_acq-EPIlowcov_run-0_bold_pfstat.nii.gz,0,ofMaF,4005,JogB,2.1966428756713867,1.6649715900421143,Generic,Legacy,4005_ofMaF_bold
15,EPIlowcov,CBV,/home/chymera/ni_data/ofM.dr/l1/generic_ambmc/sub-4005/ses-ofMaF/sub-4005_ses-ofMaF_task-JogB_acq-EPIlowcov_run-1_cbv_pfstat.nii.gz,1,ofMaF,4005,JogB,1.3358108520507812,1.1699650287628174,Generic,Legacy,4005_ofMaF_cbv
16,EPIlowcov,BOLD,/home/chymera/ni_data/ofM.dr/l1/generic_ambmc/sub-4006/ses-ofM/sub-4006_ses-ofM_task-JogB_acq-EPIlowcov_run-0_bold_pfstat.nii.gz,0,ofM,4006,JogB,1.9300670623779297,1.1709007024765015,Generic,Legacy,4006_ofM_bold
17,EPIlowcov,CBV,/home/chymera/ni_data/ofM.dr/l1/generic_ambmc/sub-4006/ses-ofM/sub-4006_ses-ofM_task-JogB_acq-EPIlowcov_run-1_cbv_pfstat.nii.gz,1,ofM,4006,JogB,1.7870855086889021,1.526989221572876,Generic,Legacy,4006_ofM_cbv
18,EPIlowcov,BOLD,/home/chymera/ni_data/ofM.dr/l1/generic_ambmc/sub-4007/ses-ofM/sub-4007_ses-ofM_task-JogB_acq-EPIlowcov_run-0_bold_pfstat.nii.gz,0,ofM,4007,JogB,1.875768280029297,1.4701288938522339,Generic,Legacy,4007_ofM_bold
19,EPIlowcov,CBV,/home/chymera/ni_data/ofM.dr/l1/generic_ambmc/sub-4007/ses-ofM/sub-4007_ses-ofM_task-JogB_acq-EPIlowcov_run-1_cbv_pfstat.nii.gz,1,ofM,4007,JogB,2.202302932739258,1.8215609788894653,Generic,Legacy,4007_ofM_cbv
20,EPIlowcov,BOLD,/home/chymera/ni_data/ofM.dr/l1/generic_ambmc/sub-4007/ses-ofMaF/sub-4007_ses-ofMaF_task-JogB_acq-EPIlowcov_run-0_bold_pfstat.nii.gz,0,ofMaF,4007,JogB,2.322722053527832,1.6443650722503662,Generic,Legacy,4007_ofMaF_bold
21,EPIlowcov,CBV,/home/chymera/ni_data/ofM.dr/l1/generic_ambmc/sub-4007/ses-ofMaF/sub-4007_ses-ofMaF_task-JogB_acq-EPIlowcov_run-1_cbv_pfstat.nii.gz,1,ofMaF,4007,JogB,1.8251728057861327,1.0077348947525024,Generic,Legacy,4007_ofMaF_cbv
22,EPIlowcov,BOLD,/home/chymera/ni_data/ofM.dr/l1/generic_ambmc/sub-4007/ses-ofMcF1/sub-4007_ses-ofMcF1_task-JogB_acq-EPIlowcov_run-0_bold_pfstat.nii.gz,0,ofMcF1,4007,JogB,1.9899394989013672,1.5226709842681885,Generic,Legacy,4007_ofMcF1_bold
23,EPIlowcov,CBV,/home/chymera/ni_data/ofM.dr/l1/generic_ambmc/sub-4007/ses-ofMcF1/sub-4007_ses-ofMcF1_task-JogB_acq-EPIlowcov_run-1_cbv_pfstat.nii.gz,1,ofMcF1,4007,JogB,2.3199783325195313,1.3942785263061523,Generic,Legacy,4007_ofMcF1_cbv
24,EPIlowcov,BOLD,/home/chymera/ni_data/ofM.dr/l1/generic_ambmc/sub-4007/ses-ofMcF2/sub-4007_ses-ofMcF2_task-JogB_acq-EPIlowcov_run-0_bold_pfstat.nii.gz,0,ofMcF2,4007,JogB,2.0993721008300783,1.5742437839508057,Generic,Legacy,4007_ofMcF2_bold
25,EPIlowcov,CBV,/home/chymera/ni_data/ofM.dr/l1/generic_ambmc/sub-4007/ses-ofMcF2/sub-4007_ses-ofMcF2_task-JogB_acq-EPIlowcov_run-1_cbv_pfstat.nii.gz,1,ofMcF2,4007,JogB,3.085849380493164,2.364696979522705,Generic,Legacy,4007_ofMcF2_cbv
26,EPIlowcov,BOLD,/home/chymera/ni_data/ofM.dr/l1/generic_ambmc/sub-4007/ses-ofMpF/sub-4007_ses-ofMpF_task-JogB_acq-EPIlowcov_run-0_bold_pfstat.nii.gz,0,ofMpF,4007,JogB,1.9130378723144532,1.2597813606262207,Generic,Legacy,4007_ofMpF_bold
27,EPIlowcov,CBV,/home/chymera/ni_data/ofM.dr/l1/generic_ambmc/sub-4007/ses-ofMpF/sub-4007_ses-ofMpF_task-JogB_acq-EPIlowcov_run-1_cbv_pfstat.nii.gz,1,ofMpF,4007,JogB,1.7954626083374023,1.3603925704956055,Generic,Legacy,4007_ofMpF_cbv
28,EPIlowcov,BOLD,/home/chymera/ni_data/ofM.dr/l1/generic_ambmc/sub-4008/ses-ofM/sub-4008_ses-ofM_task-JogB_acq-EPIlowcov_run-0_bold_pfstat.nii.gz,0,ofM,4008,JogB,1.836648178100586,1.4408224821090698,Generic,Legacy,4008_ofM_bold
29,EPIlowcov,CBV,/home/chymera/ni_data/ofM.dr/l1/generic_ambmc/sub-4008/ses-ofM/sub-4008_ses-ofM_task-JogB_acq-EPIlowcov_run-1_cbv_pfstat.nii.gz,1,ofM,4008,JogB,2.280529022216797,1.192111611366272,Generic,Legacy,4008_ofM_cbv
30,EPIlowcov,BOLD,/home/chymera/ni_data/ofM.dr/l1/generic_ambmc/sub-4008/ses-ofMaF/sub-4008_ses-ofMaF_task-JogB_acq-EPIlowcov_run-0_bold_pfstat.nii.gz,0,ofMaF,4008,JogB,2.3374469757080076,1.6503188610076904,Generic,Legacy,4008_ofMaF_bold
31,EPIlowcov,CBV,/home/chymera/ni_data/ofM.dr/l1/generic_ambmc/sub-4008/ses-ofMaF/sub-4008_ses-ofMaF_task-JogB_acq-EPIlowcov_run-1_cbv_pfstat.nii.gz,1,ofMaF,4008,JogB,2.6693803787231447,2.215517997741699,Generic,Legacy,4008_ofMaF_cbv
32,EPIlowcov,BOLD,/home/chymera/ni_data/ofM.dr/l1/generic_ambmc/sub-4008/ses-ofMcF1/sub-4008_ses-ofMcF1_task-JogB_acq-EPIlowcov_run-0_bold_pfstat.nii.gz,0,ofMcF1,4008,JogB,1.8978818893432616,1.5025439262390137,Generic,Legacy,4008_ofMcF1_bold
33,EPIlowcov,CBV,/home/chymera/ni_data/ofM.dr/l1/generic_ambmc/sub-4008/ses-ofMcF1/sub-4008_ses-ofMcF1_task-JogB_acq-EPIlowcov_run-1_cbv_pfstat.nii.gz,1,ofMcF1,4008,JogB,0.8981555938720703,0.7205756902694702,Generic,Legacy,4008_ofMcF1_cbv
34,EPIlowcov,BOLD,/home/chymera/ni_data/ofM.dr/l1/generic_ambmc/sub-4008/ses-ofMcF2/sub-4008_ses-ofMcF2_task-JogB_acq-EPIlowcov_run-0_bold_pfstat.nii.gz,0,ofMcF2,4008,JogB,5.308316421508789,4.105283260345459,Generic,Legacy,4008_ofMcF2_bold
35,EPIlowcov,CBV,/home/chymera/ni_data/ofM.dr/l1/generic_ambmc/sub-4008/ses-ofMcF2/sub-4008_ses-ofMcF2_task-JogB_acq-EPIlowcov_run-1_cbv_pfstat.nii.gz,1,ofMcF2,4008,JogB,2.331334686279297,1.6955125331878662,Generic,Legacy,4008_ofMcF2_cbv
36,EPIlowcov,BOLD,/home/chymera/ni_data/ofM.dr/l1/generic_ambmc/sub-4008/ses-ofMpF/sub-4008_ses-ofMpF_task-JogB_acq-EPIlowcov_run-0_bold_pfstat.nii.gz,0,ofMpF,4008,JogB,1.7566543579101563,0.9862028360366821,Generic,Legacy,4008_ofMpF_bold
37,EPIlowcov,CBV,/home/chymera/ni_data/ofM.dr/l1/generic_ambmc/sub-4008/ses-ofMpF/sub-4008_ses-ofMpF_task-JogB_acq-EPIlowcov_run-1_cbv_pfstat.nii.gz,1,ofMpF,4008,JogB,1.5748174667358399,1.1908864974975586,Generic,Legacy,4008_ofMpF_cbv
38,EPIlowcov,BOLD,/home/chymera/ni_data/ofM.dr/l1/generic_ambmc/sub-4009/ses-ofM/sub-4009_ses-ofM_task-JogB_acq-EPIlowcov_run-0_bold_pfstat.nii.gz,0,ofM,4009,JogB,1.7418636322021483,1.3748610019683838,Generic,Legacy,4009_ofM_bold
39,EPIlowcov,CBV,/home/chymera/ni_data/ofM.dr/l1/generic_ambmc/sub-4009/ses-ofM/sub-4009_ses-ofM_task-JogB_acq-EPIlowcov_run-1_cbv_pfstat.nii.gz,1,ofM,4009,JogB,1.4702585220336915,0.8214962482452393,Generic,Legacy,4009_ofM_cbv
40,EPIlowcov,BOLD,/home/chymera/ni_data/ofM.dr/l1/generic_ambmc/sub-4009/ses-ofMaF/sub-4009_ses-ofMaF_task-JogB_acq-EPIlowcov_run-0_bold_pfstat.nii.gz,0,ofMaF,4009,JogB,2.019809913635254,1.3575663566589355,Generic,Legacy,4009_ofMaF_bold
41,EPIlowcov,CBV,/home/chymera/ni_data/ofM.dr/l1/generic_ambmc/sub-4009/ses-ofMaF/sub-4009_ses-ofMaF_task-JogB_acq-EPIlowcov_run-1_cbv_pfstat.nii.gz,1,ofMaF,4009,JogB,1.8709190368652344,1.2526614665985107,Generic,Legacy,4009_ofMaF_cbv
42,EPIlowcov,BOLD,/home/chymera/ni_data/ofM.dr/l1/generic_ambmc/sub-4009/ses-ofMcF1/sub-4009_ses-ofMcF1_task-JogB_acq-EPIlowcov_run-0_bold_pfstat.nii.gz,0,ofMcF1,4009,JogB,2.2585159301757813,1.8497424125671387,Generic,Legacy,4009_ofMcF1_bold
43,EPIlowcov,CBV,/home/chymera/ni_data/ofM.dr/l1/generic_ambmc/sub-4009/ses-ofMcF1/sub-4009_ses-ofMcF1_task-JogB_acq-EPIlowcov_run-1_cbv_pfstat.nii.gz,1,ofMcF1,4009,JogB,1.558527660369873,1.1716885566711426,Generic,Legacy,4009_ofMcF1_cbv
44,EPIlowcov,BOLD,/home/chymera/ni_data/ofM.dr/l1/generic_ambmc/sub-4009/ses-ofMcF2/sub-4009_ses-ofMcF2_task-JogB_acq-EPIlowcov_run-0_bold_pfstat.nii.gz,0,ofMcF2,4009,JogB,9.557109832763672,10.741416931152344,Generic,Legacy,4009_ofMcF2_bold
45,EPIlowcov,CBV,/home/chymera/ni_data/ofM.dr/l1/generic_ambmc/sub-4009/ses-ofMcF2/sub-4009_ses-ofMcF2_task-JogB_acq-EPIlowcov_run-1_cbv_pfstat.nii.gz,1,ofMcF2,4009,JogB,1.9885734558105468,1.6938979625701904,Generic,Legacy,4009_ofMcF2_cbv
46,EPIlowcov,BOLD,/home/chymera/ni_data/ofM.dr/l1/generic_ambmc/sub-4009/ses-ofMpF/sub-4009_ses-ofMpF_task-JogB_acq-EPIlowcov_run-0_bold_pfstat.nii.gz,0,ofMpF,4009,JogB,1.492032241821289,1.1808791160583496,Generic,Legacy,4009_ofMpF_bold
47,EPIlowcov,CBV,/home/chymera/ni_data/ofM.dr/l1/generic_ambmc/sub-4009/ses-ofMpF/sub-4009_ses-ofMpF_task-JogB_acq-EPIlowcov_run-1_cbv_pfstat.nii.gz,1,ofMpF,4009,JogB,1.4171623229980468,0.8462185859680176,Generic,Legacy,4009_ofMpF_cbv
48,EPIlowcov,BOLD,/home/chymera/ni_data/ofM.dr/l1/generic_ambmc/sub-4011/ses-ofM/sub-4011_ses-ofM_task-JogB_acq-EPIlowcov_run-0_bold_pfstat.nii.gz,0,ofM,4011,JogB,2.908845901489258,1.4034429788589478,Generic,Legacy,4011_ofM_bold
49,EPIlowcov,CBV,/home/chymera/ni_data/ofM.dr/l1/generic_ambmc/sub-4011/ses-ofM/sub-4011_ses-ofM_task-JogB_acq-EPIlowcov_run-1_cbv_pfstat.nii.gz,1,ofM,4011,JogB,2.418136787414551,1.8871269226074219,Generic,Legacy,4011_ofM_cbv
50,EPIlowcov,BOLD,/home/chymera/ni_data/ofM.dr/l1/generic_ambmc/sub-4011/ses-ofMaF/sub-4011_ses-ofMaF_task-JogB_acq-EPIlowcov_run-0_bold_pfstat.nii.gz,0,ofMaF,4011,JogB,3.3771652221679687,2.2369420528411865,Generic,Legacy,4011_ofMaF_bold
51,EPIlowcov,CBV,/home/chymera/ni_data/ofM.dr/l1/generic_ambmc/sub-4011/ses-ofMaF/sub-4011_ses-ofMaF_task-JogB_acq-EPIlowcov_run-1_cbv_pfstat.nii.gz,1,ofMaF,4011,JogB,4.257933807373047,2.898402214050293,Generic,Legacy,4011_ofMaF_cbv
52,EPIlowcov,BOLD,/home/chymera/ni_data/ofM.dr/l1/generic_ambmc/sub-4011/ses-ofMcF1/sub-4011_ses-ofMcF1_task-JogB_acq-EPIlowcov_run-0_bold_pfstat.nii.gz,0,ofMcF1,4011,JogB,4.568157577514649,3.7922096252441406,Generic,Legacy,4011_ofMcF1_bold
53,EPIlowcov,CBV,/home/chymera/ni_data/ofM.dr/l1/generic_ambmc/sub-4011/ses-ofMcF1/sub-4011_ses-ofMcF1_task-JogB_acq-EPIlowcov_run-1_cbv_pfstat.nii.gz,1,ofMcF1,4011,JogB,2.4477895736694335,1.584344506263733,Generic,Legacy,4011_ofMcF1_cbv
54,EPIlowcov,BOLD,/home/chymera/ni_data/ofM.dr/l1/generic_ambmc/sub-4011/ses-ofMcF2/sub-4011_ses-ofMcF2_task-JogB_acq-EPIlowcov_run-0_bold_pfstat.nii.gz,0,ofMcF2,4011,JogB,2.791900062561035,2.049406051635742,Generic,Legacy,4011_ofMcF2_bold
55,EPIlowcov,CBV,/home/chymera/ni_data/ofM.dr/l1/generic_ambmc/sub-4011/ses-ofMcF2/sub-4011_ses-ofMcF2_task-JogB_acq-EPIlowcov_run-1_cbv_pfstat.nii.gz,1,ofMcF2,4011,JogB,2.0476945877075194,1.6344856023788452,Generic,Legacy,4011_ofMcF2_cbv
56,EPIlowcov,BOLD,/home/chymera/ni_data/ofM.dr/l1/generic_ambmc/sub-4012/ses-ofM/sub-4012_ses-ofM_task-JogB_acq-EPIlowcov_run-0_bold_pfstat.nii.gz,0,ofM,4012,JogB,1.2727673530578614,1.0456695556640625,Generic,Legacy,4012_ofM_bold
57,EPIlowcov,CBV,/home/chymera/ni_data/ofM.dr/l1/generic_ambmc/sub-4012/ses-ofM/sub-4012_ses-ofM_task-JogB_acq-EPIlowcov_run-1_cbv_pfstat.nii.gz,1,ofM,4012,JogB,1.076374626159668,0.7152959108352661,Generic,Legacy,4012_ofM_cbv
58,EPIlowcov,BOLD,/home/chymera/ni_data/ofM.dr/l1/generic_ambmc/sub-4012/ses-ofMaF/sub-4012_ses-ofMaF_task-JogB_acq-EPIlowcov_run-0_bold_pfstat.nii.gz,0,ofMaF,4012,JogB,2.7916908264160156,1.8640398979187012,Generic,Legacy,4012_ofMaF_bold
59,EPIlowcov,CBV,/home/chymera/ni_data/ofM.dr/l1/generic_ambmc/sub-4012/ses-ofMaF/sub-4012_ses-ofMaF_task-JogB_acq-EPIlowcov_run-1_cbv_pfstat.nii.gz,1,ofMaF,4012,JogB,1.4337721824645997,0.955251932144165,Generic,Legacy,4012_ofMaF_cbv
60,EPIlowcov,BOLD,/home/chymera/ni_data/ofM.dr/l1/generic_ambmc/sub-4012/ses-ofMcF1/sub-4012_ses-ofMcF1_task-JogB_acq-EPIlowcov_run-0_bold_pfstat.nii.gz,0,ofMcF1,4012,JogB,2.434207534790039,1.86090087890625,Generic,Legacy,4012_ofMcF1_bold
61,EPIlowcov,CBV,/home/chymera/ni_data/ofM.dr/l1/generic_ambmc/sub-4012/ses-ofMcF1/sub-4012_ses-ofMcF1_task-JogB_acq-EPIlowcov_run-1_cbv_pfstat.nii.gz,1,ofMcF1,4012,JogB,1.4386112213134765,0.8853784799575806,Generic,Legacy,4012_ofMcF1_cbv
62,EPIlowcov,BOLD,/home/chymera/ni_data/ofM.dr/l1/generic_ambmc/sub-4012/ses-ofMcF2/sub-4012_ses-ofMcF2_task-JogB_acq-EPIlowcov_run-0_bold_pfstat.nii.gz,0,ofMcF2,4012,JogB,13.265896606445313,14.858027458190918,Generic,Legacy,4012_ofMcF2_bold
63,EPIlowcov,CBV,/home/chymera/ni_data/ofM.dr/l1/generic_ambmc/sub-4012/ses-ofMcF2/sub-4012_ses-ofMcF2_task-JogB_acq-EPIlowcov_run-1_cbv_pfstat.nii.gz,1,ofMcF2,4012,JogB,1.8305194854736329,0.9181812405586243,Generic,Legacy,4012_ofMcF2_cbv
64,EPIlowcov,BOLD,/home/chymera/ni_data/ofM.dr/l1/generic_ambmc/sub-4012/ses-ofMpF/sub-4012_ses-ofMpF_task-JogB_acq-EPIlowcov_run-0_bold_pfstat.nii.gz,0,ofMpF,4012,JogB,1.2053905487060548,0.5813648104667664,Generic,Legacy,4012_ofMpF_bold
65,EPIlowcov,CBV,/home/chymera/ni_data/ofM.dr/l1/generic_ambmc/sub-4012/ses-ofMpF/sub-4012_ses-ofMpF_task-JogB_acq-EPIlowcov_run-1_cbv_pfstat.nii.gz,1,ofMpF,4012,JogB,2.9822425842285156,2.4810590744018555,Generic,Legacy,4012_ofMpF_cbv
66,EPIlowcov,BOLD,/home/chymera/ni_data/ofM.dr/l1/generic_ambmc/sub-4013/ses-ofM/sub-4013_ses-ofM_task-JogB_acq-EPIlowcov_run-0_bold_pfstat.nii.gz,0,ofM,4013,JogB,1.1670669555664062,0.8320809006690979,Generic,Legacy,4013_ofM_bold
67,EPIlowcov,CBV,/home/chymera/ni_data/ofM.dr/l1/generic_ambmc/sub-4013/ses-ofM/sub-4013_ses-ofM_task-JogB_acq-EPIlowcov_run-1_cbv_pfstat.nii.gz,1,ofM,4013,JogB,1.2943236351013183,0.8589621782302856,Generic,Legacy,4013_ofM_cbv
0,EPIlowcov,BOLD,/home/chymera/ni_data/ofM.dr/l1/legacy/sub-4001/ses-ofM/sub-4001_ses-ofM_task-JogB_acq-EPIlowcov_run-0_bold_pfstat.nii.gz,0,ofM,4001,JogB,3.018866539001465,1.5420241355895996,Legacy,Legacy,4001_ofM_bold
1,EPIlowcov,CBV,/home/chymera/ni_data/ofM.dr/l1/legacy/sub-4001/ses-ofM/sub-4001_ses-ofM_task-JogB_acq-EPIlowcov_run-1_cbv_pfstat.nii.gz,1,ofM,4001,JogB,1.1348743438720703,0.8471451997756958,Legacy,Legacy,4001_ofM_cbv
2,EPIlowcov,BOLD,/home/chymera/ni_data/ofM.dr/l1/legacy/sub-4001/ses-ofMaF/sub-4001_ses-ofMaF_task-JogB_acq-EPIlowcov_run-0_bold_pfstat.nii.gz,0,ofMaF,4001,JogB,2.770868492126465,1.6523098945617676,Legacy,Legacy,4001_ofMaF_bold
3,EPIlowcov,CBV,/home/chymera/ni_data/ofM.dr/l1/legacy/sub-4001/ses-ofMaF/sub-4001_ses-ofMaF_task-JogB_acq-EPIlowcov_run-1_cbv_pfstat.nii.gz,1,ofMaF,4001,JogB,1.7267898559570312,1.1824605464935303,Legacy,Legacy,4001_ofMaF_cbv
4,EPIlowcov,BOLD,/home/chymera/ni_data/ofM.dr/l1/legacy/sub-4001/ses-ofMcF1/sub-4001_ses-ofMcF1_task-JogB_acq-EPIlowcov_run-0_bold_pfstat.nii.gz,0,ofMcF1,4001,JogB,3.8226139068603517,1.9730194807052612,Legacy,Legacy,4001_ofMcF1_bold
5,EPIlowcov,CBV,/home/chymera/ni_data/ofM.dr/l1/legacy/sub-4001/ses-ofMcF1/sub-4001_ses-ofMcF1_task-JogB_acq-EPIlowcov_run-1_cbv_pfstat.nii.gz,1,ofMcF1,4001,JogB,7.685061645507813,7.645552158355713,Legacy,Legacy,4001_ofMcF1_cbv
6,EPIlowcov,BOLD,/home/chymera/ni_data/ofM.dr/l1/legacy/sub-4001/ses-ofMcF2/sub-4001_ses-ofMcF2_task-JogB_acq-EPIlowcov_run-0_bold_pfstat.nii.gz,0,ofMcF2,4001,JogB,4.928642272949219,4.138482093811035,Legacy,Legacy,4001_ofMcF2_bold
7,EPIlowcov,CBV,/home/chymera/ni_data/ofM.dr/l1/legacy/sub-4001/ses-ofMcF2/sub-4001_ses-ofMcF2_task-JogB_acq-EPIlowcov_run-1_cbv_pfstat.nii.gz,1,ofMcF2,4001,JogB,3.305754852294922,3.022782325744629,Legacy,Legacy,4001_ofMcF2_cbv
8,EPIlowcov,BOLD,/home/chymera/ni_data/ofM.dr/l1/legacy/sub-4002/ses-ofM/sub-4002_ses-ofM_task-JogB_acq-EPIlowcov_run-0_bold_pfstat.nii.gz,0,ofM,4002,JogB,2.4583229064941405,2.098109722137451,Legacy,Legacy,4002_ofM_bold
9,EPIlowcov,CBV,/home/chymera/ni_data/ofM.dr/l1/legacy/sub-4002/ses-ofM/sub-4002_ses-ofM_task-JogB_acq-EPIlowcov_run-1_cbv_pfstat.nii.gz,1,ofM,4002,JogB,2.9136972427368164,1.7686855792999268,Legacy,Legacy,4002_ofM_cbv
10,EPIlowcov,BOLD,/home/chymera/ni_data/ofM.dr/l1/legacy/sub-4004/ses-ofM/sub-4004_ses-ofM_task-JogB_acq-EPIlowcov_run-0_bold_pfstat.nii.gz,0,ofM,4004,JogB,2.3129852294921873,1.9935133457183838,Legacy,Legacy,4004_ofM_bold
11,EPIlowcov,CBV,/home/chymera/ni_data/ofM.dr/l1/legacy/sub-4004/ses-ofM/sub-4004_ses-ofM_task-JogB_acq-EPIlowcov_run-1_cbv_pfstat.nii.gz,1,ofM,4004,JogB,3.5867053985595705,3.139814615249634,Legacy,Legacy,4004_ofM_cbv
12,EPIlowcov,BOLD,/home/chymera/ni_data/ofM.dr/l1/legacy/sub-4005/ses-ofM/sub-4005_ses-ofM_task-JogB_acq-EPIlowcov_run-0_bold_pfstat.nii.gz,0,ofM,4005,JogB,5.328467559814453,3.835538387298584,Legacy,Legacy,4005_ofM_bold
13,EPIlowcov,CBV,/home/chymera/ni_data/ofM.dr/l1/legacy/sub-4005/ses-ofM/sub-4005_ses-ofM_task-JogB_acq-EPIlowcov_run-1_cbv_pfstat.nii.gz,1,ofM,4005,JogB,4.603712463378907,2.5874857902526855,Legacy,Legacy,4005_ofM_cbv
14,EPIlowcov,BOLD,/home/chymera/ni_data/ofM.dr/l1/legacy/sub-4005/ses-ofMaF/sub-4005_ses-ofMaF_task-JogB_acq-EPIlowcov_run-0_bold_pfstat.nii.gz,0,ofMaF,4005,JogB,1.446170711517334,1.152665615081787,Legacy,Legacy,4005_ofMaF_bold
15,EPIlowcov,CBV,/home/chymera/ni_data/ofM.dr/l1/legacy/sub-4005/ses-ofMaF/sub-4005_ses-ofMaF_task-JogB_acq-EPIlowcov_run-1_cbv_pfstat.nii.gz,1,ofMaF,4005,JogB,1.29992733001709,0.8213555812835693,Legacy,Legacy,4005_ofMaF_cbv
16,EPIlowcov,BOLD,/home/chymera/ni_data/ofM.dr/l1/legacy/sub-4006/ses-ofM/sub-4006_ses-ofM_task-JogB_acq-EPIlowcov_run-0_bold_pfstat.nii.gz,0,ofM,4006,JogB,2.0289173126220703,1.2695887088775635,Legacy,Legacy,4006_ofM_bold
17,EPIlowcov,CBV,/home/chymera/ni_data/ofM.dr/l1/legacy/sub-4006/ses-ofM/sub-4006_ses-ofM_task-JogB_acq-EPIlowcov_run-1_cbv_pfstat.nii.gz,1,ofM,4006,JogB,2.064052963256836,0.8754371404647827,Legacy,Legacy,4006_ofM_cbv
18,EPIlowcov,BOLD,/home/chymera/ni_data/ofM.dr/l1/legacy/sub-4007/ses-ofM/sub-4007_ses-ofM_task-JogB_acq-EPIlowcov_run-0_bold_pfstat.nii.gz,0,ofM,4007,JogB,3.2163280487060546,2.8267107009887695,Legacy,Legacy,4007_ofM_bold
19,EPIlowcov,CBV,/home/chymera/ni_data/ofM.dr/l1/legacy/sub-4007/ses-ofM/sub-4007_ses-ofM_task-JogB_acq-EPIlowcov_run-1_cbv_pfstat.nii.gz,1,ofM,4007,JogB,3.5883617401123047,3.029435157775879,Legacy,Legacy,4007_ofM_cbv
20,EPIlowcov,BOLD,/home/chymera/ni_data/ofM.dr/l1/legacy/sub-4007/ses-ofMaF/sub-4007_ses-ofMaF_task-JogB_acq-EPIlowcov_run-0_bold_pfstat.nii.gz,0,ofMaF,4007,JogB,1.8768505096435546,1.4923604726791382,Legacy,Legacy,4007_ofMaF_bold
21,EPIlowcov,CBV,/home/chymera/ni_data/ofM.dr/l1/legacy/sub-4007/ses-ofMaF/sub-4007_ses-ofMaF_task-JogB_acq-EPIlowcov_run-1_cbv_pfstat.nii.gz,1,ofMaF,4007,JogB,1.942751693725586,1.1642975807189941,Legacy,Legacy,4007_ofMaF_cbv
22,EPIlowcov,BOLD,/home/chymera/ni_data/ofM.dr/l1/legacy/sub-4007/ses-ofMcF1/sub-4007_ses-ofMcF1_task-JogB_acq-EPIlowcov_run-0_bold_pfstat.nii.gz,0,ofMcF1,4007,JogB,2.1018726348876955,1.9847466945648193,Legacy,Legacy,4007_ofMcF1_bold
23,EPIlowcov,CBV,/home/chymera/ni_data/ofM.dr/l1/legacy/sub-4007/ses-ofMcF1/sub-4007_ses-ofMcF1_task-JogB_acq-EPIlowcov_run-1_cbv_pfstat.nii.gz,1,ofMcF1,4007,JogB,1.7691331863403321,1.236801266670227,Legacy,Legacy,4007_ofMcF1_cbv
24,EPIlowcov,BOLD,/home/chymera/ni_data/ofM.dr/l1/legacy/sub-4007/ses-ofMcF2/sub-4007_ses-ofMcF2_task-JogB_acq-EPIlowcov_run-0_bold_pfstat.nii.gz,0,ofMcF2,4007,JogB,2.1405380249023436,1.2752150297164917,Legacy,Legacy,4007_ofMcF2_bold
25,EPIlowcov,CBV,/home/chymera/ni_data/ofM.dr/l1/legacy/sub-4007/ses-ofMcF2/sub-4007_ses-ofMcF2_task-JogB_acq-EPIlowcov_run-1_cbv_pfstat.nii.gz,1,ofMcF2,4007,JogB,3.093515968322754,1.7440571784973145,Legacy,Legacy,4007_ofMcF2_cbv
26,EPIlowcov,BOLD,/home/chymera/ni_data/ofM.dr/l1/legacy/sub-4007/ses-ofMpF/sub-4007_ses-ofMpF_task-JogB_acq-EPIlowcov_run-0_bold_pfstat.nii.gz,0,ofMpF,4007,JogB,1.4079985618591309,0.9298924207687378,Legacy,Legacy,4007_ofMpF_bold
27,EPIlowcov,CBV,/home/chymera/ni_data/ofM.dr/l1/legacy/sub-4007/ses-ofMpF/sub-4007_ses-ofMpF_task-JogB_acq-EPIlowcov_run-1_cbv_pfstat.nii.gz,1,ofMpF,4007,JogB,3.4668914794921877,2.3573155403137207,Legacy,Legacy,4007_ofMpF_cbv
28,EPIlowcov,BOLD,/home/chymera/ni_data/ofM.dr/l1/legacy/sub-4008/ses-ofM/sub-4008_ses-ofM_task-JogB_acq-EPIlowcov_run-0_bold_pfstat.nii.gz,0,ofM,4008,JogB,1.943456268310547,1.4481608867645264,Legacy,Legacy,4008_ofM_bold
29,EPIlowcov,CBV,/home/chymera/ni_data/ofM.dr/l1/legacy/sub-4008/ses-ofM/sub-4008_ses-ofM_task-JogB_acq-EPIlowcov_run-1_cbv_pfstat.nii.gz,1,ofM,4008,JogB,1.0193808555603028,0.7865030765533447,Legacy,Legacy,4008_ofM_cbv
30,EPIlowcov,BOLD,/home/chymera/ni_data/ofM.dr/l1/legacy/sub-4008/ses-ofMaF/sub-4008_ses-ofMaF_task-JogB_acq-EPIlowcov_run-0_bold_pfstat.nii.gz,0,ofMaF,4008,JogB,2.1082199096679686,1.5129972696304321,Legacy,Legacy,4008_ofMaF_bold
31,EPIlowcov,CBV,/home/chymera/ni_data/ofM.dr/l1/legacy/sub-4008/ses-ofMaF/sub-4008_ses-ofMaF_task-JogB_acq-EPIlowcov_run-1_cbv_pfstat.nii.gz,1,ofMaF,4008,JogB,2.521870231628418,2.0478389263153076,Legacy,Legacy,4008_ofMaF_cbv
32,EPIlowcov,BOLD,/home/chymera/ni_data/ofM.dr/l1/legacy/sub-4008/ses-ofMcF1/sub-4008_ses-ofMcF1_task-JogB_acq-EPIlowcov_run-0_bold_pfstat.nii.gz,0,ofMcF1,4008,JogB,1.670541763305664,1.3256938457489014,Legacy,Legacy,4008_ofMcF1_bold
33,EPIlowcov,CBV,/home/chymera/ni_data/ofM.dr/l1/legacy/sub-4008/ses-ofMcF1/sub-4008_ses-ofMcF1_task-JogB_acq-EPIlowcov_run-1_cbv_pfstat.nii.gz,1,ofMcF1,4008,JogB,0.8823397636413575,0.663572371006012,Legacy,Legacy,4008_ofMcF1_cbv
34,EPIlowcov,BOLD,/home/chymera/ni_data/ofM.dr/l1/legacy/sub-4008/ses-ofMcF2/sub-4008_ses-ofMcF2_task-JogB_acq-EPIlowcov_run-0_bold_pfstat.nii.gz,0,ofMcF2,4008,JogB,7.9010459899902346,7.530460834503174,Legacy,Legacy,4008_ofMcF2_bold
35,EPIlowcov,CBV,/home/chymera/ni_data/ofM.dr/l1/legacy/sub-4008/ses-ofMcF2/sub-4008_ses-ofMcF2_task-JogB_acq-EPIlowcov_run-1_cbv_pfstat.nii.gz,1,ofMcF2,4008,JogB,4.3945068359375,3.8518826961517334,Legacy,Legacy,4008_ofMcF2_cbv
36,EPIlowcov,BOLD,/home/chymera/ni_data/ofM.dr/l1/legacy/sub-4008/ses-ofMpF/sub-4008_ses-ofMpF_task-JogB_acq-EPIlowcov_run-0_bold_pfstat.nii.gz,0,ofMpF,4008,JogB,1.695182991027832,1.275996446609497,Legacy,Legacy,4008_ofMpF_bold
37,EPIlowcov,CBV,/home/chymera/ni_data/ofM.dr/l1/legacy/sub-4008/ses-ofMpF/sub-4008_ses-ofMpF_task-JogB_acq-EPIlowcov_run-1_cbv_pfstat.nii.gz,1,ofMpF,4008,JogB,1.629378318786621,1.20786714553833,Legacy,Legacy,4008_ofMpF_cbv
38,EPIlowcov,BOLD,/home/chymera/ni_data/ofM.dr/l1/legacy/sub-4009/ses-ofM/sub-4009_ses-ofM_task-JogB_acq-EPIlowcov_run-0_bold_pfstat.nii.gz,0,ofM,4009,JogB,1.3773651123046875,1.0213114023208618,Legacy,Legacy,4009_ofM_bold
39,EPIlowcov,CBV,/home/chymera/ni_data/ofM.dr/l1/legacy/sub-4009/ses-ofM/sub-4009_ses-ofM_task-JogB_acq-EPIlowcov_run-1_cbv_pfstat.nii.gz,1,ofM,4009,JogB,1.3278939247131347,1.093904972076416,Legacy,Legacy,4009_ofM_cbv
40,EPIlowcov,BOLD,/home/chymera/ni_data/ofM.dr/l1/legacy/sub-4009/ses-ofMaF/sub-4009_ses-ofMaF_task-JogB_acq-EPIlowcov_run-0_bold_pfstat.nii.gz,0,ofMaF,4009,JogB,2.5654645919799806,2.191868305206299,Legacy,Legacy,4009_ofMaF_bold
41,EPIlowcov,CBV,/home/chymera/ni_data/ofM.dr/l1/legacy/sub-4009/ses-ofMaF/sub-4009_ses-ofMaF_task-JogB_acq-EPIlowcov_run-1_cbv_pfstat.nii.gz,1,ofMaF,4009,JogB,1.4227281570434571,1.076299786567688,Legacy,Legacy,4009_ofMaF_cbv
42,EPIlowcov,BOLD,/home/chymera/ni_data/ofM.dr/l1/legacy/sub-4009/ses-ofMcF1/sub-4009_ses-ofMcF1_task-JogB_acq-EPIlowcov_run-0_bold_pfstat.nii.gz,0,ofMcF1,4009,JogB,1.6207212448120116,1.2834933996200562,Legacy,Legacy,4009_ofMcF1_bold
43,EPIlowcov,CBV,/home/chymera/ni_data/ofM.dr/l1/legacy/sub-4009/ses-ofMcF1/sub-4009_ses-ofMcF1_task-JogB_acq-EPIlowcov_run-1_cbv_pfstat.nii.gz,1,ofMcF1,4009,JogB,1.6026939392089843,0.9418998956680298,Legacy,Legacy,4009_ofMcF1_cbv
44,EPIlowcov,BOLD,/home/chymera/ni_data/ofM.dr/l1/legacy/sub-4009/ses-ofMcF2/sub-4009_ses-ofMcF2_task-JogB_acq-EPIlowcov_run-0_bold_pfstat.nii.gz,0,ofMcF2,4009,JogB,13.561909484863282,14.831833839416504,Legacy,Legacy,4009_ofMcF2_bold
45,EPIlowcov,CBV,/home/chymera/ni_data/ofM.dr/l1/legacy/sub-4009/ses-ofMcF2/sub-4009_ses-ofMcF2_task-JogB_acq-EPIlowcov_run-1_cbv_pfstat.nii.gz,1,ofMcF2,4009,JogB,2.836351776123047,2.778040885925293,Legacy,Legacy,4009_ofMcF2_cbv
46,EPIlowcov,BOLD,/home/chymera/ni_data/ofM.dr/l1/legacy/sub-4009/ses-ofMpF/sub-4009_ses-ofMpF_task-JogB_acq-EPIlowcov_run-0_bold_pfstat.nii.gz,0,ofMpF,4009,JogB,2.08031005859375,1.4027832746505737,Legacy,Legacy,4009_ofMpF_bold
47,EPIlowcov,CBV,/home/chymera/ni_data/ofM.dr/l1/legacy/sub-4009/ses-ofMpF/sub-4009_ses-ofMpF_task-JogB_acq-EPIlowcov_run-1_cbv_pfstat.nii.gz,1,ofMpF,4009,JogB,1.7347867965698243,0.7418708205223083,Legacy,Legacy,4009_ofMpF_cbv
48,EPIlowcov,BOLD,/home/chymera/ni_data/ofM.dr/l1/legacy/sub-4011/ses-ofM/sub-4011_ses-ofM_task-JogB_acq-EPIlowcov_run-0_bold_pfstat.nii.gz,0,ofM,4011,JogB,5.322414398193359,3.9915995597839355,Legacy,Legacy,4011_ofM_bold
49,EPIlowcov,CBV,/home/chymera/ni_data/ofM.dr/l1/legacy/sub-4011/ses-ofM/sub-4011_ses-ofM_task-JogB_acq-EPIlowcov_run-1_cbv_pfstat.nii.gz,1,ofM,4011,JogB,5.571799468994141,4.181030750274658,Legacy,Legacy,4011_ofM_cbv
50,EPIlowcov,BOLD,/home/chymera/ni_data/ofM.dr/l1/legacy/sub-4011/ses-ofMaF/sub-4011_ses-ofMaF_task-JogB_acq-EPIlowcov_run-0_bold_pfstat.nii.gz,0,ofMaF,4011,JogB,3.668636703491211,2.8060312271118164,Legacy,Legacy,4011_ofMaF_bold
51,EPIlowcov,CBV,/home/chymera/ni_data/ofM.dr/l1/legacy/sub-4011/ses-ofMaF/sub-4011_ses-ofMaF_task-JogB_acq-EPIlowcov_run-1_cbv_pfstat.nii.gz,1,ofMaF,4011,JogB,2.0882450103759767,1.3397804498672485,Legacy,Legacy,4011_ofMaF_cbv
52,EPIlowcov,BOLD,/home/chymera/ni_data/ofM.dr/l1/legacy/sub-4011/ses-ofMcF1/sub-4011_ses-ofMcF1_task-JogB_acq-EPIlowcov_run-0_bold_pfstat.nii.gz,0,ofMcF1,4011,JogB,4.616008377075195,4.075786590576172,Legacy,Legacy,4011_ofMcF1_bold
53,EPIlowcov,CBV,/home/chymera/ni_data/ofM.dr/l1/legacy/sub-4011/ses-ofMcF1/sub-4011_ses-ofMcF1_task-JogB_acq-EPIlowcov_run-1_cbv_pfstat.nii.gz,1,ofMcF1,4011,JogB,4.5857994079589846,4.12434196472168,Legacy,Legacy,4011_ofMcF1_cbv
54,EPIlowcov,BOLD,/home/chymera/ni_data/ofM.dr/l1/legacy/sub-4011/ses-ofMcF2/sub-4011_ses-ofMcF2_task-JogB_acq-EPIlowcov_run-0_bold_pfstat.nii.gz,0,ofMcF2,4011,JogB,3.413650131225586,2.4523110389709473,Legacy,Legacy,4011_ofMcF2_bold
55,EPIlowcov,CBV,/home/chymera/ni_data/ofM.dr/l1/legacy/sub-4011/ses-ofMcF2/sub-4011_ses-ofMcF2_task-JogB_acq-EPIlowcov_run-1_cbv_pfstat.nii.gz,1,ofMcF2,4011,JogB,1.5745691299438476,1.2698490619659424,Legacy,Legacy,4011_ofMcF2_cbv
56,EPIlowcov,BOLD,/home/chymera/ni_data/ofM.dr/l1/legacy/sub-4012/ses-ofM/sub-4012_ses-ofM_task-JogB_acq-EPIlowcov_run-0_bold_pfstat.nii.gz,0,ofM,4012,JogB,1.7543020248413086,1.0696220397949219,Legacy,Legacy,4012_ofM_bold
57,EPIlowcov,CBV,/home/chymera/ni_data/ofM.dr/l1/legacy/sub-4012/ses-ofM/sub-4012_ses-ofM_task-JogB_acq-EPIlowcov_run-1_cbv_pfstat.nii.gz,1,ofM,4012,JogB,2.0775726318359373,1.564669132232666,Legacy,Legacy,4012_ofM_cbv
58,EPIlowcov,BOLD,/home/chymera/ni_data/ofM.dr/l1/legacy/sub-4012/ses-ofMaF/sub-4012_ses-ofMaF_task-JogB_acq-EPIlowcov_run-0_bold_pfstat.nii.gz,0,ofMaF,4012,JogB,3.9408794403076173,2.0748887062072754,Legacy,Legacy,4012_ofMaF_bold
59,EPIlowcov,CBV,/home/chymera/ni_data/ofM.dr/l1/legacy/sub-4012/ses-ofMaF/sub-4012_ses-ofMaF_task-JogB_acq-EPIlowcov_run-1_cbv_pfstat.nii.gz,1,ofMaF,4012,JogB,2.0696638107299803,1.7528035640716553,Legacy,Legacy,4012_ofMaF_cbv
60,EPIlowcov,BOLD,/home/chymera/ni_data/ofM.dr/l1/legacy/sub-4012/ses-ofMcF1/sub-4012_ses-ofMcF1_task-JogB_acq-EPIlowcov_run-0_bold_pfstat.nii.gz,0,ofMcF1,4012,JogB,2.9228130340576173,2.377117156982422,Legacy,Legacy,4012_ofMcF1_bold
61,EPIlowcov,CBV,/home/chymera/ni_data/ofM.dr/l1/legacy/sub-4012/ses-ofMcF1/sub-4012_ses-ofMcF1_task-JogB_acq-EPIlowcov_run-1_cbv_pfstat.nii.gz,1,ofMcF1,4012,JogB,1.363274097442627,1.1130183935165405,Legacy,Legacy,4012_ofMcF1_cbv
62,EPIlowcov,BOLD,/home/chymera/ni_data/ofM.dr/l1/legacy/sub-4012/ses-ofMcF2/sub-4012_ses-ofMcF2_task-JogB_acq-EPIlowcov_run-0_bold_pfstat.nii.gz,0,ofMcF2,4012,JogB,15.685415649414063,15.95458984375,Legacy,Legacy,4012_ofMcF2_bold
63,EPIlowcov,CBV,/home/chymera/ni_data/ofM.dr/l1/legacy/sub-4012/ses-ofMcF2/sub-4012_ses-ofMcF2_task-JogB_acq-EPIlowcov_run-1_cbv_pfstat.nii.gz,1,ofMcF2,4012,JogB,1.2105602264404296,0.6970629692077637,Legacy,Legacy,4012_ofMcF2_cbv
64,EPIlowcov,BOLD,/home/chymera/ni_data/ofM.dr/l1/legacy/sub-4012/ses-ofMpF/sub-4012_ses-ofMpF_task-JogB_acq-EPIlowcov_run-0_bold_pfstat.nii.gz,0,ofMpF,4012,JogB,0.8925953865051269,0.6281152367591858,Legacy,Legacy,4012_ofMpF_bold
65,EPIlowcov,CBV,/home/chymera/ni_data/ofM.dr/l1/legacy/sub-4012/ses-ofMpF/sub-4012_ses-ofMpF_task-JogB_acq-EPIlowcov_run-1_cbv_pfstat.nii.gz,1,ofMpF,4012,JogB,2.602081871032715,1.1523911952972412,Legacy,Legacy,4012_ofMpF_cbv
66,EPIlowcov,BOLD,/home/chymera/ni_data/ofM.dr/l1/legacy/sub-4013/ses-ofM/sub-4013_ses-ofM_task-JogB_acq-EPIlowcov_run-0_bold_pfstat.nii.gz,0,ofM,4013,JogB,1.2745553970336914,0.9805450439453125,Legacy,Legacy,4013_ofM_bold
67,EPIlowcov,CBV,/home/chymera/ni_data/ofM.dr/l1/legacy/sub-4013/ses-ofM/sub-4013_ses-ofM_task-JogB_acq-EPIlowcov_run-1_cbv_pfstat.nii.gz,1,ofM,4013,JogB,1.449836254119873,1.2196356058120728,Legacy,Legacy,4013_ofM_cbv
0,EPIlowcov,BOLD,/home/chymera/ni_data/ofM.dr/l1/legacy_dsurqec/sub-4001/ses-ofM/sub-4001_ses-ofM_task-JogB_acq-EPIlowcov_run-0_bold_pfstat.nii.gz,0,ofM,4001,JogB,2.4245212360963984,1.5560722351074219,Legacy,Generic,4001_ofM_bold
1,EPIlowcov,CBV,/home/chymera/ni_data/ofM.dr/l1/legacy_dsurqec/sub-4001/ses-ofM/sub-4001_ses-ofM_task-JogB_acq-EPIlowcov_run-1_cbv_pfstat.nii.gz,1,ofM,4001,JogB,1.089496289269399,0.9503982067108154,Legacy,Generic,4001_ofM_cbv
2,EPIlowcov,BOLD,/home/chymera/ni_data/ofM.dr/l1/legacy_dsurqec/sub-4001/ses-ofMaF/sub-4001_ses-ofMaF_task-JogB_acq-EPIlowcov_run-0_bold_pfstat.nii.gz,0,ofMaF,4001,JogB,3.68983666371491,2.0004069805145264,Legacy,Generic,4001_ofMaF_bold
3,EPIlowcov,CBV,/home/chymera/ni_data/ofM.dr/l1/legacy_dsurqec/sub-4001/ses-ofMaF/sub-4001_ses-ofMaF_task-JogB_acq-EPIlowcov_run-1_cbv_pfstat.nii.gz,1,ofMaF,4001,JogB,1.8010672876390361,1.30599045753479,Legacy,Generic,4001_ofMaF_cbv
4,EPIlowcov,BOLD,/home/chymera/ni_data/ofM.dr/l1/legacy_dsurqec/sub-4001/ses-ofMcF1/sub-4001_ses-ofMcF1_task-JogB_acq-EPIlowcov_run-0_bold_pfstat.nii.gz,0,ofMcF1,4001,JogB,5.3586063708289196,3.6227755546569824,Legacy,Generic,4001_ofMcF1_bold
5,EPIlowcov,CBV,/home/chymera/ni_data/ofM.dr/l1/legacy_dsurqec/sub-4001/ses-ofMcF1/sub-4001_ses-ofMcF1_task-JogB_acq-EPIlowcov_run-1_cbv_pfstat.nii.gz,1,ofMcF1,4001,JogB,9.059418241856461,9.280895233154297,Legacy,Generic,4001_ofMcF1_cbv
6,EPIlowcov,BOLD,/home/chymera/ni_data/ofM.dr/l1/legacy_dsurqec/sub-4001/ses-ofMcF2/sub-4001_ses-ofMcF2_task-JogB_acq-EPIlowcov_run-0_bold_pfstat.nii.gz,0,ofMcF2,4001,JogB,4.259900367866128,3.3057665824890137,Legacy,Generic,4001_ofMcF2_bold
7,EPIlowcov,CBV,/home/chymera/ni_data/ofM.dr/l1/legacy_dsurqec/sub-4001/ses-ofMcF2/sub-4001_ses-ofMcF2_task-JogB_acq-EPIlowcov_run-1_cbv_pfstat.nii.gz,1,ofMcF2,4001,JogB,5.256655418266685,4.270357131958008,Legacy,Generic,4001_ofMcF2_cbv
8,EPIlowcov,BOLD,/home/chymera/ni_data/ofM.dr/l1/legacy_dsurqec/sub-4002/ses-ofM/sub-4002_ses-ofM_task-JogB_acq-EPIlowcov_run-0_bold_pfstat.nii.gz,0,ofM,4002,JogB,2.9739922992253707,2.6040186882019043,Legacy,Generic,4002_ofM_bold
9,EPIlowcov,CBV,/home/chymera/ni_data/ofM.dr/l1/legacy_dsurqec/sub-4002/ses-ofM/sub-4002_ses-ofM_task-JogB_acq-EPIlowcov_run-1_cbv_pfstat.nii.gz,1,ofM,4002,JogB,2.8212277687202065,1.6865746974945068,Legacy,Generic,4002_ofM_cbv
10,EPIlowcov,BOLD,/home/chymera/ni_data/ofM.dr/l1/legacy_dsurqec/sub-4004/ses-ofM/sub-4004_ses-ofM_task-JogB_acq-EPIlowcov_run-0_bold_pfstat.nii.gz,0,ofM,4004,JogB,2.1964126845537604,1.694528579711914,Legacy,Generic,4004_ofM_bold
11,EPIlowcov,CBV,/home/chymera/ni_data/ofM.dr/l1/legacy_dsurqec/sub-4004/ses-ofM/sub-4004_ses-ofM_task-JogB_acq-EPIlowcov_run-1_cbv_pfstat.nii.gz,1,ofM,4004,JogB,3.2928218518273304,2.179023265838623,Legacy,Generic,4004_ofM_cbv
12,EPIlowcov,BOLD,/home/chymera/ni_data/ofM.dr/l1/legacy_dsurqec/sub-4005/ses-ofM/sub-4005_ses-ofM_task-JogB_acq-EPIlowcov_run-0_bold_pfstat.nii.gz,0,ofM,4005,JogB,5.746448581501589,4.5474700927734375,Legacy,Generic,4005_ofM_bold
13,EPIlowcov,CBV,/home/chymera/ni_data/ofM.dr/l1/legacy_dsurqec/sub-4005/ses-ofM/sub-4005_ses-ofM_task-JogB_acq-EPIlowcov_run-1_cbv_pfstat.nii.gz,1,ofM,4005,JogB,4.009395276085805,2.7225048542022705,Legacy,Generic,4005_ofM_cbv
14,EPIlowcov,BOLD,/home/chymera/ni_data/ofM.dr/l1/legacy_dsurqec/sub-4005/ses-ofMaF/sub-4005_ses-ofMaF_task-JogB_acq-EPIlowcov_run-0_bold_pfstat.nii.gz,0,ofMaF,4005,JogB,2.9844106900489935,2.322923421859741,Legacy,Generic,4005_ofMaF_bold
15,EPIlowcov,CBV,/home/chymera/ni_data/ofM.dr/l1/legacy_dsurqec/sub-4005/ses-ofMaF/sub-4005_ses-ofMaF_task-JogB_acq-EPIlowcov_run-1_cbv_pfstat.nii.gz,1,ofMaF,4005,JogB,1.350391064660024,0.7436049580574036,Legacy,Generic,4005_ofMaF_cbv
16,EPIlowcov,BOLD,/home/chymera/ni_data/ofM.dr/l1/legacy_dsurqec/sub-4006/ses-ofM/sub-4006_ses-ofM_task-JogB_acq-EPIlowcov_run-0_bold_pfstat.nii.gz,0,ofM,4006,JogB,2.17157887604277,1.173097848892212,Legacy,Generic,4006_ofM_bold
17,EPIlowcov,CBV,/home/chymera/ni_data/ofM.dr/l1/legacy_dsurqec/sub-4006/ses-ofM/sub-4006_ses-ofM_task-JogB_acq-EPIlowcov_run-1_cbv_pfstat.nii.gz,1,ofM,4006,JogB,2.395033496921345,1.3402698040008545,Legacy,Generic,4006_ofM_cbv
18,EPIlowcov,BOLD,/home/chymera/ni_data/ofM.dr/l1/legacy_dsurqec/sub-4007/ses-ofM/sub-4007_ses-ofM_task-JogB_acq-EPIlowcov_run-0_bold_pfstat.nii.gz,0,ofM,4007,JogB,1.7912905418266685,1.3147376775741577,Legacy,Generic,4007_ofM_bold
19,EPIlowcov,CBV,/home/chymera/ni_data/ofM.dr/l1/legacy_dsurqec/sub-4007/ses-ofM/sub-4007_ses-ofM_task-JogB_acq-EPIlowcov_run-1_cbv_pfstat.nii.gz,1,ofM,4007,JogB,4.002898911298332,3.2336740493774414,Legacy,Generic,4007_ofM_cbv
20,EPIlowcov,BOLD,/home/chymera/ni_data/ofM.dr/l1/legacy_dsurqec/sub-4007/ses-ofMaF/sub-4007_ses-ofMaF_task-JogB_acq-EPIlowcov_run-0_bold_pfstat.nii.gz,0,ofMaF,4007,JogB,1.856219404834812,1.332655906677246,Legacy,Generic,4007_ofMaF_bold
21,EPIlowcov,CBV,/home/chymera/ni_data/ofM.dr/l1/legacy_dsurqec/sub-4007/ses-ofMaF/sub-4007_ses-ofMaF_task-JogB_acq-EPIlowcov_run-1_cbv_pfstat.nii.gz,1,ofMaF,4007,JogB,1.7799601150771318,1.1454107761383057,Legacy,Generic,4007_ofMaF_cbv
22,EPIlowcov,BOLD,/home/chymera/ni_data/ofM.dr/l1/legacy_dsurqec/sub-4007/ses-ofMcF1/sub-4007_ses-ofMcF1_task-JogB_acq-EPIlowcov_run-0_bold_pfstat.nii.gz,0,ofMcF1,4007,JogB,2.063501648983713,1.8540310859680176,Legacy,Generic,4007_ofMcF1_bold
23,EPIlowcov,CBV,/home/chymera/ni_data/ofM.dr/l1/legacy_dsurqec/sub-4007/ses-ofMcF1/sub-4007_ses-ofMcF1_task-JogB_acq-EPIlowcov_run-1_cbv_pfstat.nii.gz,1,ofMcF1,4007,JogB,2.484860177767479,1.783395528793335,Legacy,Generic,4007_ofMcF1_cbv
24,EPIlowcov,BOLD,/home/chymera/ni_data/ofM.dr/l1/legacy_dsurqec/sub-4007/ses-ofMcF2/sub-4007_ses-ofMcF2_task-JogB_acq-EPIlowcov_run-0_bold_pfstat.nii.gz,0,ofMcF2,4007,JogB,1.8530852754237288,1.182866096496582,Legacy,Generic,4007_ofMcF2_bold
25,EPIlowcov,CBV,/home/chymera/ni_data/ofM.dr/l1/legacy_dsurqec/sub-4007/ses-ofMcF2/sub-4007_ses-ofMcF2_task-JogB_acq-EPIlowcov_run-1_cbv_pfstat.nii.gz,1,ofMcF2,4007,JogB,3.159106755660752,2.2036800384521484,Legacy,Generic,4007_ofMcF2_cbv
26,EPIlowcov,BOLD,/home/chymera/ni_data/ofM.dr/l1/legacy_dsurqec/sub-4007/ses-ofMpF/sub-4007_ses-ofMpF_task-JogB_acq-EPIlowcov_run-0_bold_pfstat.nii.gz,0,ofMpF,4007,JogB,1.360552900928562,1.153948426246643,Legacy,Generic,4007_ofMpF_bold
27,EPIlowcov,CBV,/home/chymera/ni_data/ofM.dr/l1/legacy_dsurqec/sub-4007/ses-ofMpF/sub-4007_ses-ofMpF_task-JogB_acq-EPIlowcov_run-1_cbv_pfstat.nii.gz,1,ofMpF,4007,JogB,5.179220425880562,3.7843945026397705,Legacy,Generic,4007_ofMpF_cbv
28,EPIlowcov,BOLD,/home/chymera/ni_data/ofM.dr/l1/legacy_dsurqec/sub-4008/ses-ofM/sub-4008_ses-ofM_task-JogB_acq-EPIlowcov_run-0_bold_pfstat.nii.gz,0,ofM,4008,JogB,1.6402377112437103,1.2913007736206055,Legacy,Generic,4008_ofM_bold
29,EPIlowcov,CBV,/home/chymera/ni_data/ofM.dr/l1/legacy_dsurqec/sub-4008/ses-ofM/sub-4008_ses-ofM_task-JogB_acq-EPIlowcov_run-1_cbv_pfstat.nii.gz,1,ofM,4008,JogB,0.8692337941315215,0.5565611124038696,Legacy,Generic,4008_ofM_cbv
30,EPIlowcov,BOLD,/home/chymera/ni_data/ofM.dr/l1/legacy_dsurqec/sub-4008/ses-ofMaF/sub-4008_ses-ofMaF_task-JogB_acq-EPIlowcov_run-0_bold_pfstat.nii.gz,0,ofMaF,4008,JogB,2.2917454606395657,1.4322924613952637,Legacy,Generic,4008_ofMaF_bold
31,EPIlowcov,CBV,/home/chymera/ni_data/ofM.dr/l1/legacy_dsurqec/sub-4008/ses-ofMaF/sub-4008_ses-ofMaF_task-JogB_acq-EPIlowcov_run-1_cbv_pfstat.nii.gz,1,ofMaF,4008,JogB,2.948205204333289,2.304636001586914,Legacy,Generic,4008_ofMaF_cbv
32,EPIlowcov,BOLD,/home/chymera/ni_data/ofM.dr/l1/legacy_dsurqec/sub-4008/ses-ofMcF1/sub-4008_ses-ofMcF1_task-JogB_acq-EPIlowcov_run-0_bold_pfstat.nii.gz,0,ofMcF1,4008,JogB,1.873246790999073,1.4422951936721802,Legacy,Generic,4008_ofMcF1_bold
33,EPIlowcov,CBV,/home/chymera/ni_data/ofM.dr/l1/legacy_dsurqec/sub-4008/ses-ofMcF1/sub-4008_ses-ofMcF1_task-JogB_acq-EPIlowcov_run-1_cbv_pfstat.nii.gz,1,ofMcF1,4008,JogB,0.6557920423604674,0.5255112051963806,Legacy,Generic,4008_ofMcF1_cbv
34,EPIlowcov,BOLD,/home/chymera/ni_data/ofM.dr/l1/legacy_dsurqec/sub-4008/ses-ofMcF2/sub-4008_ses-ofMcF2_task-JogB_acq-EPIlowcov_run-0_bold_pfstat.nii.gz,0,ofMcF2,4008,JogB,8.335958707130562,7.817110061645508,Legacy,Generic,4008_ofMcF2_bold
35,EPIlowcov,CBV,/home/chymera/ni_data/ofM.dr/l1/legacy_dsurqec/sub-4008/ses-ofMcF2/sub-4008_ses-ofMcF2_task-JogB_acq-EPIlowcov_run-1_cbv_pfstat.nii.gz,1,ofMcF2,4008,JogB,7.769537974212129,6.897997856140137,Legacy,Generic,4008_ofMcF2_cbv
36,EPIlowcov,BOLD,/home/chymera/ni_data/ofM.dr/l1/legacy_dsurqec/sub-4008/ses-ofMpF/sub-4008_ses-ofMpF_task-JogB_acq-EPIlowcov_run-0_bold_pfstat.nii.gz,0,ofMpF,4008,JogB,1.4558977030091367,1.0927982330322266,Legacy,Generic,4008_ofMpF_bold
37,EPIlowcov,CBV,/home/chymera/ni_data/ofM.dr/l1/legacy_dsurqec/sub-4008/ses-ofMpF/sub-4008_ses-ofMpF_task-JogB_acq-EPIlowcov_run-1_cbv_pfstat.nii.gz,1,ofMpF,4008,JogB,1.7499780169988082,1.260981798171997,Legacy,Generic,4008_ofMpF_cbv
38,EPIlowcov,BOLD,/home/chymera/ni_data/ofM.dr/l1/legacy_dsurqec/sub-4009/ses-ofM/sub-4009_ses-ofM_task-JogB_acq-EPIlowcov_run-0_bold_pfstat.nii.gz,0,ofM,4009,JogB,1.570923368809587,1.0236921310424805,Legacy,Generic,4009_ofM_bold
39,EPIlowcov,CBV,/home/chymera/ni_data/ofM.dr/l1/legacy_dsurqec/sub-4009/ses-ofM/sub-4009_ses-ofM_task-JogB_acq-EPIlowcov_run-1_cbv_pfstat.nii.gz,1,ofM,4009,JogB,3.906007669739804,3.1686835289001465,Legacy,Generic,4009_ofM_cbv
40,EPIlowcov,BOLD,/home/chymera/ni_data/ofM.dr/l1/legacy_dsurqec/sub-4009/ses-ofMaF/sub-4009_ses-ofMaF_task-JogB_acq-EPIlowcov_run-0_bold_pfstat.nii.gz,0,ofMaF,4009,JogB,2.3546677928859903,2.0067648887634277,Legacy,Generic,4009_ofMaF_bold
41,EPIlowcov,CBV,/home/chymera/ni_data/ofM.dr/l1/legacy_dsurqec/sub-4009/ses-ofMaF/sub-4009_ses-ofMaF_task-JogB_acq-EPIlowcov_run-1_cbv_pfstat.nii.gz,1,ofMaF,4009,JogB,1.6040341652045815,1.195873737335205,Legacy,Generic,4009_ofMaF_cbv
42,EPIlowcov,BOLD,/home/chymera/ni_data/ofM.dr/l1/legacy_dsurqec/sub-4009/ses-ofMcF1/sub-4009_ses-ofMcF1_task-JogB_acq-EPIlowcov_run-0_bold_pfstat.nii.gz,0,ofMcF1,4009,JogB,1.5972045639813957,1.1657094955444336,Legacy,Generic,4009_ofMcF1_bold
43,EPIlowcov,CBV,/home/chymera/ni_data/ofM.dr/l1/legacy_dsurqec/sub-4009/ses-ofMcF1/sub-4009_ses-ofMcF1_task-JogB_acq-EPIlowcov_run-1_cbv_pfstat.nii.gz,1,ofMcF1,4009,JogB,0.8808017019498147,0.638797402381897,Legacy,Generic,4009_ofMcF1_cbv
44,EPIlowcov,BOLD,/home/chymera/ni_data/ofM.dr/l1/legacy_dsurqec/sub-4009/ses-ofMcF2/sub-4009_ses-ofMcF2_task-JogB_acq-EPIlowcov_run-0_bold_pfstat.nii.gz,0,ofMcF2,4009,JogB,13.89883991823358,15.304075241088867,Legacy,Generic,4009_ofMcF2_bold
45,EPIlowcov,CBV,/home/chymera/ni_data/ofM.dr/l1/legacy_dsurqec/sub-4009/ses-ofMcF2/sub-4009_ses-ofMcF2_task-JogB_acq-EPIlowcov_run-1_cbv_pfstat.nii.gz,1,ofMcF2,4009,JogB,2.9220524157507946,2.5885801315307617,Legacy,Generic,4009_ofMcF2_cbv
46,EPIlowcov,BOLD,/home/chymera/ni_data/ofM.dr/l1/legacy_dsurqec/sub-4009/ses-ofMpF/sub-4009_ses-ofMpF_task-JogB_acq-EPIlowcov_run-0_bold_pfstat.nii.gz,0,ofMpF,4009,JogB,1.833168159096928,1.6365118026733398,Legacy,Generic,4009_ofMpF_bold
47,EPIlowcov,CBV,/home/chymera/ni_data/ofM.dr/l1/legacy_dsurqec/sub-4009/ses-ofMpF/sub-4009_ses-ofMpF_task-JogB_acq-EPIlowcov_run-1_cbv_pfstat.nii.gz,1,ofMpF,4009,JogB,1.7103956836765095,0.9620047211647034,Legacy,Generic,4009_ofMpF_cbv
48,EPIlowcov,BOLD,/home/chymera/ni_data/ofM.dr/l1/legacy_dsurqec/sub-4011/ses-ofM/sub-4011_ses-ofM_task-JogB_acq-EPIlowcov_run-0_bold_pfstat.nii.gz,0,ofM,4011,JogB,4.866671804654396,3.203885316848755,Legacy,Generic,4011_ofM_bold
49,EPIlowcov,CBV,/home/chymera/ni_data/ofM.dr/l1/legacy_dsurqec/sub-4011/ses-ofM/sub-4011_ses-ofM_task-JogB_acq-EPIlowcov_run-1_cbv_pfstat.nii.gz,1,ofM,4011,JogB,5.515066373146187,4.426144123077393,Legacy,Generic,4011_ofM_cbv
50,EPIlowcov,BOLD,/home/chymera/ni_data/ofM.dr/l1/legacy_dsurqec/sub-4011/ses-ofMaF/sub-4011_ses-ofMaF_task-JogB_acq-EPIlowcov_run-0_bold_pfstat.nii.gz,0,ofMaF,4011,JogB,3.678411710060249,2.586536407470703,Legacy,Generic,4011_ofMaF_bold
51,EPIlowcov,CBV,/home/chymera/ni_data/ofM.dr/l1/legacy_dsurqec/sub-4011/ses-ofMaF/sub-4011_ses-ofMaF_task-JogB_acq-EPIlowcov_run-1_cbv_pfstat.nii.gz,1,ofMaF,4011,JogB,3.450989804025424,1.88517165184021,Legacy,Generic,4011_ofMaF_cbv
52,EPIlowcov,BOLD,/home/chymera/ni_data/ofM.dr/l1/legacy_dsurqec/sub-4011/ses-ofMcF1/sub-4011_ses-ofMcF1_task-JogB_acq-EPIlowcov_run-0_bold_pfstat.nii.gz,0,ofMcF1,4011,JogB,4.129441859358448,3.5084218978881836,Legacy,Generic,4011_ofMcF1_bold
53,EPIlowcov,CBV,/home/chymera/ni_data/ofM.dr/l1/legacy_dsurqec/sub-4011/ses-ofMcF1/sub-4011_ses-ofMcF1_task-JogB_acq-EPIlowcov_run-1_cbv_pfstat.nii.gz,1,ofMcF1,4011,JogB,2.2554564395193326,1.3965191841125488,Legacy,Generic,4011_ofMcF1_cbv
54,EPIlowcov,BOLD,/home/chymera/ni_data/ofM.dr/l1/legacy_dsurqec/sub-4011/ses-ofMcF2/sub-4011_ses-ofMcF2_task-JogB_acq-EPIlowcov_run-0_bold_pfstat.nii.gz,0,ofMcF2,4011,JogB,3.225439297950874,2.0671768188476562,Legacy,Generic,4011_ofMcF2_bold
55,EPIlowcov,CBV,/home/chymera/ni_data/ofM.dr/l1/legacy_dsurqec/sub-4011/ses-ofMcF2/sub-4011_ses-ofMcF2_task-JogB_acq-EPIlowcov_run-1_cbv_pfstat.nii.gz,1,ofMcF2,4011,JogB,2.855434611692267,1.861532211303711,Legacy,Generic,4011_ofMcF2_cbv
56,EPIlowcov,BOLD,/home/chymera/ni_data/ofM.dr/l1/legacy_dsurqec/sub-4012/ses-ofM/sub-4012_ses-ofM_task-JogB_acq-EPIlowcov_run-0_bold_pfstat.nii.gz,0,ofM,4012,JogB,1.547860226388705,1.1071516275405884,Legacy,Generic,4012_ofM_bold
57,EPIlowcov,CBV,/home/chymera/ni_data/ofM.dr/l1/legacy_dsurqec/sub-4012/ses-ofM/sub-4012_ses-ofM_task-JogB_acq-EPIlowcov_run-1_cbv_pfstat.nii.gz,1,ofM,4012,JogB,1.8646836361642611,1.3307411670684814,Legacy,Generic,4012_ofM_cbv
58,EPIlowcov,BOLD,/home/chymera/ni_data/ofM.dr/l1/legacy_dsurqec/sub-4012/ses-ofMaF/sub-4012_ses-ofMaF_task-JogB_acq-EPIlowcov_run-0_bold_pfstat.nii.gz,0,ofMaF,4012,JogB,2.8201397394729875,1.7876553535461426,Legacy,Generic,4012_ofMaF_bold
59,EPIlowcov,CBV,/home/chymera/ni_data/ofM.dr/l1/legacy_dsurqec/sub-4012/ses-ofMaF/sub-4012_ses-ofMaF_task-JogB_acq-EPIlowcov_run-1_cbv_pfstat.nii.gz,1,ofMaF,4012,JogB,2.017265578447762,1.7211356163024902,Legacy,Generic,4012_ofMaF_cbv
60,EPIlowcov,BOLD,/home/chymera/ni_data/ofM.dr/l1/legacy_dsurqec/sub-4012/ses-ofMcF1/sub-4012_ses-ofMcF1_task-JogB_acq-EPIlowcov_run-0_bold_pfstat.nii.gz,0,ofMcF1,4012,JogB,2.179166373559984,1.4499444961547852,Legacy,Generic,4012_ofMcF1_bold
61,EPIlowcov,CBV,/home/chymera/ni_data/ofM.dr/l1/legacy_dsurqec/sub-4012/ses-ofMcF1/sub-4012_ses-ofMcF1_task-JogB_acq-EPIlowcov_run-1_cbv_pfstat.nii.gz,1,ofMcF1,4012,JogB,1.5652805910272114,1.2452833652496338,Legacy,Generic,4012_ofMcF1_cbv
62,EPIlowcov,BOLD,/home/chymera/ni_data/ofM.dr/l1/legacy_dsurqec/sub-4012/ses-ofMcF2/sub-4012_ses-ofMcF2_task-JogB_acq-EPIlowcov_run-0_bold_pfstat.nii.gz,0,ofMcF2,4012,JogB,14.28528349278337,15.95458984375,Legacy,Generic,4012_ofMcF2_bold
63,EPIlowcov,CBV,/home/chymera/ni_data/ofM.dr/l1/legacy_dsurqec/sub-4012/ses-ofMcF2/sub-4012_ses-ofMcF2_task-JogB_acq-EPIlowcov_run-1_cbv_pfstat.nii.gz,1,ofMcF2,4012,JogB,1.260711152674788,0.7696728110313416,Legacy,Generic,4012_ofMcF2_cbv
64,EPIlowcov,BOLD,/home/chymera/ni_data/ofM.dr/l1/legacy_dsurqec/sub-4012/ses-ofMpF/sub-4012_ses-ofMpF_task-JogB_acq-EPIlowcov_run-0_bold_pfstat.nii.gz,0,ofMpF,4012,JogB,0.7266497854459084,0.4474947452545166,Legacy,Generic,4012_ofMpF_bold
65,EPIlowcov,CBV,/home/chymera/ni_data/ofM.dr/l1/legacy_dsurqec/sub-4012/ses-ofMpF/sub-4012_ses-ofMpF_task-JogB_acq-EPIlowcov_run-1_cbv_pfstat.nii.gz,1,ofMpF,4012,JogB,2.6075377383474576,1.4439117908477783,Legacy,Generic,4012_ofMpF_cbv
66,EPIlowcov,BOLD,/home/chymera/ni_data/ofM.dr/l1/legacy_dsurqec/sub-4013/ses-ofM/sub-4013_ses-ofM_task-JogB_acq-EPIlowcov_run-0_bold_pfstat.nii.gz,0,ofM,4013,JogB,1.3335419994289592,0.9873472452163696,Legacy,Generic,4013_ofM_bold
67,EPIlowcov,CBV,/home/chymera/ni_data/ofM.dr/l1/legacy_dsurqec/sub-4013/ses-ofM/sub-4013_ses-ofM_task-JogB_acq-EPIlowcov_run-1_cbv_pfstat.nii.gz,1,ofM,4013,JogB,1.3696203716730668,1.0907549858093262,Legacy,Generic,4013_ofM_cbv
