,Acquisition,Contrast,Path,Run,Session,Subject,Task,Mean Significance,Median Significance,Processing,Template
0,EPIlowcov,BOLD,/home/chymera/ni_data/ofM.dr/l1/generic/sub-4001/ses-ofM/sub-4001_ses-ofM_task-JogB_acq-EPIlowcov_run-0_bold_pfstat.nii.gz,0,ofM,4001,JogB,1.6481156367041199,1.1206415891647339,Generic,Generic
1,EPIlowcov,CBV,/home/chymera/ni_data/ofM.dr/l1/generic/sub-4001/ses-ofM/sub-4001_ses-ofM_task-JogB_acq-EPIlowcov_run-1_cbv_pfstat.nii.gz,1,ofM,4001,JogB,1.531350148566371,1.0501666069030762,Generic,Generic
2,EPIlowcov,BOLD,/home/chymera/ni_data/ofM.dr/l1/generic/sub-4001/ses-ofMaF/sub-4001_ses-ofMaF_task-JogB_acq-EPIlowcov_run-0_bold_pfstat.nii.gz,0,ofMaF,4001,JogB,2.048816208759181,1.3709211349487305,Generic,Generic
3,EPIlowcov,CBV,/home/chymera/ni_data/ofM.dr/l1/generic/sub-4001/ses-ofMaF/sub-4001_ses-ofMaF_task-JogB_acq-EPIlowcov_run-1_cbv_pfstat.nii.gz,1,ofMaF,4001,JogB,1.6446304141983101,1.1444774866104126,Generic,Generic
4,EPIlowcov,BOLD,/home/chymera/ni_data/ofM.dr/l1/generic/sub-4001/ses-ofMcF1/sub-4001_ses-ofMcF1_task-JogB_acq-EPIlowcov_run-0_bold_pfstat.nii.gz,0,ofMcF1,4001,JogB,1.8874691774881047,1.3324545621871948,Generic,Generic
5,EPIlowcov,CBV,/home/chymera/ni_data/ofM.dr/l1/generic/sub-4001/ses-ofMcF1/sub-4001_ses-ofMcF1_task-JogB_acq-EPIlowcov_run-1_cbv_pfstat.nii.gz,1,ofMcF1,4001,JogB,1.916004487955423,1.2758604288101196,Generic,Generic
6,EPIlowcov,BOLD,/home/chymera/ni_data/ofM.dr/l1/generic/sub-4001/ses-ofMcF2/sub-4001_ses-ofMcF2_task-JogB_acq-EPIlowcov_run-0_bold_pfstat.nii.gz,0,ofMcF2,4001,JogB,1.9027767685784938,1.2722381353378296,Generic,Generic
7,EPIlowcov,CBV,/home/chymera/ni_data/ofM.dr/l1/generic/sub-4001/ses-ofMcF2/sub-4001_ses-ofMcF2_task-JogB_acq-EPIlowcov_run-1_cbv_pfstat.nii.gz,1,ofMcF2,4001,JogB,1.8891619145935916,1.2363190650939941,Generic,Generic
8,EPIlowcov,BOLD,/home/chymera/ni_data/ofM.dr/l1/generic/sub-4002/ses-ofM/sub-4002_ses-ofM_task-JogB_acq-EPIlowcov_run-0_bold_pfstat.nii.gz,0,ofM,4002,JogB,2.5262535361645853,1.844054102897644,Generic,Generic
9,EPIlowcov,CBV,/home/chymera/ni_data/ofM.dr/l1/generic/sub-4002/ses-ofM/sub-4002_ses-ofM_task-JogB_acq-EPIlowcov_run-1_cbv_pfstat.nii.gz,1,ofM,4002,JogB,1.6260248231430015,1.1518031358718872,Generic,Generic
10,EPIlowcov,BOLD,/home/chymera/ni_data/ofM.dr/l1/generic/sub-4004/ses-ofM/sub-4004_ses-ofM_task-JogB_acq-EPIlowcov_run-0_bold_pfstat.nii.gz,0,ofM,4004,JogB,1.7561464263407942,1.2054150104522705,Generic,Generic
11,EPIlowcov,CBV,/home/chymera/ni_data/ofM.dr/l1/generic/sub-4004/ses-ofM/sub-4004_ses-ofM_task-JogB_acq-EPIlowcov_run-1_cbv_pfstat.nii.gz,1,ofM,4004,JogB,1.7084073252293486,1.179277777671814,Generic,Generic
12,EPIlowcov,BOLD,/home/chymera/ni_data/ofM.dr/l1/generic/sub-4005/ses-ofM/sub-4005_ses-ofM_task-JogB_acq-EPIlowcov_run-0_bold_pfstat.nii.gz,0,ofM,4005,JogB,1.758313067955256,1.210390567779541,Generic,Generic
13,EPIlowcov,CBV,/home/chymera/ni_data/ofM.dr/l1/generic/sub-4005/ses-ofM/sub-4005_ses-ofM_task-JogB_acq-EPIlowcov_run-1_cbv_pfstat.nii.gz,1,ofM,4005,JogB,2.5543241781776773,1.5270038843154907,Generic,Generic
14,EPIlowcov,BOLD,/home/chymera/ni_data/ofM.dr/l1/generic/sub-4005/ses-ofMaF/sub-4005_ses-ofMaF_task-JogB_acq-EPIlowcov_run-0_bold_pfstat.nii.gz,0,ofMaF,4005,JogB,2.0002667149967093,1.2886097431182861,Generic,Generic
15,EPIlowcov,CBV,/home/chymera/ni_data/ofM.dr/l1/generic/sub-4005/ses-ofMaF/sub-4005_ses-ofMaF_task-JogB_acq-EPIlowcov_run-1_cbv_pfstat.nii.gz,1,ofMaF,4005,JogB,1.5238601184359264,1.0393582582473755,Generic,Generic
16,EPIlowcov,BOLD,/home/chymera/ni_data/ofM.dr/l1/generic/sub-4006/ses-ofM/sub-4006_ses-ofM_task-JogB_acq-EPIlowcov_run-0_bold_pfstat.nii.gz,0,ofM,4006,JogB,1.5245357378329862,1.0589067935943604,Generic,Generic
17,EPIlowcov,CBV,/home/chymera/ni_data/ofM.dr/l1/generic/sub-4006/ses-ofM/sub-4006_ses-ofM_task-JogB_acq-EPIlowcov_run-1_cbv_pfstat.nii.gz,1,ofM,4006,JogB,1.7120853170864188,1.1908535957336426,Generic,Generic
18,EPIlowcov,BOLD,/home/chymera/ni_data/ofM.dr/l1/generic/sub-4007/ses-ofM/sub-4007_ses-ofM_task-JogB_acq-EPIlowcov_run-0_bold_pfstat.nii.gz,0,ofM,4007,JogB,1.772347276008797,1.173398733139038,Generic,Generic
19,EPIlowcov,CBV,/home/chymera/ni_data/ofM.dr/l1/generic/sub-4007/ses-ofM/sub-4007_ses-ofM_task-JogB_acq-EPIlowcov_run-1_cbv_pfstat.nii.gz,1,ofM,4007,JogB,2.234148369926813,1.4470034837722778,Generic,Generic
20,EPIlowcov,BOLD,/home/chymera/ni_data/ofM.dr/l1/generic/sub-4007/ses-ofMaF/sub-4007_ses-ofMaF_task-JogB_acq-EPIlowcov_run-0_bold_pfstat.nii.gz,0,ofMaF,4007,JogB,2.9744884474174884,1.7153198719024658,Generic,Generic
21,EPIlowcov,CBV,/home/chymera/ni_data/ofM.dr/l1/generic/sub-4007/ses-ofMaF/sub-4007_ses-ofMaF_task-JogB_acq-EPIlowcov_run-1_cbv_pfstat.nii.gz,1,ofMaF,4007,JogB,5.952965558148955,3.447908639907837,Generic,Generic
22,EPIlowcov,BOLD,/home/chymera/ni_data/ofM.dr/l1/generic/sub-4007/ses-ofMcF1/sub-4007_ses-ofMcF1_task-JogB_acq-EPIlowcov_run-0_bold_pfstat.nii.gz,0,ofMcF1,4007,JogB,2.36712062749575,1.4397691488265991,Generic,Generic
23,EPIlowcov,CBV,/home/chymera/ni_data/ofM.dr/l1/generic/sub-4007/ses-ofMcF1/sub-4007_ses-ofMcF1_task-JogB_acq-EPIlowcov_run-1_cbv_pfstat.nii.gz,1,ofMcF1,4007,JogB,2.716044824594086,1.6984071731567383,Generic,Generic
24,EPIlowcov,BOLD,/home/chymera/ni_data/ofM.dr/l1/generic/sub-4007/ses-ofMcF2/sub-4007_ses-ofMcF2_task-JogB_acq-EPIlowcov_run-0_bold_pfstat.nii.gz,0,ofMcF2,4007,JogB,2.9490806642232386,1.9024337530136108,Generic,Generic
25,EPIlowcov,CBV,/home/chymera/ni_data/ofM.dr/l1/generic/sub-4007/ses-ofMcF2/sub-4007_ses-ofMcF2_task-JogB_acq-EPIlowcov_run-1_cbv_pfstat.nii.gz,1,ofMcF2,4007,JogB,4.4373768194666106,2.4037489891052246,Generic,Generic
26,EPIlowcov,BOLD,/home/chymera/ni_data/ofM.dr/l1/generic/sub-4007/ses-ofMpF/sub-4007_ses-ofMpF_task-JogB_acq-EPIlowcov_run-0_bold_pfstat.nii.gz,0,ofMpF,4007,JogB,1.6744586698692785,1.194731593132019,Generic,Generic
27,EPIlowcov,CBV,/home/chymera/ni_data/ofM.dr/l1/generic/sub-4007/ses-ofMpF/sub-4007_ses-ofMpF_task-JogB_acq-EPIlowcov_run-1_cbv_pfstat.nii.gz,1,ofMpF,4007,JogB,1.6723646600492255,1.1636067628860474,Generic,Generic
28,EPIlowcov,BOLD,/home/chymera/ni_data/ofM.dr/l1/generic/sub-4008/ses-ofM/sub-4008_ses-ofM_task-JogB_acq-EPIlowcov_run-0_bold_pfstat.nii.gz,0,ofM,4008,JogB,2.143809747722253,1.4159945249557495,Generic,Generic
29,EPIlowcov,CBV,/home/chymera/ni_data/ofM.dr/l1/generic/sub-4008/ses-ofM/sub-4008_ses-ofM_task-JogB_acq-EPIlowcov_run-1_cbv_pfstat.nii.gz,1,ofM,4008,JogB,2.1132907125622293,1.3589305877685547,Generic,Generic
30,EPIlowcov,BOLD,/home/chymera/ni_data/ofM.dr/l1/generic/sub-4008/ses-ofMaF/sub-4008_ses-ofMaF_task-JogB_acq-EPIlowcov_run-0_bold_pfstat.nii.gz,0,ofMaF,4008,JogB,5.005306510765833,2.841224193572998,Generic,Generic
31,EPIlowcov,CBV,/home/chymera/ni_data/ofM.dr/l1/generic/sub-4008/ses-ofMaF/sub-4008_ses-ofMaF_task-JogB_acq-EPIlowcov_run-1_cbv_pfstat.nii.gz,1,ofMaF,4008,JogB,7.027827951013279,4.6673479080200195,Generic,Generic
32,EPIlowcov,BOLD,/home/chymera/ni_data/ofM.dr/l1/generic/sub-4008/ses-ofMcF1/sub-4008_ses-ofMcF1_task-JogB_acq-EPIlowcov_run-0_bold_pfstat.nii.gz,0,ofMcF1,4008,JogB,2.727834880315022,1.6498692035675049,Generic,Generic
33,EPIlowcov,CBV,/home/chymera/ni_data/ofM.dr/l1/generic/sub-4008/ses-ofMcF1/sub-4008_ses-ofMcF1_task-JogB_acq-EPIlowcov_run-1_cbv_pfstat.nii.gz,1,ofMcF1,4008,JogB,1.6760797069358198,1.1193366050720215,Generic,Generic
34,EPIlowcov,BOLD,/home/chymera/ni_data/ofM.dr/l1/generic/sub-4008/ses-ofMcF2/sub-4008_ses-ofMcF2_task-JogB_acq-EPIlowcov_run-0_bold_pfstat.nii.gz,0,ofMcF2,4008,JogB,6.990425023877746,5.565423488616943,Generic,Generic
35,EPIlowcov,CBV,/home/chymera/ni_data/ofM.dr/l1/generic/sub-4008/ses-ofMcF2/sub-4008_ses-ofMcF2_task-JogB_acq-EPIlowcov_run-1_cbv_pfstat.nii.gz,1,ofMcF2,4008,JogB,3.019129267740506,1.7728667259216309,Generic,Generic
36,EPIlowcov,BOLD,/home/chymera/ni_data/ofM.dr/l1/generic/sub-4008/ses-ofMpF/sub-4008_ses-ofMpF_task-JogB_acq-EPIlowcov_run-0_bold_pfstat.nii.gz,0,ofMpF,4008,JogB,1.7716164234140315,1.2221544981002808,Generic,Generic
37,EPIlowcov,CBV,/home/chymera/ni_data/ofM.dr/l1/generic/sub-4008/ses-ofMpF/sub-4008_ses-ofMpF_task-JogB_acq-EPIlowcov_run-1_cbv_pfstat.nii.gz,1,ofMpF,4008,JogB,1.941497948123175,1.2762788534164429,Generic,Generic
38,EPIlowcov,BOLD,/home/chymera/ni_data/ofM.dr/l1/generic/sub-4009/ses-ofM/sub-4009_ses-ofM_task-JogB_acq-EPIlowcov_run-0_bold_pfstat.nii.gz,0,ofM,4009,JogB,1.5834362612040853,1.123484492301941,Generic,Generic
39,EPIlowcov,CBV,/home/chymera/ni_data/ofM.dr/l1/generic/sub-4009/ses-ofM/sub-4009_ses-ofM_task-JogB_acq-EPIlowcov_run-1_cbv_pfstat.nii.gz,1,ofM,4009,JogB,1.6281094579508213,1.119088888168335,Generic,Generic
40,EPIlowcov,BOLD,/home/chymera/ni_data/ofM.dr/l1/generic/sub-4009/ses-ofMaF/sub-4009_ses-ofMaF_task-JogB_acq-EPIlowcov_run-0_bold_pfstat.nii.gz,0,ofMaF,4009,JogB,1.5934669790172167,1.1052372455596924,Generic,Generic
41,EPIlowcov,CBV,/home/chymera/ni_data/ofM.dr/l1/generic/sub-4009/ses-ofMaF/sub-4009_ses-ofMaF_task-JogB_acq-EPIlowcov_run-1_cbv_pfstat.nii.gz,1,ofMaF,4009,JogB,1.573903737399496,1.0969641208648682,Generic,Generic
42,EPIlowcov,BOLD,/home/chymera/ni_data/ofM.dr/l1/generic/sub-4009/ses-ofMcF1/sub-4009_ses-ofMcF1_task-JogB_acq-EPIlowcov_run-0_bold_pfstat.nii.gz,0,ofMcF1,4009,JogB,1.7986825659461003,1.2459001541137695,Generic,Generic
43,EPIlowcov,CBV,/home/chymera/ni_data/ofM.dr/l1/generic/sub-4009/ses-ofMcF1/sub-4009_ses-ofMcF1_task-JogB_acq-EPIlowcov_run-1_cbv_pfstat.nii.gz,1,ofMcF1,4009,JogB,1.5540869955881793,1.0520282983779907,Generic,Generic
44,EPIlowcov,BOLD,/home/chymera/ni_data/ofM.dr/l1/generic/sub-4009/ses-ofMcF2/sub-4009_ses-ofMcF2_task-JogB_acq-EPIlowcov_run-0_bold_pfstat.nii.gz,0,ofMcF2,4009,JogB,7.914095765652105,7.469626426696777,Generic,Generic
45,EPIlowcov,CBV,/home/chymera/ni_data/ofM.dr/l1/generic/sub-4009/ses-ofMcF2/sub-4009_ses-ofMcF2_task-JogB_acq-EPIlowcov_run-1_cbv_pfstat.nii.gz,1,ofMcF2,4009,JogB,1.8089238545622748,1.2886922359466553,Generic,Generic
46,EPIlowcov,BOLD,/home/chymera/ni_data/ofM.dr/l1/generic/sub-4009/ses-ofMpF/sub-4009_ses-ofMpF_task-JogB_acq-EPIlowcov_run-0_bold_pfstat.nii.gz,0,ofMpF,4009,JogB,1.6616681088735052,1.1190977096557617,Generic,Generic
47,EPIlowcov,CBV,/home/chymera/ni_data/ofM.dr/l1/generic/sub-4009/ses-ofMpF/sub-4009_ses-ofMpF_task-JogB_acq-EPIlowcov_run-1_cbv_pfstat.nii.gz,1,ofMpF,4009,JogB,1.6066379433638445,1.0968186855316162,Generic,Generic
48,EPIlowcov,BOLD,/home/chymera/ni_data/ofM.dr/l1/generic/sub-4011/ses-ofM/sub-4011_ses-ofM_task-JogB_acq-EPIlowcov_run-0_bold_pfstat.nii.gz,0,ofM,4011,JogB,1.8252243657583336,1.2058584690093994,Generic,Generic
49,EPIlowcov,CBV,/home/chymera/ni_data/ofM.dr/l1/generic/sub-4011/ses-ofM/sub-4011_ses-ofM_task-JogB_acq-EPIlowcov_run-1_cbv_pfstat.nii.gz,1,ofM,4011,JogB,3.436749983522588,1.8804192543029785,Generic,Generic
50,EPIlowcov,BOLD,/home/chymera/ni_data/ofM.dr/l1/generic/sub-4011/ses-ofMaF/sub-4011_ses-ofMaF_task-JogB_acq-EPIlowcov_run-0_bold_pfstat.nii.gz,0,ofMaF,4011,JogB,2.799486828202047,1.653552532196045,Generic,Generic
51,EPIlowcov,CBV,/home/chymera/ni_data/ofM.dr/l1/generic/sub-4011/ses-ofMaF/sub-4011_ses-ofMaF_task-JogB_acq-EPIlowcov_run-1_cbv_pfstat.nii.gz,1,ofMaF,4011,JogB,6.535017617592121,4.046159267425537,Generic,Generic
52,EPIlowcov,BOLD,/home/chymera/ni_data/ofM.dr/l1/generic/sub-4011/ses-ofMcF1/sub-4011_ses-ofMcF1_task-JogB_acq-EPIlowcov_run-0_bold_pfstat.nii.gz,0,ofMcF1,4011,JogB,3.361025282905641,1.922677755355835,Generic,Generic
53,EPIlowcov,CBV,/home/chymera/ni_data/ofM.dr/l1/generic/sub-4011/ses-ofMcF1/sub-4011_ses-ofMcF1_task-JogB_acq-EPIlowcov_run-1_cbv_pfstat.nii.gz,1,ofMcF1,4011,JogB,5.512053082362314,3.222417116165161,Generic,Generic
54,EPIlowcov,BOLD,/home/chymera/ni_data/ofM.dr/l1/generic/sub-4011/ses-ofMcF2/sub-4011_ses-ofMcF2_task-JogB_acq-EPIlowcov_run-0_bold_pfstat.nii.gz,0,ofMcF2,4011,JogB,2.908460582742175,1.7651971578598022,Generic,Generic
55,EPIlowcov,CBV,/home/chymera/ni_data/ofM.dr/l1/generic/sub-4011/ses-ofMcF2/sub-4011_ses-ofMcF2_task-JogB_acq-EPIlowcov_run-1_cbv_pfstat.nii.gz,1,ofMcF2,4011,JogB,2.1495364228825165,1.346690058708191,Generic,Generic
56,EPIlowcov,BOLD,/home/chymera/ni_data/ofM.dr/l1/generic/sub-4012/ses-ofM/sub-4012_ses-ofM_task-JogB_acq-EPIlowcov_run-0_bold_pfstat.nii.gz,0,ofM,4012,JogB,1.5928412857515053,1.0947003364562988,Generic,Generic
57,EPIlowcov,CBV,/home/chymera/ni_data/ofM.dr/l1/generic/sub-4012/ses-ofM/sub-4012_ses-ofM_task-JogB_acq-EPIlowcov_run-1_cbv_pfstat.nii.gz,1,ofM,4012,JogB,2.1248270245206666,1.3137913942337036,Generic,Generic
58,EPIlowcov,BOLD,/home/chymera/ni_data/ofM.dr/l1/generic/sub-4012/ses-ofMaF/sub-4012_ses-ofMaF_task-JogB_acq-EPIlowcov_run-0_bold_pfstat.nii.gz,0,ofMaF,4012,JogB,2.9284680914139174,1.7856147289276123,Generic,Generic
59,EPIlowcov,CBV,/home/chymera/ni_data/ofM.dr/l1/generic/sub-4012/ses-ofMaF/sub-4012_ses-ofMaF_task-JogB_acq-EPIlowcov_run-1_cbv_pfstat.nii.gz,1,ofMaF,4012,JogB,1.5925506215402545,1.091102957725525,Generic,Generic
60,EPIlowcov,BOLD,/home/chymera/ni_data/ofM.dr/l1/generic/sub-4012/ses-ofMcF1/sub-4012_ses-ofMcF1_task-JogB_acq-EPIlowcov_run-0_bold_pfstat.nii.gz,0,ofMcF1,4012,JogB,1.6930382682740912,1.1886932849884033,Generic,Generic
61,EPIlowcov,CBV,/home/chymera/ni_data/ofM.dr/l1/generic/sub-4012/ses-ofMcF1/sub-4012_ses-ofMcF1_task-JogB_acq-EPIlowcov_run-1_cbv_pfstat.nii.gz,1,ofMcF1,4012,JogB,2.260484154242448,1.4051544666290283,Generic,Generic
62,EPIlowcov,BOLD,/home/chymera/ni_data/ofM.dr/l1/generic/sub-4012/ses-ofMcF2/sub-4012_ses-ofMcF2_task-JogB_acq-EPIlowcov_run-0_bold_pfstat.nii.gz,0,ofMcF2,4012,JogB,7.018543006039353,5.981166362762451,Generic,Generic
63,EPIlowcov,CBV,/home/chymera/ni_data/ofM.dr/l1/generic/sub-4012/ses-ofMcF2/sub-4012_ses-ofMcF2_task-JogB_acq-EPIlowcov_run-1_cbv_pfstat.nii.gz,1,ofMcF2,4012,JogB,3.054966215889765,1.917041301727295,Generic,Generic
64,EPIlowcov,BOLD,/home/chymera/ni_data/ofM.dr/l1/generic/sub-4012/ses-ofMpF/sub-4012_ses-ofMpF_task-JogB_acq-EPIlowcov_run-0_bold_pfstat.nii.gz,0,ofMpF,4012,JogB,1.5932132112895265,1.1138139963150024,Generic,Generic
65,EPIlowcov,CBV,/home/chymera/ni_data/ofM.dr/l1/generic/sub-4012/ses-ofMpF/sub-4012_ses-ofMpF_task-JogB_acq-EPIlowcov_run-1_cbv_pfstat.nii.gz,1,ofMpF,4012,JogB,1.760416469586605,1.1698814630508423,Generic,Generic
66,EPIlowcov,BOLD,/home/chymera/ni_data/ofM.dr/l1/generic/sub-4013/ses-ofM/sub-4013_ses-ofM_task-JogB_acq-EPIlowcov_run-0_bold_pfstat.nii.gz,0,ofM,4013,JogB,1.5627017378123758,1.0800840854644775,Generic,Generic
67,EPIlowcov,CBV,/home/chymera/ni_data/ofM.dr/l1/generic/sub-4013/ses-ofM/sub-4013_ses-ofM_task-JogB_acq-EPIlowcov_run-1_cbv_pfstat.nii.gz,1,ofM,4013,JogB,1.57589095113852,1.0760493278503418,Generic,Generic
0,EPIlowcov,BOLD,/home/chymera/ni_data/ofM.dr/l1/generic_ambmc/sub-4001/ses-ofM/sub-4001_ses-ofM_task-JogB_acq-EPIlowcov_run-0_bold_pfstat.nii.gz,0,ofM,4001,JogB,1.660499330365887,1.125470519065857,Generic,Legacy
1,EPIlowcov,CBV,/home/chymera/ni_data/ofM.dr/l1/generic_ambmc/sub-4001/ses-ofM/sub-4001_ses-ofM_task-JogB_acq-EPIlowcov_run-1_cbv_pfstat.nii.gz,1,ofM,4001,JogB,1.5354897240586376,1.038741111755371,Generic,Legacy
2,EPIlowcov,BOLD,/home/chymera/ni_data/ofM.dr/l1/generic_ambmc/sub-4001/ses-ofMaF/sub-4001_ses-ofMaF_task-JogB_acq-EPIlowcov_run-0_bold_pfstat.nii.gz,0,ofMaF,4001,JogB,2.073449499228582,1.3894591331481934,Generic,Legacy
3,EPIlowcov,CBV,/home/chymera/ni_data/ofM.dr/l1/generic_ambmc/sub-4001/ses-ofMaF/sub-4001_ses-ofMaF_task-JogB_acq-EPIlowcov_run-1_cbv_pfstat.nii.gz,1,ofMaF,4001,JogB,1.6360038693035253,1.146933913230896,Generic,Legacy
4,EPIlowcov,BOLD,/home/chymera/ni_data/ofM.dr/l1/generic_ambmc/sub-4001/ses-ofMcF1/sub-4001_ses-ofMcF1_task-JogB_acq-EPIlowcov_run-0_bold_pfstat.nii.gz,0,ofMcF1,4001,JogB,1.9286136392873223,1.3559046983718872,Generic,Legacy
5,EPIlowcov,CBV,/home/chymera/ni_data/ofM.dr/l1/generic_ambmc/sub-4001/ses-ofMcF1/sub-4001_ses-ofMcF1_task-JogB_acq-EPIlowcov_run-1_cbv_pfstat.nii.gz,1,ofMcF1,4001,JogB,2.0309648027171616,1.3264753818511963,Generic,Legacy
6,EPIlowcov,BOLD,/home/chymera/ni_data/ofM.dr/l1/generic_ambmc/sub-4001/ses-ofMcF2/sub-4001_ses-ofMcF2_task-JogB_acq-EPIlowcov_run-0_bold_pfstat.nii.gz,0,ofMcF2,4001,JogB,1.9101425238679308,1.2649948596954346,Generic,Legacy
7,EPIlowcov,CBV,/home/chymera/ni_data/ofM.dr/l1/generic_ambmc/sub-4001/ses-ofMcF2/sub-4001_ses-ofMcF2_task-JogB_acq-EPIlowcov_run-1_cbv_pfstat.nii.gz,1,ofMcF2,4001,JogB,1.9001058408364186,1.244412899017334,Generic,Legacy
8,EPIlowcov,BOLD,/home/chymera/ni_data/ofM.dr/l1/generic_ambmc/sub-4002/ses-ofM/sub-4002_ses-ofM_task-JogB_acq-EPIlowcov_run-0_bold_pfstat.nii.gz,0,ofM,4002,JogB,2.434230559489412,1.7682430744171143,Generic,Legacy
9,EPIlowcov,CBV,/home/chymera/ni_data/ofM.dr/l1/generic_ambmc/sub-4002/ses-ofM/sub-4002_ses-ofM_task-JogB_acq-EPIlowcov_run-1_cbv_pfstat.nii.gz,1,ofM,4002,JogB,1.6292531494618396,1.144761323928833,Generic,Legacy
10,EPIlowcov,BOLD,/home/chymera/ni_data/ofM.dr/l1/generic_ambmc/sub-4004/ses-ofM/sub-4004_ses-ofM_task-JogB_acq-EPIlowcov_run-0_bold_pfstat.nii.gz,0,ofM,4004,JogB,1.7220795297258107,1.1575303077697754,Generic,Legacy
11,EPIlowcov,CBV,/home/chymera/ni_data/ofM.dr/l1/generic_ambmc/sub-4004/ses-ofM/sub-4004_ses-ofM_task-JogB_acq-EPIlowcov_run-1_cbv_pfstat.nii.gz,1,ofM,4004,JogB,1.6682838557387565,1.159970760345459,Generic,Legacy
12,EPIlowcov,BOLD,/home/chymera/ni_data/ofM.dr/l1/generic_ambmc/sub-4005/ses-ofM/sub-4005_ses-ofM_task-JogB_acq-EPIlowcov_run-0_bold_pfstat.nii.gz,0,ofM,4005,JogB,1.7625775357721858,1.229065179824829,Generic,Legacy
13,EPIlowcov,CBV,/home/chymera/ni_data/ofM.dr/l1/generic_ambmc/sub-4005/ses-ofM/sub-4005_ses-ofM_task-JogB_acq-EPIlowcov_run-1_cbv_pfstat.nii.gz,1,ofM,4005,JogB,2.046486942390532,1.3172036409378052,Generic,Legacy
14,EPIlowcov,BOLD,/home/chymera/ni_data/ofM.dr/l1/generic_ambmc/sub-4005/ses-ofMaF/sub-4005_ses-ofMaF_task-JogB_acq-EPIlowcov_run-0_bold_pfstat.nii.gz,0,ofMaF,4005,JogB,1.7249774760429337,1.1697841882705688,Generic,Legacy
15,EPIlowcov,CBV,/home/chymera/ni_data/ofM.dr/l1/generic_ambmc/sub-4005/ses-ofMaF/sub-4005_ses-ofMaF_task-JogB_acq-EPIlowcov_run-1_cbv_pfstat.nii.gz,1,ofMaF,4005,JogB,1.5274890041268463,1.0446693897247314,Generic,Legacy
16,EPIlowcov,BOLD,/home/chymera/ni_data/ofM.dr/l1/generic_ambmc/sub-4006/ses-ofM/sub-4006_ses-ofM_task-JogB_acq-EPIlowcov_run-0_bold_pfstat.nii.gz,0,ofM,4006,JogB,1.5788722522264136,1.072989583015442,Generic,Legacy
17,EPIlowcov,CBV,/home/chymera/ni_data/ofM.dr/l1/generic_ambmc/sub-4006/ses-ofM/sub-4006_ses-ofM_task-JogB_acq-EPIlowcov_run-1_cbv_pfstat.nii.gz,1,ofM,4006,JogB,1.7126219032563539,1.1634949445724487,Generic,Legacy
18,EPIlowcov,BOLD,/home/chymera/ni_data/ofM.dr/l1/generic_ambmc/sub-4007/ses-ofM/sub-4007_ses-ofM_task-JogB_acq-EPIlowcov_run-0_bold_pfstat.nii.gz,0,ofM,4007,JogB,1.715980965899827,1.132954716682434,Generic,Legacy
19,EPIlowcov,CBV,/home/chymera/ni_data/ofM.dr/l1/generic_ambmc/sub-4007/ses-ofM/sub-4007_ses-ofM_task-JogB_acq-EPIlowcov_run-1_cbv_pfstat.nii.gz,1,ofM,4007,JogB,1.9313534361709035,1.2510223388671875,Generic,Legacy
20,EPIlowcov,BOLD,/home/chymera/ni_data/ofM.dr/l1/generic_ambmc/sub-4007/ses-ofMaF/sub-4007_ses-ofMaF_task-JogB_acq-EPIlowcov_run-0_bold_pfstat.nii.gz,0,ofMaF,4007,JogB,2.6663475891542614,1.548396348953247,Generic,Legacy
21,EPIlowcov,CBV,/home/chymera/ni_data/ofM.dr/l1/generic_ambmc/sub-4007/ses-ofMaF/sub-4007_ses-ofMaF_task-JogB_acq-EPIlowcov_run-1_cbv_pfstat.nii.gz,1,ofMaF,4007,JogB,3.8774439895809665,2.1068716049194336,Generic,Legacy
22,EPIlowcov,BOLD,/home/chymera/ni_data/ofM.dr/l1/generic_ambmc/sub-4007/ses-ofMcF1/sub-4007_ses-ofMcF1_task-JogB_acq-EPIlowcov_run-0_bold_pfstat.nii.gz,0,ofMcF1,4007,JogB,2.3309368005819158,1.4298580884933472,Generic,Legacy
23,EPIlowcov,CBV,/home/chymera/ni_data/ofM.dr/l1/generic_ambmc/sub-4007/ses-ofMcF1/sub-4007_ses-ofMcF1_task-JogB_acq-EPIlowcov_run-1_cbv_pfstat.nii.gz,1,ofMcF1,4007,JogB,2.438694367961612,1.5268560647964478,Generic,Legacy
24,EPIlowcov,BOLD,/home/chymera/ni_data/ofM.dr/l1/generic_ambmc/sub-4007/ses-ofMcF2/sub-4007_ses-ofMcF2_task-JogB_acq-EPIlowcov_run-0_bold_pfstat.nii.gz,0,ofMcF2,4007,JogB,2.8533268589326393,1.754280686378479,Generic,Legacy
25,EPIlowcov,CBV,/home/chymera/ni_data/ofM.dr/l1/generic_ambmc/sub-4007/ses-ofMcF2/sub-4007_ses-ofMcF2_task-JogB_acq-EPIlowcov_run-1_cbv_pfstat.nii.gz,1,ofMcF2,4007,JogB,2.296101308099612,1.492553949356079,Generic,Legacy
26,EPIlowcov,BOLD,/home/chymera/ni_data/ofM.dr/l1/generic_ambmc/sub-4007/ses-ofMpF/sub-4007_ses-ofMpF_task-JogB_acq-EPIlowcov_run-0_bold_pfstat.nii.gz,0,ofMpF,4007,JogB,1.653861796151692,1.1674785614013672,Generic,Legacy
27,EPIlowcov,CBV,/home/chymera/ni_data/ofM.dr/l1/generic_ambmc/sub-4007/ses-ofMpF/sub-4007_ses-ofMpF_task-JogB_acq-EPIlowcov_run-1_cbv_pfstat.nii.gz,1,ofMpF,4007,JogB,1.6198837664982555,1.1389089822769165,Generic,Legacy
28,EPIlowcov,BOLD,/home/chymera/ni_data/ofM.dr/l1/generic_ambmc/sub-4008/ses-ofM/sub-4008_ses-ofM_task-JogB_acq-EPIlowcov_run-0_bold_pfstat.nii.gz,0,ofM,4008,JogB,2.016423411012985,1.3544893264770508,Generic,Legacy
29,EPIlowcov,CBV,/home/chymera/ni_data/ofM.dr/l1/generic_ambmc/sub-4008/ses-ofM/sub-4008_ses-ofM_task-JogB_acq-EPIlowcov_run-1_cbv_pfstat.nii.gz,1,ofM,4008,JogB,2.0044869376667123,1.2860016822814941,Generic,Legacy
30,EPIlowcov,BOLD,/home/chymera/ni_data/ofM.dr/l1/generic_ambmc/sub-4008/ses-ofMaF/sub-4008_ses-ofMaF_task-JogB_acq-EPIlowcov_run-0_bold_pfstat.nii.gz,0,ofMaF,4008,JogB,4.226541764018692,2.265451192855835,Generic,Legacy
31,EPIlowcov,CBV,/home/chymera/ni_data/ofM.dr/l1/generic_ambmc/sub-4008/ses-ofMaF/sub-4008_ses-ofMaF_task-JogB_acq-EPIlowcov_run-1_cbv_pfstat.nii.gz,1,ofMaF,4008,JogB,5.878590689691225,3.3527345657348633,Generic,Legacy
32,EPIlowcov,BOLD,/home/chymera/ni_data/ofM.dr/l1/generic_ambmc/sub-4008/ses-ofMcF1/sub-4008_ses-ofMcF1_task-JogB_acq-EPIlowcov_run-0_bold_pfstat.nii.gz,0,ofMcF1,4008,JogB,2.5394677725937447,1.5045185089111328,Generic,Legacy
33,EPIlowcov,CBV,/home/chymera/ni_data/ofM.dr/l1/generic_ambmc/sub-4008/ses-ofMcF1/sub-4008_ses-ofMcF1_task-JogB_acq-EPIlowcov_run-1_cbv_pfstat.nii.gz,1,ofMcF1,4008,JogB,1.5845721872541305,1.0745781660079956,Generic,Legacy
34,EPIlowcov,BOLD,/home/chymera/ni_data/ofM.dr/l1/generic_ambmc/sub-4008/ses-ofMcF2/sub-4008_ses-ofMcF2_task-JogB_acq-EPIlowcov_run-0_bold_pfstat.nii.gz,0,ofMcF2,4008,JogB,6.336325891355533,4.671442985534668,Generic,Legacy
35,EPIlowcov,CBV,/home/chymera/ni_data/ofM.dr/l1/generic_ambmc/sub-4008/ses-ofMcF2/sub-4008_ses-ofMcF2_task-JogB_acq-EPIlowcov_run-1_cbv_pfstat.nii.gz,1,ofMcF2,4008,JogB,2.7656361315601994,1.5995429754257202,Generic,Legacy
36,EPIlowcov,BOLD,/home/chymera/ni_data/ofM.dr/l1/generic_ambmc/sub-4008/ses-ofMpF/sub-4008_ses-ofMpF_task-JogB_acq-EPIlowcov_run-0_bold_pfstat.nii.gz,0,ofMpF,4008,JogB,1.7174020859522312,1.1733447313308716,Generic,Legacy
37,EPIlowcov,CBV,/home/chymera/ni_data/ofM.dr/l1/generic_ambmc/sub-4008/ses-ofMpF/sub-4008_ses-ofMpF_task-JogB_acq-EPIlowcov_run-1_cbv_pfstat.nii.gz,1,ofMpF,4008,JogB,1.8630067825650427,1.2349685430526733,Generic,Legacy
38,EPIlowcov,BOLD,/home/chymera/ni_data/ofM.dr/l1/generic_ambmc/sub-4009/ses-ofM/sub-4009_ses-ofM_task-JogB_acq-EPIlowcov_run-0_bold_pfstat.nii.gz,0,ofM,4009,JogB,1.6043030655235822,1.1140923500061035,Generic,Legacy
39,EPIlowcov,CBV,/home/chymera/ni_data/ofM.dr/l1/generic_ambmc/sub-4009/ses-ofM/sub-4009_ses-ofM_task-JogB_acq-EPIlowcov_run-1_cbv_pfstat.nii.gz,1,ofM,4009,JogB,1.6297433912057233,1.1283177137374878,Generic,Legacy
40,EPIlowcov,BOLD,/home/chymera/ni_data/ofM.dr/l1/generic_ambmc/sub-4009/ses-ofMaF/sub-4009_ses-ofMaF_task-JogB_acq-EPIlowcov_run-0_bold_pfstat.nii.gz,0,ofMaF,4009,JogB,1.5952060105400465,1.107008934020996,Generic,Legacy
41,EPIlowcov,CBV,/home/chymera/ni_data/ofM.dr/l1/generic_ambmc/sub-4009/ses-ofMaF/sub-4009_ses-ofMaF_task-JogB_acq-EPIlowcov_run-1_cbv_pfstat.nii.gz,1,ofMaF,4009,JogB,1.5696820338600668,1.0821173191070557,Generic,Legacy
42,EPIlowcov,BOLD,/home/chymera/ni_data/ofM.dr/l1/generic_ambmc/sub-4009/ses-ofMcF1/sub-4009_ses-ofMcF1_task-JogB_acq-EPIlowcov_run-0_bold_pfstat.nii.gz,0,ofMcF1,4009,JogB,1.7810116966366967,1.224711537361145,Generic,Legacy
43,EPIlowcov,CBV,/home/chymera/ni_data/ofM.dr/l1/generic_ambmc/sub-4009/ses-ofMcF1/sub-4009_ses-ofMcF1_task-JogB_acq-EPIlowcov_run-1_cbv_pfstat.nii.gz,1,ofMcF1,4009,JogB,1.5240645234932757,1.0468891859054565,Generic,Legacy
44,EPIlowcov,BOLD,/home/chymera/ni_data/ofM.dr/l1/generic_ambmc/sub-4009/ses-ofMcF2/sub-4009_ses-ofMcF2_task-JogB_acq-EPIlowcov_run-0_bold_pfstat.nii.gz,0,ofMcF2,4009,JogB,8.323866957728983,8.146522521972656,Generic,Legacy
45,EPIlowcov,CBV,/home/chymera/ni_data/ofM.dr/l1/generic_ambmc/sub-4009/ses-ofMcF2/sub-4009_ses-ofMcF2_task-JogB_acq-EPIlowcov_run-1_cbv_pfstat.nii.gz,1,ofMcF2,4009,JogB,1.7908152014528063,1.2730181217193604,Generic,Legacy
46,EPIlowcov,BOLD,/home/chymera/ni_data/ofM.dr/l1/generic_ambmc/sub-4009/ses-ofMpF/sub-4009_ses-ofMpF_task-JogB_acq-EPIlowcov_run-0_bold_pfstat.nii.gz,0,ofMpF,4009,JogB,1.6422075687586957,1.0949522256851196,Generic,Legacy
47,EPIlowcov,CBV,/home/chymera/ni_data/ofM.dr/l1/generic_ambmc/sub-4009/ses-ofMpF/sub-4009_ses-ofMpF_task-JogB_acq-EPIlowcov_run-1_cbv_pfstat.nii.gz,1,ofMpF,4009,JogB,1.5766282014118609,1.0639090538024902,Generic,Legacy
48,EPIlowcov,BOLD,/home/chymera/ni_data/ofM.dr/l1/generic_ambmc/sub-4011/ses-ofM/sub-4011_ses-ofM_task-JogB_acq-EPIlowcov_run-0_bold_pfstat.nii.gz,0,ofM,4011,JogB,1.8218059652690266,1.2058584690093994,Generic,Legacy
49,EPIlowcov,CBV,/home/chymera/ni_data/ofM.dr/l1/generic_ambmc/sub-4011/ses-ofM/sub-4011_ses-ofM_task-JogB_acq-EPIlowcov_run-1_cbv_pfstat.nii.gz,1,ofM,4011,JogB,3.0058397096085883,1.6690309047698975,Generic,Legacy
50,EPIlowcov,BOLD,/home/chymera/ni_data/ofM.dr/l1/generic_ambmc/sub-4011/ses-ofMaF/sub-4011_ses-ofMaF_task-JogB_acq-EPIlowcov_run-0_bold_pfstat.nii.gz,0,ofMaF,4011,JogB,2.8804422317181326,1.6886084079742432,Generic,Legacy
51,EPIlowcov,CBV,/home/chymera/ni_data/ofM.dr/l1/generic_ambmc/sub-4011/ses-ofMaF/sub-4011_ses-ofMaF_task-JogB_acq-EPIlowcov_run-1_cbv_pfstat.nii.gz,1,ofMaF,4011,JogB,5.83556703186418,3.2187905311584473,Generic,Legacy
52,EPIlowcov,BOLD,/home/chymera/ni_data/ofM.dr/l1/generic_ambmc/sub-4011/ses-ofMcF1/sub-4011_ses-ofMcF1_task-JogB_acq-EPIlowcov_run-0_bold_pfstat.nii.gz,0,ofMcF1,4011,JogB,3.371266634583194,1.8482553958892822,Generic,Legacy
53,EPIlowcov,CBV,/home/chymera/ni_data/ofM.dr/l1/generic_ambmc/sub-4011/ses-ofMcF1/sub-4011_ses-ofMcF1_task-JogB_acq-EPIlowcov_run-1_cbv_pfstat.nii.gz,1,ofMcF1,4011,JogB,4.5683190190969025,2.408449649810791,Generic,Legacy
54,EPIlowcov,BOLD,/home/chymera/ni_data/ofM.dr/l1/generic_ambmc/sub-4011/ses-ofMcF2/sub-4011_ses-ofMcF2_task-JogB_acq-EPIlowcov_run-0_bold_pfstat.nii.gz,0,ofMcF2,4011,JogB,2.709247543857954,1.6251145601272583,Generic,Legacy
55,EPIlowcov,CBV,/home/chymera/ni_data/ofM.dr/l1/generic_ambmc/sub-4011/ses-ofMcF2/sub-4011_ses-ofMcF2_task-JogB_acq-EPIlowcov_run-1_cbv_pfstat.nii.gz,1,ofMcF2,4011,JogB,2.148524315927829,1.346690058708191,Generic,Legacy
56,EPIlowcov,BOLD,/home/chymera/ni_data/ofM.dr/l1/generic_ambmc/sub-4012/ses-ofM/sub-4012_ses-ofM_task-JogB_acq-EPIlowcov_run-0_bold_pfstat.nii.gz,0,ofM,4012,JogB,1.573081957266988,1.0804523229599,Generic,Legacy
57,EPIlowcov,CBV,/home/chymera/ni_data/ofM.dr/l1/generic_ambmc/sub-4012/ses-ofM/sub-4012_ses-ofM_task-JogB_acq-EPIlowcov_run-1_cbv_pfstat.nii.gz,1,ofM,4012,JogB,1.9500482838866076,1.2422442436218262,Generic,Legacy
58,EPIlowcov,BOLD,/home/chymera/ni_data/ofM.dr/l1/generic_ambmc/sub-4012/ses-ofMaF/sub-4012_ses-ofMaF_task-JogB_acq-EPIlowcov_run-0_bold_pfstat.nii.gz,0,ofMaF,4012,JogB,2.5668854753400194,1.6303327083587646,Generic,Legacy
59,EPIlowcov,CBV,/home/chymera/ni_data/ofM.dr/l1/generic_ambmc/sub-4012/ses-ofMaF/sub-4012_ses-ofMaF_task-JogB_acq-EPIlowcov_run-1_cbv_pfstat.nii.gz,1,ofMaF,4012,JogB,1.5726833878764546,1.1023223400115967,Generic,Legacy
60,EPIlowcov,BOLD,/home/chymera/ni_data/ofM.dr/l1/generic_ambmc/sub-4012/ses-ofMcF1/sub-4012_ses-ofMcF1_task-JogB_acq-EPIlowcov_run-0_bold_pfstat.nii.gz,0,ofMcF1,4012,JogB,1.6743074176326735,1.1858537197113037,Generic,Legacy
61,EPIlowcov,CBV,/home/chymera/ni_data/ofM.dr/l1/generic_ambmc/sub-4012/ses-ofMcF1/sub-4012_ses-ofMcF1_task-JogB_acq-EPIlowcov_run-1_cbv_pfstat.nii.gz,1,ofMcF1,4012,JogB,2.158234325950471,1.358245611190796,Generic,Legacy
62,EPIlowcov,BOLD,/home/chymera/ni_data/ofM.dr/l1/generic_ambmc/sub-4012/ses-ofMcF2/sub-4012_ses-ofMcF2_task-JogB_acq-EPIlowcov_run-0_bold_pfstat.nii.gz,0,ofMcF2,4012,JogB,6.5085180738991,5.159874439239502,Generic,Legacy
63,EPIlowcov,CBV,/home/chymera/ni_data/ofM.dr/l1/generic_ambmc/sub-4012/ses-ofMcF2/sub-4012_ses-ofMcF2_task-JogB_acq-EPIlowcov_run-1_cbv_pfstat.nii.gz,1,ofMcF2,4012,JogB,2.682343534631289,1.6868342161178589,Generic,Legacy
64,EPIlowcov,BOLD,/home/chymera/ni_data/ofM.dr/l1/generic_ambmc/sub-4012/ses-ofMpF/sub-4012_ses-ofMpF_task-JogB_acq-EPIlowcov_run-0_bold_pfstat.nii.gz,0,ofMpF,4012,JogB,1.5800507470904064,1.1059160232543945,Generic,Legacy
65,EPIlowcov,CBV,/home/chymera/ni_data/ofM.dr/l1/generic_ambmc/sub-4012/ses-ofMpF/sub-4012_ses-ofMpF_task-JogB_acq-EPIlowcov_run-1_cbv_pfstat.nii.gz,1,ofMpF,4012,JogB,1.7076978971923615,1.138553500175476,Generic,Legacy
66,EPIlowcov,BOLD,/home/chymera/ni_data/ofM.dr/l1/generic_ambmc/sub-4013/ses-ofM/sub-4013_ses-ofM_task-JogB_acq-EPIlowcov_run-0_bold_pfstat.nii.gz,0,ofM,4013,JogB,1.5477761414638356,1.0640486478805542,Generic,Legacy
67,EPIlowcov,CBV,/home/chymera/ni_data/ofM.dr/l1/generic_ambmc/sub-4013/ses-ofM/sub-4013_ses-ofM_task-JogB_acq-EPIlowcov_run-1_cbv_pfstat.nii.gz,1,ofM,4013,JogB,1.5820323215265395,1.0883451700210571,Generic,Legacy
0,EPIlowcov,BOLD,/home/chymera/ni_data/ofM.dr/l1/legacy/sub-4001/ses-ofM/sub-4001_ses-ofM_task-JogB_acq-EPIlowcov_run-0_bold_pfstat.nii.gz,0,ofM,4001,JogB,2.0692182227416054,1.6040384769439697,Legacy,Legacy
1,EPIlowcov,CBV,/home/chymera/ni_data/ofM.dr/l1/legacy/sub-4001/ses-ofM/sub-4001_ses-ofM_task-JogB_acq-EPIlowcov_run-1_cbv_pfstat.nii.gz,1,ofM,4001,JogB,0.000746942182396236,0.0005195443518459797,Legacy,Legacy
2,EPIlowcov,BOLD,/home/chymera/ni_data/ofM.dr/l1/legacy/sub-4001/ses-ofMaF/sub-4001_ses-ofMaF_task-JogB_acq-EPIlowcov_run-0_bold_pfstat.nii.gz,0,ofMaF,4001,JogB,2.5809817032693476,1.3349530696868896,Legacy,Legacy
3,EPIlowcov,CBV,/home/chymera/ni_data/ofM.dr/l1/legacy/sub-4001/ses-ofMaF/sub-4001_ses-ofMaF_task-JogB_acq-EPIlowcov_run-1_cbv_pfstat.nii.gz,1,ofMaF,4001,JogB,0.0021876219977199317,0.0007241420680657029,Legacy,Legacy
4,EPIlowcov,BOLD,/home/chymera/ni_data/ofM.dr/l1/legacy/sub-4001/ses-ofMcF1/sub-4001_ses-ofMcF1_task-JogB_acq-EPIlowcov_run-0_bold_pfstat.nii.gz,0,ofMcF1,4001,JogB,2.070075449811916,1.2758002281188965,Legacy,Legacy
5,EPIlowcov,CBV,/home/chymera/ni_data/ofM.dr/l1/legacy/sub-4001/ses-ofMcF1/sub-4001_ses-ofMcF1_task-JogB_acq-EPIlowcov_run-1_cbv_pfstat.nii.gz,1,ofMcF1,4001,JogB,0.018457237885590113,0.0008435493800789118,Legacy,Legacy
6,EPIlowcov,BOLD,/home/chymera/ni_data/ofM.dr/l1/legacy/sub-4001/ses-ofMcF2/sub-4001_ses-ofMcF2_task-JogB_acq-EPIlowcov_run-0_bold_pfstat.nii.gz,0,ofMcF2,4001,JogB,2.1580236626652654,1.2194267511367798,Legacy,Legacy
7,EPIlowcov,CBV,/home/chymera/ni_data/ofM.dr/l1/legacy/sub-4001/ses-ofMcF2/sub-4001_ses-ofMcF2_task-JogB_acq-EPIlowcov_run-1_cbv_pfstat.nii.gz,1,ofMcF2,4001,JogB,0.003414482407491542,0.0005561276921071112,Legacy,Legacy
8,EPIlowcov,BOLD,/home/chymera/ni_data/ofM.dr/l1/legacy/sub-4002/ses-ofM/sub-4002_ses-ofM_task-JogB_acq-EPIlowcov_run-0_bold_pfstat.nii.gz,0,ofM,4002,JogB,3.7432463385794104,2.761423349380493,Legacy,Legacy
9,EPIlowcov,CBV,/home/chymera/ni_data/ofM.dr/l1/legacy/sub-4002/ses-ofM/sub-4002_ses-ofM_task-JogB_acq-EPIlowcov_run-1_cbv_pfstat.nii.gz,1,ofM,4002,JogB,0.0020662592517371437,0.0010970209259539843,Legacy,Legacy
10,EPIlowcov,BOLD,/home/chymera/ni_data/ofM.dr/l1/legacy/sub-4004/ses-ofM/sub-4004_ses-ofM_task-JogB_acq-EPIlowcov_run-0_bold_pfstat.nii.gz,0,ofM,4004,JogB,2.503279374343088,1.83838951587677,Legacy,Legacy
11,EPIlowcov,CBV,/home/chymera/ni_data/ofM.dr/l1/legacy/sub-4004/ses-ofM/sub-4004_ses-ofM_task-JogB_acq-EPIlowcov_run-1_cbv_pfstat.nii.gz,1,ofM,4004,JogB,0.02963210748097548,0.0006311700562946498,Legacy,Legacy
12,EPIlowcov,BOLD,/home/chymera/ni_data/ofM.dr/l1/legacy/sub-4005/ses-ofM/sub-4005_ses-ofM_task-JogB_acq-EPIlowcov_run-0_bold_pfstat.nii.gz,0,ofM,4005,JogB,1.887743230347956,0.9850877523422241,Legacy,Legacy
13,EPIlowcov,CBV,/home/chymera/ni_data/ofM.dr/l1/legacy/sub-4005/ses-ofM/sub-4005_ses-ofM_task-JogB_acq-EPIlowcov_run-1_cbv_pfstat.nii.gz,1,ofM,4005,JogB,0.005722042522038969,0.0007829534588381648,Legacy,Legacy
14,EPIlowcov,BOLD,/home/chymera/ni_data/ofM.dr/l1/legacy/sub-4005/ses-ofMaF/sub-4005_ses-ofMaF_task-JogB_acq-EPIlowcov_run-0_bold_pfstat.nii.gz,0,ofMaF,4005,JogB,2.3346954175195,1.242293357849121,Legacy,Legacy
15,EPIlowcov,CBV,/home/chymera/ni_data/ofM.dr/l1/legacy/sub-4005/ses-ofMaF/sub-4005_ses-ofMaF_task-JogB_acq-EPIlowcov_run-1_cbv_pfstat.nii.gz,1,ofMaF,4005,JogB,0.02407198268280308,0.0010220147669315338,Legacy,Legacy
16,EPIlowcov,BOLD,/home/chymera/ni_data/ofM.dr/l1/legacy/sub-4006/ses-ofM/sub-4006_ses-ofM_task-JogB_acq-EPIlowcov_run-0_bold_pfstat.nii.gz,0,ofM,4006,JogB,1.6984467702398074,1.4186546802520752,Legacy,Legacy
17,EPIlowcov,CBV,/home/chymera/ni_data/ofM.dr/l1/legacy/sub-4006/ses-ofM/sub-4006_ses-ofM_task-JogB_acq-EPIlowcov_run-1_cbv_pfstat.nii.gz,1,ofM,4006,JogB,0.0029908176174586925,0.000839399581309408,Legacy,Legacy
18,EPIlowcov,BOLD,/home/chymera/ni_data/ofM.dr/l1/legacy/sub-4007/ses-ofM/sub-4007_ses-ofM_task-JogB_acq-EPIlowcov_run-0_bold_pfstat.nii.gz,0,ofM,4007,JogB,2.0451173279581787,1.4283719062805176,Legacy,Legacy
19,EPIlowcov,CBV,/home/chymera/ni_data/ofM.dr/l1/legacy/sub-4007/ses-ofM/sub-4007_ses-ofM_task-JogB_acq-EPIlowcov_run-1_cbv_pfstat.nii.gz,1,ofM,4007,JogB,0.009439891172192651,0.0006914855330251157,Legacy,Legacy
20,EPIlowcov,BOLD,/home/chymera/ni_data/ofM.dr/l1/legacy/sub-4007/ses-ofMaF/sub-4007_ses-ofMaF_task-JogB_acq-EPIlowcov_run-0_bold_pfstat.nii.gz,0,ofMaF,4007,JogB,4.075887177075842,2.24528431892395,Legacy,Legacy
21,EPIlowcov,CBV,/home/chymera/ni_data/ofM.dr/l1/legacy/sub-4007/ses-ofMaF/sub-4007_ses-ofMaF_task-JogB_acq-EPIlowcov_run-1_cbv_pfstat.nii.gz,1,ofMaF,4007,JogB,0.0036500813772821212,0.0014307289384305477,Legacy,Legacy
22,EPIlowcov,BOLD,/home/chymera/ni_data/ofM.dr/l1/legacy/sub-4007/ses-ofMcF1/sub-4007_ses-ofMcF1_task-JogB_acq-EPIlowcov_run-0_bold_pfstat.nii.gz,0,ofMcF1,4007,JogB,3.3741205157105716,1.8970006704330444,Legacy,Legacy
23,EPIlowcov,CBV,/home/chymera/ni_data/ofM.dr/l1/legacy/sub-4007/ses-ofMcF1/sub-4007_ses-ofMcF1_task-JogB_acq-EPIlowcov_run-1_cbv_pfstat.nii.gz,1,ofMcF1,4007,JogB,0.009550885209310779,0.000495507032610476,Legacy,Legacy
24,EPIlowcov,BOLD,/home/chymera/ni_data/ofM.dr/l1/legacy/sub-4007/ses-ofMcF2/sub-4007_ses-ofMcF2_task-JogB_acq-EPIlowcov_run-0_bold_pfstat.nii.gz,0,ofMcF2,4007,JogB,4.184151044835979,2.435227870941162,Legacy,Legacy
25,EPIlowcov,CBV,/home/chymera/ni_data/ofM.dr/l1/legacy/sub-4007/ses-ofMcF2/sub-4007_ses-ofMcF2_task-JogB_acq-EPIlowcov_run-1_cbv_pfstat.nii.gz,1,ofMcF2,4007,JogB,0.05505658425265012,0.0009816820966079831,Legacy,Legacy
26,EPIlowcov,BOLD,/home/chymera/ni_data/ofM.dr/l1/legacy/sub-4007/ses-ofMpF/sub-4007_ses-ofMpF_task-JogB_acq-EPIlowcov_run-0_bold_pfstat.nii.gz,0,ofMpF,4007,JogB,1.7930921371079271,1.4678547382354736,Legacy,Legacy
27,EPIlowcov,CBV,/home/chymera/ni_data/ofM.dr/l1/legacy/sub-4007/ses-ofMpF/sub-4007_ses-ofMpF_task-JogB_acq-EPIlowcov_run-1_cbv_pfstat.nii.gz,1,ofMpF,4007,JogB,0.002635257529125624,0.0006697590579278767,Legacy,Legacy
28,EPIlowcov,BOLD,/home/chymera/ni_data/ofM.dr/l1/legacy/sub-4008/ses-ofM/sub-4008_ses-ofM_task-JogB_acq-EPIlowcov_run-0_bold_pfstat.nii.gz,0,ofM,4008,JogB,2.8221432102948496,1.6857991218566895,Legacy,Legacy
29,EPIlowcov,CBV,/home/chymera/ni_data/ofM.dr/l1/legacy/sub-4008/ses-ofM/sub-4008_ses-ofM_task-JogB_acq-EPIlowcov_run-1_cbv_pfstat.nii.gz,1,ofM,4008,JogB,0.005481265634075759,0.0007561268866993487,Legacy,Legacy
30,EPIlowcov,BOLD,/home/chymera/ni_data/ofM.dr/l1/legacy/sub-4008/ses-ofMaF/sub-4008_ses-ofMaF_task-JogB_acq-EPIlowcov_run-0_bold_pfstat.nii.gz,0,ofMaF,4008,JogB,6.5158216414504615,3.630774974822998,Legacy,Legacy
31,EPIlowcov,CBV,/home/chymera/ni_data/ofM.dr/l1/legacy/sub-4008/ses-ofMaF/sub-4008_ses-ofMaF_task-JogB_acq-EPIlowcov_run-1_cbv_pfstat.nii.gz,1,ofMaF,4008,JogB,0.03342379627880905,0.0018600142793729901,Legacy,Legacy
32,EPIlowcov,BOLD,/home/chymera/ni_data/ofM.dr/l1/legacy/sub-4008/ses-ofMcF1/sub-4008_ses-ofMcF1_task-JogB_acq-EPIlowcov_run-0_bold_pfstat.nii.gz,0,ofMcF1,4008,JogB,3.9096585958676773,2.1265416145324707,Legacy,Legacy
33,EPIlowcov,CBV,/home/chymera/ni_data/ofM.dr/l1/legacy/sub-4008/ses-ofMcF1/sub-4008_ses-ofMcF1_task-JogB_acq-EPIlowcov_run-1_cbv_pfstat.nii.gz,1,ofMcF1,4008,JogB,0.016636388362650918,0.0005665472708642483,Legacy,Legacy
34,EPIlowcov,BOLD,/home/chymera/ni_data/ofM.dr/l1/legacy/sub-4008/ses-ofMcF2/sub-4008_ses-ofMcF2_task-JogB_acq-EPIlowcov_run-0_bold_pfstat.nii.gz,0,ofMcF2,4008,JogB,11.208223847983625,13.81471061706543,Legacy,Legacy
35,EPIlowcov,CBV,/home/chymera/ni_data/ofM.dr/l1/legacy/sub-4008/ses-ofMcF2/sub-4008_ses-ofMcF2_task-JogB_acq-EPIlowcov_run-1_cbv_pfstat.nii.gz,1,ofMcF2,4008,JogB,0.004409952950291634,0.0009827588219195604,Legacy,Legacy
36,EPIlowcov,BOLD,/home/chymera/ni_data/ofM.dr/l1/legacy/sub-4008/ses-ofMpF/sub-4008_ses-ofMpF_task-JogB_acq-EPIlowcov_run-0_bold_pfstat.nii.gz,0,ofMpF,4008,JogB,2.01767136762184,1.6273987293243408,Legacy,Legacy
37,EPIlowcov,CBV,/home/chymera/ni_data/ofM.dr/l1/legacy/sub-4008/ses-ofMpF/sub-4008_ses-ofMpF_task-JogB_acq-EPIlowcov_run-1_cbv_pfstat.nii.gz,1,ofMpF,4008,JogB,0.019123755837658005,0.0005408097058534622,Legacy,Legacy
38,EPIlowcov,BOLD,/home/chymera/ni_data/ofM.dr/l1/legacy/sub-4009/ses-ofM/sub-4009_ses-ofM_task-JogB_acq-EPIlowcov_run-0_bold_pfstat.nii.gz,0,ofM,4009,JogB,1.7016284721261825,1.4601022005081177,Legacy,Legacy
39,EPIlowcov,CBV,/home/chymera/ni_data/ofM.dr/l1/legacy/sub-4009/ses-ofM/sub-4009_ses-ofM_task-JogB_acq-EPIlowcov_run-1_cbv_pfstat.nii.gz,1,ofM,4009,JogB,0.0009580193192661946,0.000609654001891613,Legacy,Legacy
40,EPIlowcov,BOLD,/home/chymera/ni_data/ofM.dr/l1/legacy/sub-4009/ses-ofMaF/sub-4009_ses-ofMaF_task-JogB_acq-EPIlowcov_run-0_bold_pfstat.nii.gz,0,ofMaF,4009,JogB,1.9304265261105271,1.3759044408798218,Legacy,Legacy
41,EPIlowcov,CBV,/home/chymera/ni_data/ofM.dr/l1/legacy/sub-4009/ses-ofMaF/sub-4009_ses-ofMaF_task-JogB_acq-EPIlowcov_run-1_cbv_pfstat.nii.gz,1,ofMaF,4009,JogB,0.004130972957046592,0.00046794675290584564,Legacy,Legacy
42,EPIlowcov,BOLD,/home/chymera/ni_data/ofM.dr/l1/legacy/sub-4009/ses-ofMcF1/sub-4009_ses-ofMcF1_task-JogB_acq-EPIlowcov_run-0_bold_pfstat.nii.gz,0,ofMcF1,4009,JogB,2.2841896816396527,1.559676170349121,Legacy,Legacy
43,EPIlowcov,CBV,/home/chymera/ni_data/ofM.dr/l1/legacy/sub-4009/ses-ofMcF1/sub-4009_ses-ofMcF1_task-JogB_acq-EPIlowcov_run-1_cbv_pfstat.nii.gz,1,ofMcF1,4009,JogB,0.012326394534977544,0.00041320716263726354,Legacy,Legacy
44,EPIlowcov,BOLD,/home/chymera/ni_data/ofM.dr/l1/legacy/sub-4009/ses-ofMcF2/sub-4009_ses-ofMcF2_task-JogB_acq-EPIlowcov_run-0_bold_pfstat.nii.gz,0,ofMcF2,4009,JogB,10.509937524202025,12.485799789428711,Legacy,Legacy
45,EPIlowcov,CBV,/home/chymera/ni_data/ofM.dr/l1/legacy/sub-4009/ses-ofMcF2/sub-4009_ses-ofMcF2_task-JogB_acq-EPIlowcov_run-1_cbv_pfstat.nii.gz,1,ofMcF2,4009,JogB,0.015308065910864808,0.0014376243343576789,Legacy,Legacy
46,EPIlowcov,BOLD,/home/chymera/ni_data/ofM.dr/l1/legacy/sub-4009/ses-ofMpF/sub-4009_ses-ofMpF_task-JogB_acq-EPIlowcov_run-0_bold_pfstat.nii.gz,0,ofMpF,4009,JogB,1.8168433990706423,1.3479700088500977,Legacy,Legacy
47,EPIlowcov,CBV,/home/chymera/ni_data/ofM.dr/l1/legacy/sub-4009/ses-ofMpF/sub-4009_ses-ofMpF_task-JogB_acq-EPIlowcov_run-1_cbv_pfstat.nii.gz,1,ofMpF,4009,JogB,0.14122606646653899,0.0004810334648936987,Legacy,Legacy
48,EPIlowcov,BOLD,/home/chymera/ni_data/ofM.dr/l1/legacy/sub-4011/ses-ofM/sub-4011_ses-ofM_task-JogB_acq-EPIlowcov_run-0_bold_pfstat.nii.gz,0,ofM,4011,JogB,2.095870054143387,1.267863392829895,Legacy,Legacy
49,EPIlowcov,CBV,/home/chymera/ni_data/ofM.dr/l1/legacy/sub-4011/ses-ofM/sub-4011_ses-ofM_task-JogB_acq-EPIlowcov_run-1_cbv_pfstat.nii.gz,1,ofM,4011,JogB,0.01048417662983349,0.0010383616900071502,Legacy,Legacy
50,EPIlowcov,BOLD,/home/chymera/ni_data/ofM.dr/l1/legacy/sub-4011/ses-ofMaF/sub-4011_ses-ofMaF_task-JogB_acq-EPIlowcov_run-0_bold_pfstat.nii.gz,0,ofMaF,4011,JogB,3.188400444971511,1.414468765258789,Legacy,Legacy
51,EPIlowcov,CBV,/home/chymera/ni_data/ofM.dr/l1/legacy/sub-4011/ses-ofMaF/sub-4011_ses-ofMaF_task-JogB_acq-EPIlowcov_run-1_cbv_pfstat.nii.gz,1,ofMaF,4011,JogB,0.00569491442598956,0.0021706344559788704,Legacy,Legacy
52,EPIlowcov,BOLD,/home/chymera/ni_data/ofM.dr/l1/legacy/sub-4011/ses-ofMcF1/sub-4011_ses-ofMcF1_task-JogB_acq-EPIlowcov_run-0_bold_pfstat.nii.gz,0,ofMcF1,4011,JogB,5.1869571831609225,4.000947952270508,Legacy,Legacy
53,EPIlowcov,CBV,/home/chymera/ni_data/ofM.dr/l1/legacy/sub-4011/ses-ofMcF1/sub-4011_ses-ofMcF1_task-JogB_acq-EPIlowcov_run-1_cbv_pfstat.nii.gz,1,ofMcF1,4011,JogB,0.024901717428072446,0.0012784593272954226,Legacy,Legacy
54,EPIlowcov,BOLD,/home/chymera/ni_data/ofM.dr/l1/legacy/sub-4011/ses-ofMcF2/sub-4011_ses-ofMcF2_task-JogB_acq-EPIlowcov_run-0_bold_pfstat.nii.gz,0,ofMcF2,4011,JogB,4.056281808375283,2.1109085083007812,Legacy,Legacy
55,EPIlowcov,CBV,/home/chymera/ni_data/ofM.dr/l1/legacy/sub-4011/ses-ofMcF2/sub-4011_ses-ofMcF2_task-JogB_acq-EPIlowcov_run-1_cbv_pfstat.nii.gz,1,ofMcF2,4011,JogB,0.0021220242719296274,0.0008890829049050808,Legacy,Legacy
56,EPIlowcov,BOLD,/home/chymera/ni_data/ofM.dr/l1/legacy/sub-4012/ses-ofM/sub-4012_ses-ofM_task-JogB_acq-EPIlowcov_run-0_bold_pfstat.nii.gz,0,ofM,4012,JogB,1.5795508666053548,1.0551254749298096,Legacy,Legacy
57,EPIlowcov,CBV,/home/chymera/ni_data/ofM.dr/l1/legacy/sub-4012/ses-ofM/sub-4012_ses-ofM_task-JogB_acq-EPIlowcov_run-1_cbv_pfstat.nii.gz,1,ofM,4012,JogB,0.012820532992329686,0.0008803415112197399,Legacy,Legacy
58,EPIlowcov,BOLD,/home/chymera/ni_data/ofM.dr/l1/legacy/sub-4012/ses-ofMaF/sub-4012_ses-ofMaF_task-JogB_acq-EPIlowcov_run-0_bold_pfstat.nii.gz,0,ofMaF,4012,JogB,4.117803787271118,2.2545056343078613,Legacy,Legacy
59,EPIlowcov,CBV,/home/chymera/ni_data/ofM.dr/l1/legacy/sub-4012/ses-ofMaF/sub-4012_ses-ofMaF_task-JogB_acq-EPIlowcov_run-1_cbv_pfstat.nii.gz,1,ofMaF,4012,JogB,0.010324878991227198,0.0005786649417132139,Legacy,Legacy
60,EPIlowcov,BOLD,/home/chymera/ni_data/ofM.dr/l1/legacy/sub-4012/ses-ofMcF1/sub-4012_ses-ofMcF1_task-JogB_acq-EPIlowcov_run-0_bold_pfstat.nii.gz,0,ofMcF1,4012,JogB,1.8580855939176855,1.5916097164154053,Legacy,Legacy
61,EPIlowcov,CBV,/home/chymera/ni_data/ofM.dr/l1/legacy/sub-4012/ses-ofMcF1/sub-4012_ses-ofMcF1_task-JogB_acq-EPIlowcov_run-1_cbv_pfstat.nii.gz,1,ofMcF1,4012,JogB,0.01573804519922588,0.0008232417167164385,Legacy,Legacy
62,EPIlowcov,BOLD,/home/chymera/ni_data/ofM.dr/l1/legacy/sub-4012/ses-ofMcF2/sub-4012_ses-ofMcF2_task-JogB_acq-EPIlowcov_run-0_bold_pfstat.nii.gz,0,ofMcF2,4012,JogB,11.621576277866902,15.477468490600586,Legacy,Legacy
63,EPIlowcov,CBV,/home/chymera/ni_data/ofM.dr/l1/legacy/sub-4012/ses-ofMcF2/sub-4012_ses-ofMcF2_task-JogB_acq-EPIlowcov_run-1_cbv_pfstat.nii.gz,1,ofMcF2,4012,JogB,0.025515230987796993,0.0009059046860784292,Legacy,Legacy
64,EPIlowcov,BOLD,/home/chymera/ni_data/ofM.dr/l1/legacy/sub-4012/ses-ofMpF/sub-4012_ses-ofMpF_task-JogB_acq-EPIlowcov_run-0_bold_pfstat.nii.gz,0,ofMpF,4012,JogB,1.7352626956906567,1.2887990474700928,Legacy,Legacy
65,EPIlowcov,CBV,/home/chymera/ni_data/ofM.dr/l1/legacy/sub-4012/ses-ofMpF/sub-4012_ses-ofMpF_task-JogB_acq-EPIlowcov_run-1_cbv_pfstat.nii.gz,1,ofMpF,4012,JogB,0.0232522572709797,0.0009030642686411738,Legacy,Legacy
66,EPIlowcov,BOLD,/home/chymera/ni_data/ofM.dr/l1/legacy/sub-4013/ses-ofM/sub-4013_ses-ofM_task-JogB_acq-EPIlowcov_run-0_bold_pfstat.nii.gz,0,ofM,4013,JogB,1.5188611564418875,1.024942398071289,Legacy,Legacy
67,EPIlowcov,CBV,/home/chymera/ni_data/ofM.dr/l1/legacy/sub-4013/ses-ofM/sub-4013_ses-ofM_task-JogB_acq-EPIlowcov_run-1_cbv_pfstat.nii.gz,1,ofM,4013,JogB,0.048237748211211066,0.0005238077137619257,Legacy,Legacy
0,EPIlowcov,BOLD,/home/chymera/ni_data/ofM.dr/l1/legacy_dsurqec/sub-4001/ses-ofM/sub-4001_ses-ofM_task-JogB_acq-EPIlowcov_run-0_bold_pfstat.nii.gz,0,ofM,4001,JogB,2.0585621568136663,1.5909749269485474,Legacy,Generic
1,EPIlowcov,CBV,/home/chymera/ni_data/ofM.dr/l1/legacy_dsurqec/sub-4001/ses-ofM/sub-4001_ses-ofM_task-JogB_acq-EPIlowcov_run-1_cbv_pfstat.nii.gz,1,ofM,4001,JogB,0.0007976326516428641,0.0005186761263757944,Legacy,Generic
2,EPIlowcov,BOLD,/home/chymera/ni_data/ofM.dr/l1/legacy_dsurqec/sub-4001/ses-ofMaF/sub-4001_ses-ofMaF_task-JogB_acq-EPIlowcov_run-0_bold_pfstat.nii.gz,0,ofMaF,4001,JogB,2.629335538460335,1.444756269454956,Legacy,Generic
3,EPIlowcov,CBV,/home/chymera/ni_data/ofM.dr/l1/legacy_dsurqec/sub-4001/ses-ofMaF/sub-4001_ses-ofMaF_task-JogB_acq-EPIlowcov_run-1_cbv_pfstat.nii.gz,1,ofMaF,4001,JogB,0.002350516878965342,0.0007802305044606328,Legacy,Generic
4,EPIlowcov,BOLD,/home/chymera/ni_data/ofM.dr/l1/legacy_dsurqec/sub-4001/ses-ofMcF1/sub-4001_ses-ofMcF1_task-JogB_acq-EPIlowcov_run-0_bold_pfstat.nii.gz,0,ofMcF1,4001,JogB,2.13752092361122,1.352832317352295,Legacy,Generic
5,EPIlowcov,CBV,/home/chymera/ni_data/ofM.dr/l1/legacy_dsurqec/sub-4001/ses-ofMcF1/sub-4001_ses-ofMcF1_task-JogB_acq-EPIlowcov_run-1_cbv_pfstat.nii.gz,1,ofMcF1,4001,JogB,0.020082685158682126,0.0008888494339771569,Legacy,Generic
6,EPIlowcov,BOLD,/home/chymera/ni_data/ofM.dr/l1/legacy_dsurqec/sub-4001/ses-ofMcF2/sub-4001_ses-ofMcF2_task-JogB_acq-EPIlowcov_run-0_bold_pfstat.nii.gz,0,ofMcF2,4001,JogB,2.180939616804593,1.2812072038650513,Legacy,Generic
7,EPIlowcov,CBV,/home/chymera/ni_data/ofM.dr/l1/legacy_dsurqec/sub-4001/ses-ofMcF2/sub-4001_ses-ofMcF2_task-JogB_acq-EPIlowcov_run-1_cbv_pfstat.nii.gz,1,ofMcF2,4001,JogB,0.0033588754652050857,0.0005850543966516852,Legacy,Generic
8,EPIlowcov,BOLD,/home/chymera/ni_data/ofM.dr/l1/legacy_dsurqec/sub-4002/ses-ofM/sub-4002_ses-ofM_task-JogB_acq-EPIlowcov_run-0_bold_pfstat.nii.gz,0,ofM,4002,JogB,3.7196047881826573,2.735045909881592,Legacy,Generic
9,EPIlowcov,CBV,/home/chymera/ni_data/ofM.dr/l1/legacy_dsurqec/sub-4002/ses-ofM/sub-4002_ses-ofM_task-JogB_acq-EPIlowcov_run-1_cbv_pfstat.nii.gz,1,ofM,4002,JogB,0.002123445387602565,0.0011155896354466677,Legacy,Generic
10,EPIlowcov,BOLD,/home/chymera/ni_data/ofM.dr/l1/legacy_dsurqec/sub-4004/ses-ofM/sub-4004_ses-ofM_task-JogB_acq-EPIlowcov_run-0_bold_pfstat.nii.gz,0,ofM,4004,JogB,2.3788102482674467,1.6783502101898193,Legacy,Generic
11,EPIlowcov,CBV,/home/chymera/ni_data/ofM.dr/l1/legacy_dsurqec/sub-4004/ses-ofM/sub-4004_ses-ofM_task-JogB_acq-EPIlowcov_run-1_cbv_pfstat.nii.gz,1,ofM,4004,JogB,0.02607608867553541,0.0006160309421829879,Legacy,Generic
12,EPIlowcov,BOLD,/home/chymera/ni_data/ofM.dr/l1/legacy_dsurqec/sub-4005/ses-ofM/sub-4005_ses-ofM_task-JogB_acq-EPIlowcov_run-0_bold_pfstat.nii.gz,0,ofM,4005,JogB,1.8889435336263942,1.0346237421035767,Legacy,Generic
13,EPIlowcov,CBV,/home/chymera/ni_data/ofM.dr/l1/legacy_dsurqec/sub-4005/ses-ofM/sub-4005_ses-ofM_task-JogB_acq-EPIlowcov_run-1_cbv_pfstat.nii.gz,1,ofM,4005,JogB,0.005630797513921779,0.0008076420053839684,Legacy,Generic
14,EPIlowcov,BOLD,/home/chymera/ni_data/ofM.dr/l1/legacy_dsurqec/sub-4005/ses-ofMaF/sub-4005_ses-ofMaF_task-JogB_acq-EPIlowcov_run-0_bold_pfstat.nii.gz,0,ofMaF,4005,JogB,2.2673348208000252,1.2197751998901367,Legacy,Generic
15,EPIlowcov,CBV,/home/chymera/ni_data/ofM.dr/l1/legacy_dsurqec/sub-4005/ses-ofMaF/sub-4005_ses-ofMaF_task-JogB_acq-EPIlowcov_run-1_cbv_pfstat.nii.gz,1,ofMaF,4005,JogB,0.023126983893219186,0.0010381800821051002,Legacy,Generic
16,EPIlowcov,BOLD,/home/chymera/ni_data/ofM.dr/l1/legacy_dsurqec/sub-4006/ses-ofM/sub-4006_ses-ofM_task-JogB_acq-EPIlowcov_run-0_bold_pfstat.nii.gz,0,ofM,4006,JogB,1.6999109279914897,1.3929041624069214,Legacy,Generic
17,EPIlowcov,CBV,/home/chymera/ni_data/ofM.dr/l1/legacy_dsurqec/sub-4006/ses-ofM/sub-4006_ses-ofM_task-JogB_acq-EPIlowcov_run-1_cbv_pfstat.nii.gz,1,ofM,4006,JogB,0.0031156872762352996,0.0008653753320686519,Legacy,Generic
18,EPIlowcov,BOLD,/home/chymera/ni_data/ofM.dr/l1/legacy_dsurqec/sub-4007/ses-ofM/sub-4007_ses-ofM_task-JogB_acq-EPIlowcov_run-0_bold_pfstat.nii.gz,0,ofM,4007,JogB,2.068103421303756,1.4283719062805176,Legacy,Generic
19,EPIlowcov,CBV,/home/chymera/ni_data/ofM.dr/l1/legacy_dsurqec/sub-4007/ses-ofM/sub-4007_ses-ofM_task-JogB_acq-EPIlowcov_run-1_cbv_pfstat.nii.gz,1,ofM,4007,JogB,0.010119008844136695,0.0007599517120979726,Legacy,Generic
20,EPIlowcov,BOLD,/home/chymera/ni_data/ofM.dr/l1/legacy_dsurqec/sub-4007/ses-ofMaF/sub-4007_ses-ofMaF_task-JogB_acq-EPIlowcov_run-0_bold_pfstat.nii.gz,0,ofMaF,4007,JogB,3.9438875678550755,2.1078920364379883,Legacy,Generic
21,EPIlowcov,CBV,/home/chymera/ni_data/ofM.dr/l1/legacy_dsurqec/sub-4007/ses-ofMaF/sub-4007_ses-ofMaF_task-JogB_acq-EPIlowcov_run-1_cbv_pfstat.nii.gz,1,ofMaF,4007,JogB,0.0036970067266293527,0.0014417539350688457,Legacy,Generic
22,EPIlowcov,BOLD,/home/chymera/ni_data/ofM.dr/l1/legacy_dsurqec/sub-4007/ses-ofMcF1/sub-4007_ses-ofMcF1_task-JogB_acq-EPIlowcov_run-0_bold_pfstat.nii.gz,0,ofMcF1,4007,JogB,3.3351881853949283,1.8915635347366333,Legacy,Generic
23,EPIlowcov,CBV,/home/chymera/ni_data/ofM.dr/l1/legacy_dsurqec/sub-4007/ses-ofMcF1/sub-4007_ses-ofMcF1_task-JogB_acq-EPIlowcov_run-1_cbv_pfstat.nii.gz,1,ofMcF1,4007,JogB,0.00931504112033472,0.0005105382879264653,Legacy,Generic
24,EPIlowcov,BOLD,/home/chymera/ni_data/ofM.dr/l1/legacy_dsurqec/sub-4007/ses-ofMcF2/sub-4007_ses-ofMcF2_task-JogB_acq-EPIlowcov_run-0_bold_pfstat.nii.gz,0,ofMcF2,4007,JogB,4.118360664393098,2.407258987426758,Legacy,Generic
25,EPIlowcov,CBV,/home/chymera/ni_data/ofM.dr/l1/legacy_dsurqec/sub-4007/ses-ofMcF2/sub-4007_ses-ofMcF2_task-JogB_acq-EPIlowcov_run-1_cbv_pfstat.nii.gz,1,ofMcF2,4007,JogB,0.05388472675988103,0.0010152945760637522,Legacy,Generic
26,EPIlowcov,BOLD,/home/chymera/ni_data/ofM.dr/l1/legacy_dsurqec/sub-4007/ses-ofMpF/sub-4007_ses-ofMpF_task-JogB_acq-EPIlowcov_run-0_bold_pfstat.nii.gz,0,ofMpF,4007,JogB,1.7897252847175509,1.4550464153289795,Legacy,Generic
27,EPIlowcov,CBV,/home/chymera/ni_data/ofM.dr/l1/legacy_dsurqec/sub-4007/ses-ofMpF/sub-4007_ses-ofMpF_task-JogB_acq-EPIlowcov_run-1_cbv_pfstat.nii.gz,1,ofMpF,4007,JogB,0.002638212236532992,0.0006907465867698193,Legacy,Generic
28,EPIlowcov,BOLD,/home/chymera/ni_data/ofM.dr/l1/legacy_dsurqec/sub-4008/ses-ofM/sub-4008_ses-ofM_task-JogB_acq-EPIlowcov_run-0_bold_pfstat.nii.gz,0,ofM,4008,JogB,2.8698896035073447,1.8213121891021729,Legacy,Generic
29,EPIlowcov,CBV,/home/chymera/ni_data/ofM.dr/l1/legacy_dsurqec/sub-4008/ses-ofM/sub-4008_ses-ofM_task-JogB_acq-EPIlowcov_run-1_cbv_pfstat.nii.gz,1,ofM,4008,JogB,0.005674949010919387,0.0007977352943271399,Legacy,Generic
30,EPIlowcov,BOLD,/home/chymera/ni_data/ofM.dr/l1/legacy_dsurqec/sub-4008/ses-ofMaF/sub-4008_ses-ofMaF_task-JogB_acq-EPIlowcov_run-0_bold_pfstat.nii.gz,0,ofMaF,4008,JogB,6.723212400075091,4.090847969055176,Legacy,Generic
31,EPIlowcov,CBV,/home/chymera/ni_data/ofM.dr/l1/legacy_dsurqec/sub-4008/ses-ofMaF/sub-4008_ses-ofMaF_task-JogB_acq-EPIlowcov_run-1_cbv_pfstat.nii.gz,1,ofMaF,4008,JogB,0.03336456266841552,0.0018993886187672615,Legacy,Generic
32,EPIlowcov,BOLD,/home/chymera/ni_data/ofM.dr/l1/legacy_dsurqec/sub-4008/ses-ofMcF1/sub-4008_ses-ofMcF1_task-JogB_acq-EPIlowcov_run-0_bold_pfstat.nii.gz,0,ofMcF1,4008,JogB,3.6656023164588647,1.831726312637329,Legacy,Generic
33,EPIlowcov,CBV,/home/chymera/ni_data/ofM.dr/l1/legacy_dsurqec/sub-4008/ses-ofMcF1/sub-4008_ses-ofMcF1_task-JogB_acq-EPIlowcov_run-1_cbv_pfstat.nii.gz,1,ofMcF1,4008,JogB,0.013514247075705341,0.0005414836341515183,Legacy,Generic
34,EPIlowcov,BOLD,/home/chymera/ni_data/ofM.dr/l1/legacy_dsurqec/sub-4008/ses-ofMcF2/sub-4008_ses-ofMcF2_task-JogB_acq-EPIlowcov_run-0_bold_pfstat.nii.gz,0,ofMcF2,4008,JogB,10.922294205528527,13.093652725219727,Legacy,Generic
35,EPIlowcov,CBV,/home/chymera/ni_data/ofM.dr/l1/legacy_dsurqec/sub-4008/ses-ofMcF2/sub-4008_ses-ofMcF2_task-JogB_acq-EPIlowcov_run-1_cbv_pfstat.nii.gz,1,ofMcF2,4008,JogB,0.0036612925238482725,0.0009351011831313372,Legacy,Generic
36,EPIlowcov,BOLD,/home/chymera/ni_data/ofM.dr/l1/legacy_dsurqec/sub-4008/ses-ofMpF/sub-4008_ses-ofMpF_task-JogB_acq-EPIlowcov_run-0_bold_pfstat.nii.gz,0,ofMpF,4008,JogB,1.963068604023591,1.448492169380188,Legacy,Generic
37,EPIlowcov,CBV,/home/chymera/ni_data/ofM.dr/l1/legacy_dsurqec/sub-4008/ses-ofMpF/sub-4008_ses-ofMpF_task-JogB_acq-EPIlowcov_run-1_cbv_pfstat.nii.gz,1,ofMpF,4008,JogB,0.014686451871599913,0.0005206458154134452,Legacy,Generic
38,EPIlowcov,BOLD,/home/chymera/ni_data/ofM.dr/l1/legacy_dsurqec/sub-4009/ses-ofM/sub-4009_ses-ofM_task-JogB_acq-EPIlowcov_run-0_bold_pfstat.nii.gz,0,ofM,4009,JogB,1.687025552226898,1.3884375095367432,Legacy,Generic
39,EPIlowcov,CBV,/home/chymera/ni_data/ofM.dr/l1/legacy_dsurqec/sub-4009/ses-ofM/sub-4009_ses-ofM_task-JogB_acq-EPIlowcov_run-1_cbv_pfstat.nii.gz,1,ofM,4009,JogB,0.0010227839340993632,0.000609654001891613,Legacy,Generic
40,EPIlowcov,BOLD,/home/chymera/ni_data/ofM.dr/l1/legacy_dsurqec/sub-4009/ses-ofMaF/sub-4009_ses-ofMaF_task-JogB_acq-EPIlowcov_run-0_bold_pfstat.nii.gz,0,ofMaF,4009,JogB,1.9202650307792188,1.3608676195144653,Legacy,Generic
41,EPIlowcov,CBV,/home/chymera/ni_data/ofM.dr/l1/legacy_dsurqec/sub-4009/ses-ofMaF/sub-4009_ses-ofMaF_task-JogB_acq-EPIlowcov_run-1_cbv_pfstat.nii.gz,1,ofMaF,4009,JogB,0.004300688372448591,0.0004970619920641184,Legacy,Generic
42,EPIlowcov,BOLD,/home/chymera/ni_data/ofM.dr/l1/legacy_dsurqec/sub-4009/ses-ofMcF1/sub-4009_ses-ofMcF1_task-JogB_acq-EPIlowcov_run-0_bold_pfstat.nii.gz,0,ofMcF1,4009,JogB,2.2741645710464153,1.570951223373413,Legacy,Generic
43,EPIlowcov,CBV,/home/chymera/ni_data/ofM.dr/l1/legacy_dsurqec/sub-4009/ses-ofMcF1/sub-4009_ses-ofMcF1_task-JogB_acq-EPIlowcov_run-1_cbv_pfstat.nii.gz,1,ofMcF1,4009,JogB,0.010159785518930002,0.0004120411758776754,Legacy,Generic
44,EPIlowcov,BOLD,/home/chymera/ni_data/ofM.dr/l1/legacy_dsurqec/sub-4009/ses-ofMcF2/sub-4009_ses-ofMcF2_task-JogB_acq-EPIlowcov_run-0_bold_pfstat.nii.gz,0,ofMcF2,4009,JogB,10.778428734571282,12.769330978393555,Legacy,Generic
45,EPIlowcov,CBV,/home/chymera/ni_data/ofM.dr/l1/legacy_dsurqec/sub-4009/ses-ofMcF2/sub-4009_ses-ofMcF2_task-JogB_acq-EPIlowcov_run-1_cbv_pfstat.nii.gz,1,ofMcF2,4009,JogB,0.015682775390227794,0.0014620644506067038,Legacy,Generic
46,EPIlowcov,BOLD,/home/chymera/ni_data/ofM.dr/l1/legacy_dsurqec/sub-4009/ses-ofMpF/sub-4009_ses-ofMpF_task-JogB_acq-EPIlowcov_run-0_bold_pfstat.nii.gz,0,ofMpF,4009,JogB,1.8095424622201712,1.316595196723938,Legacy,Generic
47,EPIlowcov,CBV,/home/chymera/ni_data/ofM.dr/l1/legacy_dsurqec/sub-4009/ses-ofMpF/sub-4009_ses-ofMpF_task-JogB_acq-EPIlowcov_run-1_cbv_pfstat.nii.gz,1,ofMpF,4009,JogB,0.12348434438455251,0.0004850632103625685,Legacy,Generic
48,EPIlowcov,BOLD,/home/chymera/ni_data/ofM.dr/l1/legacy_dsurqec/sub-4011/ses-ofM/sub-4011_ses-ofM_task-JogB_acq-EPIlowcov_run-0_bold_pfstat.nii.gz,0,ofM,4011,JogB,2.0941538061417644,1.267863392829895,Legacy,Generic
49,EPIlowcov,CBV,/home/chymera/ni_data/ofM.dr/l1/legacy_dsurqec/sub-4011/ses-ofM/sub-4011_ses-ofM_task-JogB_acq-EPIlowcov_run-1_cbv_pfstat.nii.gz,1,ofM,4011,JogB,0.009737408068105377,0.0010378946317359805,Legacy,Generic
50,EPIlowcov,BOLD,/home/chymera/ni_data/ofM.dr/l1/legacy_dsurqec/sub-4011/ses-ofMaF/sub-4011_ses-ofMaF_task-JogB_acq-EPIlowcov_run-0_bold_pfstat.nii.gz,0,ofMaF,4011,JogB,3.1135027689564008,1.3609980344772339,Legacy,Generic
51,EPIlowcov,CBV,/home/chymera/ni_data/ofM.dr/l1/legacy_dsurqec/sub-4011/ses-ofMaF/sub-4011_ses-ofMaF_task-JogB_acq-EPIlowcov_run-1_cbv_pfstat.nii.gz,1,ofMaF,4011,JogB,0.006012283711182546,0.0023295802529901266,Legacy,Generic
52,EPIlowcov,BOLD,/home/chymera/ni_data/ofM.dr/l1/legacy_dsurqec/sub-4011/ses-ofMcF1/sub-4011_ses-ofMcF1_task-JogB_acq-EPIlowcov_run-0_bold_pfstat.nii.gz,0,ofMcF1,4011,JogB,5.0473289152574194,3.5652480125427246,Legacy,Generic
53,EPIlowcov,CBV,/home/chymera/ni_data/ofM.dr/l1/legacy_dsurqec/sub-4011/ses-ofMcF1/sub-4011_ses-ofMcF1_task-JogB_acq-EPIlowcov_run-1_cbv_pfstat.nii.gz,1,ofMcF1,4011,JogB,0.0238513489710032,0.001324531971476972,Legacy,Generic
54,EPIlowcov,BOLD,/home/chymera/ni_data/ofM.dr/l1/legacy_dsurqec/sub-4011/ses-ofMcF2/sub-4011_ses-ofMcF2_task-JogB_acq-EPIlowcov_run-0_bold_pfstat.nii.gz,0,ofMcF2,4011,JogB,4.093475744254807,2.1759703159332275,Legacy,Generic
55,EPIlowcov,CBV,/home/chymera/ni_data/ofM.dr/l1/legacy_dsurqec/sub-4011/ses-ofMcF2/sub-4011_ses-ofMcF2_task-JogB_acq-EPIlowcov_run-1_cbv_pfstat.nii.gz,1,ofMcF2,4011,JogB,0.0022500394131874236,0.0009429356432519853,Legacy,Generic
56,EPIlowcov,BOLD,/home/chymera/ni_data/ofM.dr/l1/legacy_dsurqec/sub-4012/ses-ofM/sub-4012_ses-ofM_task-JogB_acq-EPIlowcov_run-0_bold_pfstat.nii.gz,0,ofM,4012,JogB,1.5942656350218232,1.0551254749298096,Legacy,Generic
57,EPIlowcov,CBV,/home/chymera/ni_data/ofM.dr/l1/legacy_dsurqec/sub-4012/ses-ofM/sub-4012_ses-ofM_task-JogB_acq-EPIlowcov_run-1_cbv_pfstat.nii.gz,1,ofM,4012,JogB,0.011534885446895092,0.0009025195613503456,Legacy,Generic
58,EPIlowcov,BOLD,/home/chymera/ni_data/ofM.dr/l1/legacy_dsurqec/sub-4012/ses-ofMaF/sub-4012_ses-ofMaF_task-JogB_acq-EPIlowcov_run-0_bold_pfstat.nii.gz,0,ofMaF,4012,JogB,4.210937377782645,2.4918742179870605,Legacy,Generic
59,EPIlowcov,CBV,/home/chymera/ni_data/ofM.dr/l1/legacy_dsurqec/sub-4012/ses-ofMaF/sub-4012_ses-ofMaF_task-JogB_acq-EPIlowcov_run-1_cbv_pfstat.nii.gz,1,ofMaF,4012,JogB,0.009381794712058356,0.0005845100386068225,Legacy,Generic
60,EPIlowcov,BOLD,/home/chymera/ni_data/ofM.dr/l1/legacy_dsurqec/sub-4012/ses-ofMcF1/sub-4012_ses-ofMcF1_task-JogB_acq-EPIlowcov_run-0_bold_pfstat.nii.gz,0,ofMcF1,4012,JogB,1.839958328770552,1.5161417722702026,Legacy,Generic
61,EPIlowcov,CBV,/home/chymera/ni_data/ofM.dr/l1/legacy_dsurqec/sub-4012/ses-ofMcF1/sub-4012_ses-ofMcF1_task-JogB_acq-EPIlowcov_run-1_cbv_pfstat.nii.gz,1,ofMcF1,4012,JogB,0.014088241839486081,0.0008336547762155533,Legacy,Generic
62,EPIlowcov,BOLD,/home/chymera/ni_data/ofM.dr/l1/legacy_dsurqec/sub-4012/ses-ofMcF2/sub-4012_ses-ofMcF2_task-JogB_acq-EPIlowcov_run-0_bold_pfstat.nii.gz,0,ofMcF2,4012,JogB,11.251881169532094,14.95458984375,Legacy,Generic
63,EPIlowcov,CBV,/home/chymera/ni_data/ofM.dr/l1/legacy_dsurqec/sub-4012/ses-ofMcF2/sub-4012_ses-ofMcF2_task-JogB_acq-EPIlowcov_run-1_cbv_pfstat.nii.gz,1,ofMcF2,4012,JogB,0.021567757790623095,0.0009183690417557955,Legacy,Generic
64,EPIlowcov,BOLD,/home/chymera/ni_data/ofM.dr/l1/legacy_dsurqec/sub-4012/ses-ofMpF/sub-4012_ses-ofMpF_task-JogB_acq-EPIlowcov_run-0_bold_pfstat.nii.gz,0,ofMpF,4012,JogB,1.7212003357555183,1.254220962524414,Legacy,Generic
65,EPIlowcov,CBV,/home/chymera/ni_data/ofM.dr/l1/legacy_dsurqec/sub-4012/ses-ofMpF/sub-4012_ses-ofMpF_task-JogB_acq-EPIlowcov_run-1_cbv_pfstat.nii.gz,1,ofMpF,4012,JogB,0.01119984279945452,0.0008482049452140927,Legacy,Generic
66,EPIlowcov,BOLD,/home/chymera/ni_data/ofM.dr/l1/legacy_dsurqec/sub-4013/ses-ofM/sub-4013_ses-ofM_task-JogB_acq-EPIlowcov_run-0_bold_pfstat.nii.gz,0,ofM,4013,JogB,1.5754066415844061,1.047241449356079,Legacy,Generic
67,EPIlowcov,CBV,/home/chymera/ni_data/ofM.dr/l1/legacy_dsurqec/sub-4013/ses-ofM/sub-4013_ses-ofM_task-JogB_acq-EPIlowcov_run-1_cbv_pfstat.nii.gz,1,ofM,4013,JogB,0.04816593991134842,0.0005410430021584034,Legacy,Generic
