,Acquisition,Contrast,Path,Run,Session,Subject,Task,Mean DR t,Median DR t,Processing,Template,Uid
0,EPIlowcov,BOLD,/home/chymera/.scratch/irsabi/l1/generic/sub-4001/ses-ofM/sub-4001_ses-ofM_task-JogB_acq-EPIlowcov_run-0_bold_tstat.nii.gz,0,ofM,4001,JogB,-0.18710443377494812,-0.06736651808023453,Generic,Generic,4001_ofM_bold
1,EPIlowcov,CBV,/home/chymera/.scratch/irsabi/l1/generic/sub-4001/ses-ofM/sub-4001_ses-ofM_task-JogB_acq-EPIlowcov_run-1_cbv_tstat.nii.gz,1,ofM,4001,JogB,-0.3967789113521576,-0.4420371651649475,Generic,Generic,4001_ofM_cbv
2,EPIlowcov,BOLD,/home/chymera/.scratch/irsabi/l1/generic/sub-4001/ses-ofMaF/sub-4001_ses-ofMaF_task-JogB_acq-EPIlowcov_run-0_bold_tstat.nii.gz,0,ofMaF,4001,JogB,-1.3447495698928833,-0.9358276128768921,Generic,Generic,4001_ofMaF_bold
3,EPIlowcov,CBV,/home/chymera/.scratch/irsabi/l1/generic/sub-4001/ses-ofMaF/sub-4001_ses-ofMaF_task-JogB_acq-EPIlowcov_run-1_cbv_tstat.nii.gz,1,ofMaF,4001,JogB,0.17774899303913116,0.5081741809844971,Generic,Generic,4001_ofMaF_cbv
4,EPIlowcov,BOLD,/home/chymera/.scratch/irsabi/l1/generic/sub-4001/ses-ofMcF1/sub-4001_ses-ofMcF1_task-JogB_acq-EPIlowcov_run-0_bold_tstat.nii.gz,0,ofMcF1,4001,JogB,-1.863448143005371,-2.05517840385437,Generic,Generic,4001_ofMcF1_bold
5,EPIlowcov,CBV,/home/chymera/.scratch/irsabi/l1/generic/sub-4001/ses-ofMcF1/sub-4001_ses-ofMcF1_task-JogB_acq-EPIlowcov_run-1_cbv_tstat.nii.gz,1,ofMcF1,4001,JogB,3.241039752960205,3.783914089202881,Generic,Generic,4001_ofMcF1_cbv
6,EPIlowcov,BOLD,/home/chymera/.scratch/irsabi/l1/generic/sub-4001/ses-ofMcF2/sub-4001_ses-ofMcF2_task-JogB_acq-EPIlowcov_run-0_bold_tstat.nii.gz,0,ofMcF2,4001,JogB,0.47103413939476013,0.4857550263404846,Generic,Generic,4001_ofMcF2_bold
7,EPIlowcov,CBV,/home/chymera/.scratch/irsabi/l1/generic/sub-4001/ses-ofMcF2/sub-4001_ses-ofMcF2_task-JogB_acq-EPIlowcov_run-1_cbv_tstat.nii.gz,1,ofMcF2,4001,JogB,1.6294105052947998,1.3624240159988403,Generic,Generic,4001_ofMcF2_cbv
8,EPIlowcov,BOLD,/home/chymera/.scratch/irsabi/l1/generic/sub-4002/ses-ofM/sub-4002_ses-ofM_task-JogB_acq-EPIlowcov_run-0_bold_tstat.nii.gz,0,ofM,4002,JogB,0.17385625839233398,-0.02662060037255287,Generic,Generic,4002_ofM_bold
9,EPIlowcov,CBV,/home/chymera/.scratch/irsabi/l1/generic/sub-4002/ses-ofM/sub-4002_ses-ofM_task-JogB_acq-EPIlowcov_run-1_cbv_tstat.nii.gz,1,ofM,4002,JogB,0.510586678981781,0.6620936989784241,Generic,Generic,4002_ofM_cbv
10,EPIlowcov,BOLD,/home/chymera/.scratch/irsabi/l1/generic/sub-4004/ses-ofM/sub-4004_ses-ofM_task-JogB_acq-EPIlowcov_run-0_bold_tstat.nii.gz,0,ofM,4004,JogB,-1.019269347190857,-1.5399649143218994,Generic,Generic,4004_ofM_bold
11,EPIlowcov,CBV,/home/chymera/.scratch/irsabi/l1/generic/sub-4004/ses-ofM/sub-4004_ses-ofM_task-JogB_acq-EPIlowcov_run-1_cbv_tstat.nii.gz,1,ofM,4004,JogB,3.1377367973327637,3.3046584129333496,Generic,Generic,4004_ofM_cbv
12,EPIlowcov,BOLD,/home/chymera/.scratch/irsabi/l1/generic/sub-4005/ses-ofM/sub-4005_ses-ofM_task-JogB_acq-EPIlowcov_run-0_bold_tstat.nii.gz,0,ofM,4005,JogB,-1.590145468711853,-1.9215539693832397,Generic,Generic,4005_ofM_bold
13,EPIlowcov,CBV,/home/chymera/.scratch/irsabi/l1/generic/sub-4005/ses-ofM/sub-4005_ses-ofM_task-JogB_acq-EPIlowcov_run-1_cbv_tstat.nii.gz,1,ofM,4005,JogB,2.0157716274261475,1.705878734588623,Generic,Generic,4005_ofM_cbv
14,EPIlowcov,BOLD,/home/chymera/.scratch/irsabi/l1/generic/sub-4005/ses-ofMaF/sub-4005_ses-ofMaF_task-JogB_acq-EPIlowcov_run-0_bold_tstat.nii.gz,0,ofMaF,4005,JogB,-1.7230989933013916,-1.350639820098877,Generic,Generic,4005_ofMaF_bold
15,EPIlowcov,CBV,/home/chymera/.scratch/irsabi/l1/generic/sub-4005/ses-ofMaF/sub-4005_ses-ofMaF_task-JogB_acq-EPIlowcov_run-1_cbv_tstat.nii.gz,1,ofMaF,4005,JogB,-0.9550678730010986,-0.9582245945930481,Generic,Generic,4005_ofMaF_cbv
16,EPIlowcov,BOLD,/home/chymera/.scratch/irsabi/l1/generic/sub-4006/ses-ofM/sub-4006_ses-ofM_task-JogB_acq-EPIlowcov_run-0_bold_tstat.nii.gz,0,ofM,4006,JogB,0.4949808716773987,0.0,Generic,Generic,4006_ofM_bold
17,EPIlowcov,CBV,/home/chymera/.scratch/irsabi/l1/generic/sub-4006/ses-ofM/sub-4006_ses-ofM_task-JogB_acq-EPIlowcov_run-1_cbv_tstat.nii.gz,1,ofM,4006,JogB,0.2695443332195282,0.0,Generic,Generic,4006_ofM_cbv
18,EPIlowcov,BOLD,/home/chymera/.scratch/irsabi/l1/generic/sub-4007/ses-ofM/sub-4007_ses-ofM_task-JogB_acq-EPIlowcov_run-0_bold_tstat.nii.gz,0,ofM,4007,JogB,0.7158064842224121,0.56670081615448,Generic,Generic,4007_ofM_bold
19,EPIlowcov,CBV,/home/chymera/.scratch/irsabi/l1/generic/sub-4007/ses-ofM/sub-4007_ses-ofM_task-JogB_acq-EPIlowcov_run-1_cbv_tstat.nii.gz,1,ofM,4007,JogB,2.3129518032073975,2.494129180908203,Generic,Generic,4007_ofM_cbv
20,EPIlowcov,BOLD,/home/chymera/.scratch/irsabi/l1/generic/sub-4007/ses-ofMaF/sub-4007_ses-ofMaF_task-JogB_acq-EPIlowcov_run-0_bold_tstat.nii.gz,0,ofMaF,4007,JogB,0.9880310893058777,0.7709352970123291,Generic,Generic,4007_ofMaF_bold
21,EPIlowcov,CBV,/home/chymera/.scratch/irsabi/l1/generic/sub-4007/ses-ofMaF/sub-4007_ses-ofMaF_task-JogB_acq-EPIlowcov_run-1_cbv_tstat.nii.gz,1,ofMaF,4007,JogB,1.666123867034912,1.4682581424713135,Generic,Generic,4007_ofMaF_cbv
22,EPIlowcov,BOLD,/home/chymera/.scratch/irsabi/l1/generic/sub-4007/ses-ofMcF1/sub-4007_ses-ofMcF1_task-JogB_acq-EPIlowcov_run-0_bold_tstat.nii.gz,0,ofMcF1,4007,JogB,1.3713653087615967,1.501007080078125,Generic,Generic,4007_ofMcF1_bold
23,EPIlowcov,CBV,/home/chymera/.scratch/irsabi/l1/generic/sub-4007/ses-ofMcF1/sub-4007_ses-ofMcF1_task-JogB_acq-EPIlowcov_run-1_cbv_tstat.nii.gz,1,ofMcF1,4007,JogB,-0.6595212817192078,-0.6398417949676514,Generic,Generic,4007_ofMcF1_cbv
24,EPIlowcov,BOLD,/home/chymera/.scratch/irsabi/l1/generic/sub-4007/ses-ofMcF2/sub-4007_ses-ofMcF2_task-JogB_acq-EPIlowcov_run-0_bold_tstat.nii.gz,0,ofMcF2,4007,JogB,0.9118631482124329,1.2227287292480469,Generic,Generic,4007_ofMcF2_bold
25,EPIlowcov,CBV,/home/chymera/.scratch/irsabi/l1/generic/sub-4007/ses-ofMcF2/sub-4007_ses-ofMcF2_task-JogB_acq-EPIlowcov_run-1_cbv_tstat.nii.gz,1,ofMcF2,4007,JogB,2.8263189792633057,3.0581398010253906,Generic,Generic,4007_ofMcF2_cbv
26,EPIlowcov,BOLD,/home/chymera/.scratch/irsabi/l1/generic/sub-4007/ses-ofMpF/sub-4007_ses-ofMpF_task-JogB_acq-EPIlowcov_run-0_bold_tstat.nii.gz,0,ofMpF,4007,JogB,0.169165700674057,-0.20659439265727997,Generic,Generic,4007_ofMpF_bold
27,EPIlowcov,CBV,/home/chymera/.scratch/irsabi/l1/generic/sub-4007/ses-ofMpF/sub-4007_ses-ofMpF_task-JogB_acq-EPIlowcov_run-1_cbv_tstat.nii.gz,1,ofMpF,4007,JogB,2.1455676555633545,2.068403482437134,Generic,Generic,4007_ofMpF_cbv
28,EPIlowcov,BOLD,/home/chymera/.scratch/irsabi/l1/generic/sub-4008/ses-ofM/sub-4008_ses-ofM_task-JogB_acq-EPIlowcov_run-0_bold_tstat.nii.gz,0,ofM,4008,JogB,-1.8204748630523682,-1.851516604423523,Generic,Generic,4008_ofM_bold
29,EPIlowcov,CBV,/home/chymera/.scratch/irsabi/l1/generic/sub-4008/ses-ofM/sub-4008_ses-ofM_task-JogB_acq-EPIlowcov_run-1_cbv_tstat.nii.gz,1,ofM,4008,JogB,0.44394180178642273,0.4450174868106842,Generic,Generic,4008_ofM_cbv
30,EPIlowcov,BOLD,/home/chymera/.scratch/irsabi/l1/generic/sub-4008/ses-ofMaF/sub-4008_ses-ofMaF_task-JogB_acq-EPIlowcov_run-0_bold_tstat.nii.gz,0,ofMaF,4008,JogB,-0.9371863603591919,-0.8887709379196167,Generic,Generic,4008_ofMaF_bold
31,EPIlowcov,CBV,/home/chymera/.scratch/irsabi/l1/generic/sub-4008/ses-ofMaF/sub-4008_ses-ofMaF_task-JogB_acq-EPIlowcov_run-1_cbv_tstat.nii.gz,1,ofMaF,4008,JogB,2.239452600479126,2.8049566745758057,Generic,Generic,4008_ofMaF_cbv
32,EPIlowcov,BOLD,/home/chymera/.scratch/irsabi/l1/generic/sub-4008/ses-ofMcF1/sub-4008_ses-ofMcF1_task-JogB_acq-EPIlowcov_run-0_bold_tstat.nii.gz,0,ofMcF1,4008,JogB,-0.611853301525116,-0.5578787326812744,Generic,Generic,4008_ofMcF1_bold
33,EPIlowcov,CBV,/home/chymera/.scratch/irsabi/l1/generic/sub-4008/ses-ofMcF1/sub-4008_ses-ofMcF1_task-JogB_acq-EPIlowcov_run-1_cbv_tstat.nii.gz,1,ofMcF1,4008,JogB,1.0454695224761963,1.0631403923034668,Generic,Generic,4008_ofMcF1_cbv
34,EPIlowcov,BOLD,/home/chymera/.scratch/irsabi/l1/generic/sub-4008/ses-ofMcF2/sub-4008_ses-ofMcF2_task-JogB_acq-EPIlowcov_run-0_bold_tstat.nii.gz,0,ofMcF2,4008,JogB,-5.1032609939575195,-4.990692138671875,Generic,Generic,4008_ofMcF2_bold
35,EPIlowcov,CBV,/home/chymera/.scratch/irsabi/l1/generic/sub-4008/ses-ofMcF2/sub-4008_ses-ofMcF2_task-JogB_acq-EPIlowcov_run-1_cbv_tstat.nii.gz,1,ofMcF2,4008,JogB,3.4633419513702393,3.2714977264404297,Generic,Generic,4008_ofMcF2_cbv
36,EPIlowcov,BOLD,/home/chymera/.scratch/irsabi/l1/generic/sub-4008/ses-ofMpF/sub-4008_ses-ofMpF_task-JogB_acq-EPIlowcov_run-0_bold_tstat.nii.gz,0,ofMpF,4008,JogB,0.5582810044288635,0.4673294425010681,Generic,Generic,4008_ofMpF_bold
37,EPIlowcov,CBV,/home/chymera/.scratch/irsabi/l1/generic/sub-4008/ses-ofMpF/sub-4008_ses-ofMpF_task-JogB_acq-EPIlowcov_run-1_cbv_tstat.nii.gz,1,ofMpF,4008,JogB,0.6882902979850769,0.801265299320221,Generic,Generic,4008_ofMpF_cbv
38,EPIlowcov,BOLD,/home/chymera/.scratch/irsabi/l1/generic/sub-4009/ses-ofM/sub-4009_ses-ofM_task-JogB_acq-EPIlowcov_run-0_bold_tstat.nii.gz,0,ofM,4009,JogB,-0.6730354428291321,-0.8595969080924988,Generic,Generic,4009_ofM_bold
39,EPIlowcov,CBV,/home/chymera/.scratch/irsabi/l1/generic/sub-4009/ses-ofM/sub-4009_ses-ofM_task-JogB_acq-EPIlowcov_run-1_cbv_tstat.nii.gz,1,ofM,4009,JogB,2.1915454864501953,2.0503201484680176,Generic,Generic,4009_ofM_cbv
40,EPIlowcov,BOLD,/home/chymera/.scratch/irsabi/l1/generic/sub-4009/ses-ofMaF/sub-4009_ses-ofMaF_task-JogB_acq-EPIlowcov_run-0_bold_tstat.nii.gz,0,ofMaF,4009,JogB,0.0233901459723711,-0.08553025126457214,Generic,Generic,4009_ofMaF_bold
41,EPIlowcov,CBV,/home/chymera/.scratch/irsabi/l1/generic/sub-4009/ses-ofMaF/sub-4009_ses-ofMaF_task-JogB_acq-EPIlowcov_run-1_cbv_tstat.nii.gz,1,ofMaF,4009,JogB,-0.8853104114532471,-0.8654829263687134,Generic,Generic,4009_ofMaF_cbv
42,EPIlowcov,BOLD,/home/chymera/.scratch/irsabi/l1/generic/sub-4009/ses-ofMcF1/sub-4009_ses-ofMcF1_task-JogB_acq-EPIlowcov_run-0_bold_tstat.nii.gz,0,ofMcF1,4009,JogB,-1.1867717504501343,-1.1985992193222046,Generic,Generic,4009_ofMcF1_bold
43,EPIlowcov,CBV,/home/chymera/.scratch/irsabi/l1/generic/sub-4009/ses-ofMcF1/sub-4009_ses-ofMcF1_task-JogB_acq-EPIlowcov_run-1_cbv_tstat.nii.gz,1,ofMcF1,4009,JogB,0.6305668950080872,0.5765825510025024,Generic,Generic,4009_ofMcF1_cbv
44,EPIlowcov,BOLD,/home/chymera/.scratch/irsabi/l1/generic/sub-4009/ses-ofMcF2/sub-4009_ses-ofMcF2_task-JogB_acq-EPIlowcov_run-0_bold_tstat.nii.gz,0,ofMcF2,4009,JogB,-4.520495891571045,-4.792926788330078,Generic,Generic,4009_ofMcF2_bold
45,EPIlowcov,CBV,/home/chymera/.scratch/irsabi/l1/generic/sub-4009/ses-ofMcF2/sub-4009_ses-ofMcF2_task-JogB_acq-EPIlowcov_run-1_cbv_tstat.nii.gz,1,ofMcF2,4009,JogB,1.6006484031677246,1.7448346614837646,Generic,Generic,4009_ofMcF2_cbv
46,EPIlowcov,BOLD,/home/chymera/.scratch/irsabi/l1/generic/sub-4009/ses-ofMpF/sub-4009_ses-ofMpF_task-JogB_acq-EPIlowcov_run-0_bold_tstat.nii.gz,0,ofMpF,4009,JogB,-0.7981770634651184,-0.8940223455429077,Generic,Generic,4009_ofMpF_bold
47,EPIlowcov,CBV,/home/chymera/.scratch/irsabi/l1/generic/sub-4009/ses-ofMpF/sub-4009_ses-ofMpF_task-JogB_acq-EPIlowcov_run-1_cbv_tstat.nii.gz,1,ofMpF,4009,JogB,0.08743218332529068,-0.13022899627685547,Generic,Generic,4009_ofMpF_cbv
48,EPIlowcov,BOLD,/home/chymera/.scratch/irsabi/l1/generic/sub-4011/ses-ofM/sub-4011_ses-ofM_task-JogB_acq-EPIlowcov_run-0_bold_tstat.nii.gz,0,ofM,4011,JogB,-1.252388596534729,-1.4129526615142822,Generic,Generic,4011_ofM_bold
49,EPIlowcov,CBV,/home/chymera/.scratch/irsabi/l1/generic/sub-4011/ses-ofM/sub-4011_ses-ofM_task-JogB_acq-EPIlowcov_run-1_cbv_tstat.nii.gz,1,ofM,4011,JogB,1.2241140604019165,1.0699031352996826,Generic,Generic,4011_ofM_cbv
50,EPIlowcov,BOLD,/home/chymera/.scratch/irsabi/l1/generic/sub-4011/ses-ofMaF/sub-4011_ses-ofMaF_task-JogB_acq-EPIlowcov_run-0_bold_tstat.nii.gz,0,ofMaF,4011,JogB,-0.7051217555999756,0.0,Generic,Generic,4011_ofMaF_bold
51,EPIlowcov,CBV,/home/chymera/.scratch/irsabi/l1/generic/sub-4011/ses-ofMaF/sub-4011_ses-ofMaF_task-JogB_acq-EPIlowcov_run-1_cbv_tstat.nii.gz,1,ofMaF,4011,JogB,0.9014469981193542,0.6361348032951355,Generic,Generic,4011_ofMaF_cbv
52,EPIlowcov,BOLD,/home/chymera/.scratch/irsabi/l1/generic/sub-4011/ses-ofMcF1/sub-4011_ses-ofMcF1_task-JogB_acq-EPIlowcov_run-0_bold_tstat.nii.gz,0,ofMcF1,4011,JogB,0.062278322875499725,-0.21688343584537506,Generic,Generic,4011_ofMcF1_bold
53,EPIlowcov,CBV,/home/chymera/.scratch/irsabi/l1/generic/sub-4011/ses-ofMcF1/sub-4011_ses-ofMcF1_task-JogB_acq-EPIlowcov_run-1_cbv_tstat.nii.gz,1,ofMcF1,4011,JogB,1.1041826009750366,0.6122244596481323,Generic,Generic,4011_ofMcF1_cbv
54,EPIlowcov,BOLD,/home/chymera/.scratch/irsabi/l1/generic/sub-4011/ses-ofMcF2/sub-4011_ses-ofMcF2_task-JogB_acq-EPIlowcov_run-0_bold_tstat.nii.gz,0,ofMcF2,4011,JogB,-2.1989545822143555,-2.6031670570373535,Generic,Generic,4011_ofMcF2_bold
55,EPIlowcov,CBV,/home/chymera/.scratch/irsabi/l1/generic/sub-4011/ses-ofMcF2/sub-4011_ses-ofMcF2_task-JogB_acq-EPIlowcov_run-1_cbv_tstat.nii.gz,1,ofMcF2,4011,JogB,2.4211955070495605,2.441631317138672,Generic,Generic,4011_ofMcF2_cbv
56,EPIlowcov,BOLD,/home/chymera/.scratch/irsabi/l1/generic/sub-4012/ses-ofM/sub-4012_ses-ofM_task-JogB_acq-EPIlowcov_run-0_bold_tstat.nii.gz,0,ofM,4012,JogB,-0.7490091919898987,-0.676981508731842,Generic,Generic,4012_ofM_bold
57,EPIlowcov,CBV,/home/chymera/.scratch/irsabi/l1/generic/sub-4012/ses-ofM/sub-4012_ses-ofM_task-JogB_acq-EPIlowcov_run-1_cbv_tstat.nii.gz,1,ofM,4012,JogB,1.0623620748519897,1.2622408866882324,Generic,Generic,4012_ofM_cbv
58,EPIlowcov,BOLD,/home/chymera/.scratch/irsabi/l1/generic/sub-4012/ses-ofMaF/sub-4012_ses-ofMaF_task-JogB_acq-EPIlowcov_run-0_bold_tstat.nii.gz,0,ofMaF,4012,JogB,0.9315447211265564,0.9658230543136597,Generic,Generic,4012_ofMaF_bold
59,EPIlowcov,CBV,/home/chymera/.scratch/irsabi/l1/generic/sub-4012/ses-ofMaF/sub-4012_ses-ofMaF_task-JogB_acq-EPIlowcov_run-1_cbv_tstat.nii.gz,1,ofMaF,4012,JogB,-0.25730395317077637,-0.18507972359657288,Generic,Generic,4012_ofMaF_cbv
60,EPIlowcov,BOLD,/home/chymera/.scratch/irsabi/l1/generic/sub-4012/ses-ofMcF1/sub-4012_ses-ofMcF1_task-JogB_acq-EPIlowcov_run-0_bold_tstat.nii.gz,0,ofMcF1,4012,JogB,-0.7157301902770996,-0.9194498062133789,Generic,Generic,4012_ofMcF1_bold
61,EPIlowcov,CBV,/home/chymera/.scratch/irsabi/l1/generic/sub-4012/ses-ofMcF1/sub-4012_ses-ofMcF1_task-JogB_acq-EPIlowcov_run-1_cbv_tstat.nii.gz,1,ofMcF1,4012,JogB,0.37534213066101074,0.2558266520500183,Generic,Generic,4012_ofMcF1_cbv
62,EPIlowcov,BOLD,/home/chymera/.scratch/irsabi/l1/generic/sub-4012/ses-ofMcF2/sub-4012_ses-ofMcF2_task-JogB_acq-EPIlowcov_run-0_bold_tstat.nii.gz,0,ofMcF2,4012,JogB,6.185467720031738,6.385858535766602,Generic,Generic,4012_ofMcF2_bold
63,EPIlowcov,CBV,/home/chymera/.scratch/irsabi/l1/generic/sub-4012/ses-ofMcF2/sub-4012_ses-ofMcF2_task-JogB_acq-EPIlowcov_run-1_cbv_tstat.nii.gz,1,ofMcF2,4012,JogB,-0.34367814660072327,-0.703109860420227,Generic,Generic,4012_ofMcF2_cbv
64,EPIlowcov,BOLD,/home/chymera/.scratch/irsabi/l1/generic/sub-4012/ses-ofMpF/sub-4012_ses-ofMpF_task-JogB_acq-EPIlowcov_run-0_bold_tstat.nii.gz,0,ofMpF,4012,JogB,-0.7704281806945801,-0.9576892852783203,Generic,Generic,4012_ofMpF_bold
65,EPIlowcov,CBV,/home/chymera/.scratch/irsabi/l1/generic/sub-4012/ses-ofMpF/sub-4012_ses-ofMpF_task-JogB_acq-EPIlowcov_run-1_cbv_tstat.nii.gz,1,ofMpF,4012,JogB,1.7164270877838135,1.1575090885162354,Generic,Generic,4012_ofMpF_cbv
66,EPIlowcov,BOLD,/home/chymera/.scratch/irsabi/l1/generic/sub-4013/ses-ofM/sub-4013_ses-ofM_task-JogB_acq-EPIlowcov_run-0_bold_tstat.nii.gz,0,ofM,4013,JogB,-0.4572412073612213,-0.5443859100341797,Generic,Generic,4013_ofM_bold
67,EPIlowcov,CBV,/home/chymera/.scratch/irsabi/l1/generic/sub-4013/ses-ofM/sub-4013_ses-ofM_task-JogB_acq-EPIlowcov_run-1_cbv_tstat.nii.gz,1,ofM,4013,JogB,-0.09302257001399994,0.0698462575674057,Generic,Generic,4013_ofM_cbv
0,EPIlowcov,BOLD,/home/chymera/.scratch/irsabi/l1/generic_ambmc/sub-4001/ses-ofM/sub-4001_ses-ofM_task-JogB_acq-EPIlowcov_run-0_bold_tstat.nii.gz,0,ofM,4001,JogB,-0.5112971067428589,-0.06492962688207626,Generic,Legacy,4001_ofM_bold
1,EPIlowcov,CBV,/home/chymera/.scratch/irsabi/l1/generic_ambmc/sub-4001/ses-ofM/sub-4001_ses-ofM_task-JogB_acq-EPIlowcov_run-1_cbv_tstat.nii.gz,1,ofM,4001,JogB,-0.3401857018470764,-0.2897738814353943,Generic,Legacy,4001_ofM_cbv
2,EPIlowcov,BOLD,/home/chymera/.scratch/irsabi/l1/generic_ambmc/sub-4001/ses-ofMaF/sub-4001_ses-ofMaF_task-JogB_acq-EPIlowcov_run-0_bold_tstat.nii.gz,0,ofMaF,4001,JogB,-1.3226516246795654,-0.9934555888175964,Generic,Legacy,4001_ofMaF_bold
3,EPIlowcov,CBV,/home/chymera/.scratch/irsabi/l1/generic_ambmc/sub-4001/ses-ofMaF/sub-4001_ses-ofMaF_task-JogB_acq-EPIlowcov_run-1_cbv_tstat.nii.gz,1,ofMaF,4001,JogB,-0.08860534429550171,-0.14745697379112244,Generic,Legacy,4001_ofMaF_cbv
4,EPIlowcov,BOLD,/home/chymera/.scratch/irsabi/l1/generic_ambmc/sub-4001/ses-ofMcF1/sub-4001_ses-ofMcF1_task-JogB_acq-EPIlowcov_run-0_bold_tstat.nii.gz,0,ofMcF1,4001,JogB,-1.652333378791809,-1.7174971103668213,Generic,Legacy,4001_ofMcF1_bold
5,EPIlowcov,CBV,/home/chymera/.scratch/irsabi/l1/generic_ambmc/sub-4001/ses-ofMcF1/sub-4001_ses-ofMcF1_task-JogB_acq-EPIlowcov_run-1_cbv_tstat.nii.gz,1,ofMcF1,4001,JogB,2.5417683124542236,2.509026050567627,Generic,Legacy,4001_ofMcF1_cbv
6,EPIlowcov,BOLD,/home/chymera/.scratch/irsabi/l1/generic_ambmc/sub-4001/ses-ofMcF2/sub-4001_ses-ofMcF2_task-JogB_acq-EPIlowcov_run-0_bold_tstat.nii.gz,0,ofMcF2,4001,JogB,-1.772265911102295,-1.8360717296600342,Generic,Legacy,4001_ofMcF2_bold
7,EPIlowcov,CBV,/home/chymera/.scratch/irsabi/l1/generic_ambmc/sub-4001/ses-ofMcF2/sub-4001_ses-ofMcF2_task-JogB_acq-EPIlowcov_run-1_cbv_tstat.nii.gz,1,ofMcF2,4001,JogB,1.7909327745437622,1.7641258239746094,Generic,Legacy,4001_ofMcF2_cbv
8,EPIlowcov,BOLD,/home/chymera/.scratch/irsabi/l1/generic_ambmc/sub-4002/ses-ofM/sub-4002_ses-ofM_task-JogB_acq-EPIlowcov_run-0_bold_tstat.nii.gz,0,ofM,4002,JogB,0.35867294669151306,0.5309003591537476,Generic,Legacy,4002_ofM_bold
9,EPIlowcov,CBV,/home/chymera/.scratch/irsabi/l1/generic_ambmc/sub-4002/ses-ofM/sub-4002_ses-ofM_task-JogB_acq-EPIlowcov_run-1_cbv_tstat.nii.gz,1,ofM,4002,JogB,0.8380107283592224,0.8069310784339905,Generic,Legacy,4002_ofM_cbv
10,EPIlowcov,BOLD,/home/chymera/.scratch/irsabi/l1/generic_ambmc/sub-4004/ses-ofM/sub-4004_ses-ofM_task-JogB_acq-EPIlowcov_run-0_bold_tstat.nii.gz,0,ofM,4004,JogB,-1.906782627105713,-2.1186347007751465,Generic,Legacy,4004_ofM_bold
11,EPIlowcov,CBV,/home/chymera/.scratch/irsabi/l1/generic_ambmc/sub-4004/ses-ofM/sub-4004_ses-ofM_task-JogB_acq-EPIlowcov_run-1_cbv_tstat.nii.gz,1,ofM,4004,JogB,1.8517100811004639,2.408522129058838,Generic,Legacy,4004_ofM_cbv
12,EPIlowcov,BOLD,/home/chymera/.scratch/irsabi/l1/generic_ambmc/sub-4005/ses-ofM/sub-4005_ses-ofM_task-JogB_acq-EPIlowcov_run-0_bold_tstat.nii.gz,0,ofM,4005,JogB,-2.5607118606567383,-2.386995792388916,Generic,Legacy,4005_ofM_bold
13,EPIlowcov,CBV,/home/chymera/.scratch/irsabi/l1/generic_ambmc/sub-4005/ses-ofM/sub-4005_ses-ofM_task-JogB_acq-EPIlowcov_run-1_cbv_tstat.nii.gz,1,ofM,4005,JogB,0.8842676877975464,0.9628064036369324,Generic,Legacy,4005_ofM_cbv
14,EPIlowcov,BOLD,/home/chymera/.scratch/irsabi/l1/generic_ambmc/sub-4005/ses-ofMaF/sub-4005_ses-ofMaF_task-JogB_acq-EPIlowcov_run-0_bold_tstat.nii.gz,0,ofMaF,4005,JogB,-1.497007966041565,-1.546216368675232,Generic,Legacy,4005_ofMaF_bold
15,EPIlowcov,CBV,/home/chymera/.scratch/irsabi/l1/generic_ambmc/sub-4005/ses-ofMaF/sub-4005_ses-ofMaF_task-JogB_acq-EPIlowcov_run-1_cbv_tstat.nii.gz,1,ofMaF,4005,JogB,-0.24675151705741882,-0.4291016161441803,Generic,Legacy,4005_ofMaF_cbv
16,EPIlowcov,BOLD,/home/chymera/.scratch/irsabi/l1/generic_ambmc/sub-4006/ses-ofM/sub-4006_ses-ofM_task-JogB_acq-EPIlowcov_run-0_bold_tstat.nii.gz,0,ofM,4006,JogB,0.5051107406616211,0.0,Generic,Legacy,4006_ofM_bold
17,EPIlowcov,CBV,/home/chymera/.scratch/irsabi/l1/generic_ambmc/sub-4006/ses-ofM/sub-4006_ses-ofM_task-JogB_acq-EPIlowcov_run-1_cbv_tstat.nii.gz,1,ofM,4006,JogB,0.16133615374565125,0.0,Generic,Legacy,4006_ofM_cbv
18,EPIlowcov,BOLD,/home/chymera/.scratch/irsabi/l1/generic_ambmc/sub-4007/ses-ofM/sub-4007_ses-ofM_task-JogB_acq-EPIlowcov_run-0_bold_tstat.nii.gz,0,ofM,4007,JogB,-0.015615005977451801,0.214350163936615,Generic,Legacy,4007_ofM_bold
19,EPIlowcov,CBV,/home/chymera/.scratch/irsabi/l1/generic_ambmc/sub-4007/ses-ofM/sub-4007_ses-ofM_task-JogB_acq-EPIlowcov_run-1_cbv_tstat.nii.gz,1,ofM,4007,JogB,2.839099645614624,2.933253765106201,Generic,Legacy,4007_ofM_cbv
20,EPIlowcov,BOLD,/home/chymera/.scratch/irsabi/l1/generic_ambmc/sub-4007/ses-ofMaF/sub-4007_ses-ofMaF_task-JogB_acq-EPIlowcov_run-0_bold_tstat.nii.gz,0,ofMaF,4007,JogB,-0.9370111227035522,-0.9447464942932129,Generic,Legacy,4007_ofMaF_bold
21,EPIlowcov,CBV,/home/chymera/.scratch/irsabi/l1/generic_ambmc/sub-4007/ses-ofMaF/sub-4007_ses-ofMaF_task-JogB_acq-EPIlowcov_run-1_cbv_tstat.nii.gz,1,ofMaF,4007,JogB,1.4866753816604614,1.2098404169082642,Generic,Legacy,4007_ofMaF_cbv
22,EPIlowcov,BOLD,/home/chymera/.scratch/irsabi/l1/generic_ambmc/sub-4007/ses-ofMcF1/sub-4007_ses-ofMcF1_task-JogB_acq-EPIlowcov_run-0_bold_tstat.nii.gz,0,ofMcF1,4007,JogB,1.665350079536438,1.7362629175186157,Generic,Legacy,4007_ofMcF1_bold
23,EPIlowcov,CBV,/home/chymera/.scratch/irsabi/l1/generic_ambmc/sub-4007/ses-ofMcF1/sub-4007_ses-ofMcF1_task-JogB_acq-EPIlowcov_run-1_cbv_tstat.nii.gz,1,ofMcF1,4007,JogB,0.4776064157485962,0.311562180519104,Generic,Legacy,4007_ofMcF1_cbv
24,EPIlowcov,BOLD,/home/chymera/.scratch/irsabi/l1/generic_ambmc/sub-4007/ses-ofMcF2/sub-4007_ses-ofMcF2_task-JogB_acq-EPIlowcov_run-0_bold_tstat.nii.gz,0,ofMcF2,4007,JogB,1.017918586730957,1.1887223720550537,Generic,Legacy,4007_ofMcF2_bold
25,EPIlowcov,CBV,/home/chymera/.scratch/irsabi/l1/generic_ambmc/sub-4007/ses-ofMcF2/sub-4007_ses-ofMcF2_task-JogB_acq-EPIlowcov_run-1_cbv_tstat.nii.gz,1,ofMcF2,4007,JogB,2.7637038230895996,2.9279136657714844,Generic,Legacy,4007_ofMcF2_cbv
26,EPIlowcov,BOLD,/home/chymera/.scratch/irsabi/l1/generic_ambmc/sub-4007/ses-ofMpF/sub-4007_ses-ofMpF_task-JogB_acq-EPIlowcov_run-0_bold_tstat.nii.gz,0,ofMpF,4007,JogB,-1.4220168590545654,-1.627868413925171,Generic,Legacy,4007_ofMpF_bold
27,EPIlowcov,CBV,/home/chymera/.scratch/irsabi/l1/generic_ambmc/sub-4007/ses-ofMpF/sub-4007_ses-ofMpF_task-JogB_acq-EPIlowcov_run-1_cbv_tstat.nii.gz,1,ofMpF,4007,JogB,1.3103327751159668,1.182911992073059,Generic,Legacy,4007_ofMpF_cbv
28,EPIlowcov,BOLD,/home/chymera/.scratch/irsabi/l1/generic_ambmc/sub-4008/ses-ofM/sub-4008_ses-ofM_task-JogB_acq-EPIlowcov_run-0_bold_tstat.nii.gz,0,ofM,4008,JogB,-1.290117621421814,-1.4950566291809082,Generic,Legacy,4008_ofM_bold
29,EPIlowcov,CBV,/home/chymera/.scratch/irsabi/l1/generic_ambmc/sub-4008/ses-ofM/sub-4008_ses-ofM_task-JogB_acq-EPIlowcov_run-1_cbv_tstat.nii.gz,1,ofM,4008,JogB,0.07041952759027481,0.014163639396429062,Generic,Legacy,4008_ofM_cbv
30,EPIlowcov,BOLD,/home/chymera/.scratch/irsabi/l1/generic_ambmc/sub-4008/ses-ofMaF/sub-4008_ses-ofMaF_task-JogB_acq-EPIlowcov_run-0_bold_tstat.nii.gz,0,ofMaF,4008,JogB,-1.0536613464355469,-0.8592360615730286,Generic,Legacy,4008_ofMaF_bold
31,EPIlowcov,CBV,/home/chymera/.scratch/irsabi/l1/generic_ambmc/sub-4008/ses-ofMaF/sub-4008_ses-ofMaF_task-JogB_acq-EPIlowcov_run-1_cbv_tstat.nii.gz,1,ofMaF,4008,JogB,1.8891851902008057,2.574753522872925,Generic,Legacy,4008_ofMaF_cbv
32,EPIlowcov,BOLD,/home/chymera/.scratch/irsabi/l1/generic_ambmc/sub-4008/ses-ofMcF1/sub-4008_ses-ofMcF1_task-JogB_acq-EPIlowcov_run-0_bold_tstat.nii.gz,0,ofMcF1,4008,JogB,-0.3993815779685974,-0.3000773787498474,Generic,Legacy,4008_ofMcF1_bold
33,EPIlowcov,CBV,/home/chymera/.scratch/irsabi/l1/generic_ambmc/sub-4008/ses-ofMcF1/sub-4008_ses-ofMcF1_task-JogB_acq-EPIlowcov_run-1_cbv_tstat.nii.gz,1,ofMcF1,4008,JogB,0.6002277731895447,0.7199852466583252,Generic,Legacy,4008_ofMcF1_cbv
34,EPIlowcov,BOLD,/home/chymera/.scratch/irsabi/l1/generic_ambmc/sub-4008/ses-ofMcF2/sub-4008_ses-ofMcF2_task-JogB_acq-EPIlowcov_run-0_bold_tstat.nii.gz,0,ofMcF2,4008,JogB,-5.120087146759033,-5.133509635925293,Generic,Legacy,4008_ofMcF2_bold
35,EPIlowcov,CBV,/home/chymera/.scratch/irsabi/l1/generic_ambmc/sub-4008/ses-ofMcF2/sub-4008_ses-ofMcF2_task-JogB_acq-EPIlowcov_run-1_cbv_tstat.nii.gz,1,ofMcF2,4008,JogB,3.3459036350250244,3.148634672164917,Generic,Legacy,4008_ofMcF2_cbv
36,EPIlowcov,BOLD,/home/chymera/.scratch/irsabi/l1/generic_ambmc/sub-4008/ses-ofMpF/sub-4008_ses-ofMpF_task-JogB_acq-EPIlowcov_run-0_bold_tstat.nii.gz,0,ofMpF,4008,JogB,0.8421291708946228,0.7268475294113159,Generic,Legacy,4008_ofMpF_bold
37,EPIlowcov,CBV,/home/chymera/.scratch/irsabi/l1/generic_ambmc/sub-4008/ses-ofMpF/sub-4008_ses-ofMpF_task-JogB_acq-EPIlowcov_run-1_cbv_tstat.nii.gz,1,ofMpF,4008,JogB,0.8346074223518372,0.9123075604438782,Generic,Legacy,4008_ofMpF_cbv
38,EPIlowcov,BOLD,/home/chymera/.scratch/irsabi/l1/generic_ambmc/sub-4009/ses-ofM/sub-4009_ses-ofM_task-JogB_acq-EPIlowcov_run-0_bold_tstat.nii.gz,0,ofM,4009,JogB,-0.880733072757721,-1.0832982063293457,Generic,Legacy,4009_ofM_bold
39,EPIlowcov,CBV,/home/chymera/.scratch/irsabi/l1/generic_ambmc/sub-4009/ses-ofM/sub-4009_ses-ofM_task-JogB_acq-EPIlowcov_run-1_cbv_tstat.nii.gz,1,ofM,4009,JogB,2.1490724086761475,1.973724126815796,Generic,Legacy,4009_ofM_cbv
40,EPIlowcov,BOLD,/home/chymera/.scratch/irsabi/l1/generic_ambmc/sub-4009/ses-ofMaF/sub-4009_ses-ofMaF_task-JogB_acq-EPIlowcov_run-0_bold_tstat.nii.gz,0,ofMaF,4009,JogB,0.017711913213133812,0.21272319555282593,Generic,Legacy,4009_ofMaF_bold
41,EPIlowcov,CBV,/home/chymera/.scratch/irsabi/l1/generic_ambmc/sub-4009/ses-ofMaF/sub-4009_ses-ofMaF_task-JogB_acq-EPIlowcov_run-1_cbv_tstat.nii.gz,1,ofMaF,4009,JogB,-1.08452308177948,-1.29951810836792,Generic,Legacy,4009_ofMaF_cbv
42,EPIlowcov,BOLD,/home/chymera/.scratch/irsabi/l1/generic_ambmc/sub-4009/ses-ofMcF1/sub-4009_ses-ofMcF1_task-JogB_acq-EPIlowcov_run-0_bold_tstat.nii.gz,0,ofMcF1,4009,JogB,-1.4473342895507812,-1.6873102188110352,Generic,Legacy,4009_ofMcF1_bold
43,EPIlowcov,CBV,/home/chymera/.scratch/irsabi/l1/generic_ambmc/sub-4009/ses-ofMcF1/sub-4009_ses-ofMcF1_task-JogB_acq-EPIlowcov_run-1_cbv_tstat.nii.gz,1,ofMcF1,4009,JogB,0.7691875696182251,0.8566344976425171,Generic,Legacy,4009_ofMcF1_cbv
44,EPIlowcov,BOLD,/home/chymera/.scratch/irsabi/l1/generic_ambmc/sub-4009/ses-ofMcF2/sub-4009_ses-ofMcF2_task-JogB_acq-EPIlowcov_run-0_bold_tstat.nii.gz,0,ofMcF2,4009,JogB,-4.199830055236816,-4.755464553833008,Generic,Legacy,4009_ofMcF2_bold
45,EPIlowcov,CBV,/home/chymera/.scratch/irsabi/l1/generic_ambmc/sub-4009/ses-ofMcF2/sub-4009_ses-ofMcF2_task-JogB_acq-EPIlowcov_run-1_cbv_tstat.nii.gz,1,ofMcF2,4009,JogB,2.352944850921631,2.5291709899902344,Generic,Legacy,4009_ofMcF2_cbv
46,EPIlowcov,BOLD,/home/chymera/.scratch/irsabi/l1/generic_ambmc/sub-4009/ses-ofMpF/sub-4009_ses-ofMpF_task-JogB_acq-EPIlowcov_run-0_bold_tstat.nii.gz,0,ofMpF,4009,JogB,-0.7393620014190674,-0.7462108135223389,Generic,Legacy,4009_ofMpF_bold
47,EPIlowcov,CBV,/home/chymera/.scratch/irsabi/l1/generic_ambmc/sub-4009/ses-ofMpF/sub-4009_ses-ofMpF_task-JogB_acq-EPIlowcov_run-1_cbv_tstat.nii.gz,1,ofMpF,4009,JogB,-0.09716048836708069,-0.42277422547340393,Generic,Legacy,4009_ofMpF_cbv
48,EPIlowcov,BOLD,/home/chymera/.scratch/irsabi/l1/generic_ambmc/sub-4011/ses-ofM/sub-4011_ses-ofM_task-JogB_acq-EPIlowcov_run-0_bold_tstat.nii.gz,0,ofM,4011,JogB,-2.533252477645874,-2.032123565673828,Generic,Legacy,4011_ofM_bold
49,EPIlowcov,CBV,/home/chymera/.scratch/irsabi/l1/generic_ambmc/sub-4011/ses-ofM/sub-4011_ses-ofM_task-JogB_acq-EPIlowcov_run-1_cbv_tstat.nii.gz,1,ofM,4011,JogB,2.208885669708252,2.5652518272399902,Generic,Legacy,4011_ofM_cbv
50,EPIlowcov,BOLD,/home/chymera/.scratch/irsabi/l1/generic_ambmc/sub-4011/ses-ofMaF/sub-4011_ses-ofMaF_task-JogB_acq-EPIlowcov_run-0_bold_tstat.nii.gz,0,ofMaF,4011,JogB,-3.1153721809387207,-2.5958333015441895,Generic,Legacy,4011_ofMaF_bold
51,EPIlowcov,CBV,/home/chymera/.scratch/irsabi/l1/generic_ambmc/sub-4011/ses-ofMaF/sub-4011_ses-ofMaF_task-JogB_acq-EPIlowcov_run-1_cbv_tstat.nii.gz,1,ofMaF,4011,JogB,1.4040685892105103,1.708441972732544,Generic,Legacy,4011_ofMaF_cbv
52,EPIlowcov,BOLD,/home/chymera/.scratch/irsabi/l1/generic_ambmc/sub-4011/ses-ofMcF1/sub-4011_ses-ofMcF1_task-JogB_acq-EPIlowcov_run-0_bold_tstat.nii.gz,0,ofMcF1,4011,JogB,0.7218701243400574,0.05081147700548172,Generic,Legacy,4011_ofMcF1_bold
53,EPIlowcov,CBV,/home/chymera/.scratch/irsabi/l1/generic_ambmc/sub-4011/ses-ofMcF1/sub-4011_ses-ofMcF1_task-JogB_acq-EPIlowcov_run-1_cbv_tstat.nii.gz,1,ofMcF1,4011,JogB,0.989018976688385,0.789238452911377,Generic,Legacy,4011_ofMcF1_cbv
54,EPIlowcov,BOLD,/home/chymera/.scratch/irsabi/l1/generic_ambmc/sub-4011/ses-ofMcF2/sub-4011_ses-ofMcF2_task-JogB_acq-EPIlowcov_run-0_bold_tstat.nii.gz,0,ofMcF2,4011,JogB,-1.3398358821868896,-1.6074573993682861,Generic,Legacy,4011_ofMcF2_bold
55,EPIlowcov,CBV,/home/chymera/.scratch/irsabi/l1/generic_ambmc/sub-4011/ses-ofMcF2/sub-4011_ses-ofMcF2_task-JogB_acq-EPIlowcov_run-1_cbv_tstat.nii.gz,1,ofMcF2,4011,JogB,2.326021432876587,2.3667750358581543,Generic,Legacy,4011_ofMcF2_cbv
56,EPIlowcov,BOLD,/home/chymera/.scratch/irsabi/l1/generic_ambmc/sub-4012/ses-ofM/sub-4012_ses-ofM_task-JogB_acq-EPIlowcov_run-0_bold_tstat.nii.gz,0,ofM,4012,JogB,-0.6294587850570679,-0.4615522623062134,Generic,Legacy,4012_ofM_bold
57,EPIlowcov,CBV,/home/chymera/.scratch/irsabi/l1/generic_ambmc/sub-4012/ses-ofM/sub-4012_ses-ofM_task-JogB_acq-EPIlowcov_run-1_cbv_tstat.nii.gz,1,ofM,4012,JogB,1.3000385761260986,1.2522847652435303,Generic,Legacy,4012_ofM_cbv
58,EPIlowcov,BOLD,/home/chymera/.scratch/irsabi/l1/generic_ambmc/sub-4012/ses-ofMaF/sub-4012_ses-ofMaF_task-JogB_acq-EPIlowcov_run-0_bold_tstat.nii.gz,0,ofMaF,4012,JogB,0.8528652191162109,0.8847877979278564,Generic,Legacy,4012_ofMaF_bold
59,EPIlowcov,CBV,/home/chymera/.scratch/irsabi/l1/generic_ambmc/sub-4012/ses-ofMaF/sub-4012_ses-ofMaF_task-JogB_acq-EPIlowcov_run-1_cbv_tstat.nii.gz,1,ofMaF,4012,JogB,0.19204246997833252,0.4963361620903015,Generic,Legacy,4012_ofMaF_cbv
60,EPIlowcov,BOLD,/home/chymera/.scratch/irsabi/l1/generic_ambmc/sub-4012/ses-ofMcF1/sub-4012_ses-ofMcF1_task-JogB_acq-EPIlowcov_run-0_bold_tstat.nii.gz,0,ofMcF1,4012,JogB,-0.8722014427185059,-1.2547013759613037,Generic,Legacy,4012_ofMcF1_bold
61,EPIlowcov,CBV,/home/chymera/.scratch/irsabi/l1/generic_ambmc/sub-4012/ses-ofMcF1/sub-4012_ses-ofMcF1_task-JogB_acq-EPIlowcov_run-1_cbv_tstat.nii.gz,1,ofMcF1,4012,JogB,0.5030110478401184,0.21715323626995087,Generic,Legacy,4012_ofMcF1_cbv
62,EPIlowcov,BOLD,/home/chymera/.scratch/irsabi/l1/generic_ambmc/sub-4012/ses-ofMcF2/sub-4012_ses-ofMcF2_task-JogB_acq-EPIlowcov_run-0_bold_tstat.nii.gz,0,ofMcF2,4012,JogB,5.786057949066162,6.058996200561523,Generic,Legacy,4012_ofMcF2_bold
63,EPIlowcov,CBV,/home/chymera/.scratch/irsabi/l1/generic_ambmc/sub-4012/ses-ofMcF2/sub-4012_ses-ofMcF2_task-JogB_acq-EPIlowcov_run-1_cbv_tstat.nii.gz,1,ofMcF2,4012,JogB,-0.275621235370636,-0.6760398745536804,Generic,Legacy,4012_ofMcF2_cbv
64,EPIlowcov,BOLD,/home/chymera/.scratch/irsabi/l1/generic_ambmc/sub-4012/ses-ofMpF/sub-4012_ses-ofMpF_task-JogB_acq-EPIlowcov_run-0_bold_tstat.nii.gz,0,ofMpF,4012,JogB,-0.7292431592941284,-0.8017866611480713,Generic,Legacy,4012_ofMpF_bold
65,EPIlowcov,CBV,/home/chymera/.scratch/irsabi/l1/generic_ambmc/sub-4012/ses-ofMpF/sub-4012_ses-ofMpF_task-JogB_acq-EPIlowcov_run-1_cbv_tstat.nii.gz,1,ofMpF,4012,JogB,1.8013685941696167,1.5930285453796387,Generic,Legacy,4012_ofMpF_cbv
66,EPIlowcov,BOLD,/home/chymera/.scratch/irsabi/l1/generic_ambmc/sub-4013/ses-ofM/sub-4013_ses-ofM_task-JogB_acq-EPIlowcov_run-0_bold_tstat.nii.gz,0,ofM,4013,JogB,-0.4665313959121704,-0.7030096054077148,Generic,Legacy,4013_ofM_bold
67,EPIlowcov,CBV,/home/chymera/.scratch/irsabi/l1/generic_ambmc/sub-4013/ses-ofM/sub-4013_ses-ofM_task-JogB_acq-EPIlowcov_run-1_cbv_tstat.nii.gz,1,ofM,4013,JogB,-0.6235579252243042,-0.6314541101455688,Generic,Legacy,4013_ofM_cbv
0,EPIlowcov,BOLD,/home/chymera/.scratch/irsabi/l1/legacy/sub-4001/ses-ofM/sub-4001_ses-ofM_task-JogB_acq-EPIlowcov_run-0_bold_tstat.nii.gz,0,ofM,4001,JogB,-2.3397457599639893,-1.9187854528427124,Legacy,Legacy,4001_ofM_bold
1,EPIlowcov,CBV,/home/chymera/.scratch/irsabi/l1/legacy/sub-4001/ses-ofM/sub-4001_ses-ofM_task-JogB_acq-EPIlowcov_run-1_cbv_tstat.nii.gz,1,ofM,4001,JogB,-0.7732033133506775,-0.8377389311790466,Legacy,Legacy,4001_ofM_cbv
2,EPIlowcov,BOLD,/home/chymera/.scratch/irsabi/l1/legacy/sub-4001/ses-ofMaF/sub-4001_ses-ofMaF_task-JogB_acq-EPIlowcov_run-0_bold_tstat.nii.gz,0,ofMaF,4001,JogB,-0.007841404527425766,-0.10550219565629959,Legacy,Legacy,4001_ofMaF_bold
3,EPIlowcov,CBV,/home/chymera/.scratch/irsabi/l1/legacy/sub-4001/ses-ofMaF/sub-4001_ses-ofMaF_task-JogB_acq-EPIlowcov_run-1_cbv_tstat.nii.gz,1,ofMaF,4001,JogB,-0.4121543765068054,-0.599058985710144,Legacy,Legacy,4001_ofMaF_cbv
4,EPIlowcov,BOLD,/home/chymera/.scratch/irsabi/l1/legacy/sub-4001/ses-ofMcF1/sub-4001_ses-ofMcF1_task-JogB_acq-EPIlowcov_run-0_bold_tstat.nii.gz,0,ofMcF1,4001,JogB,-4.249327182769775,-4.3891096115112305,Legacy,Legacy,4001_ofMcF1_bold
5,EPIlowcov,CBV,/home/chymera/.scratch/irsabi/l1/legacy/sub-4001/ses-ofMcF1/sub-4001_ses-ofMcF1_task-JogB_acq-EPIlowcov_run-1_cbv_tstat.nii.gz,1,ofMcF1,4001,JogB,6.094509124755859,6.154606819152832,Legacy,Legacy,4001_ofMcF1_cbv
6,EPIlowcov,BOLD,/home/chymera/.scratch/irsabi/l1/legacy/sub-4001/ses-ofMcF2/sub-4001_ses-ofMcF2_task-JogB_acq-EPIlowcov_run-0_bold_tstat.nii.gz,0,ofMcF2,4001,JogB,-0.43681544065475464,-0.2156893014907837,Legacy,Legacy,4001_ofMcF2_bold
7,EPIlowcov,CBV,/home/chymera/.scratch/irsabi/l1/legacy/sub-4001/ses-ofMcF2/sub-4001_ses-ofMcF2_task-JogB_acq-EPIlowcov_run-1_cbv_tstat.nii.gz,1,ofMcF2,4001,JogB,3.100128650665283,3.080817222595215,Legacy,Legacy,4001_ofMcF2_cbv
8,EPIlowcov,BOLD,/home/chymera/.scratch/irsabi/l1/legacy/sub-4002/ses-ofM/sub-4002_ses-ofM_task-JogB_acq-EPIlowcov_run-0_bold_tstat.nii.gz,0,ofM,4002,JogB,-2.0147247314453125,-2.3597195148468018,Legacy,Legacy,4002_ofM_bold
9,EPIlowcov,CBV,/home/chymera/.scratch/irsabi/l1/legacy/sub-4002/ses-ofM/sub-4002_ses-ofM_task-JogB_acq-EPIlowcov_run-1_cbv_tstat.nii.gz,1,ofM,4002,JogB,0.7148950695991516,0.6044550538063049,Legacy,Legacy,4002_ofM_cbv
10,EPIlowcov,BOLD,/home/chymera/.scratch/irsabi/l1/legacy/sub-4004/ses-ofM/sub-4004_ses-ofM_task-JogB_acq-EPIlowcov_run-0_bold_tstat.nii.gz,0,ofM,4004,JogB,-1.2861700057983398,-1.6115124225616455,Legacy,Legacy,4004_ofM_bold
11,EPIlowcov,CBV,/home/chymera/.scratch/irsabi/l1/legacy/sub-4004/ses-ofM/sub-4004_ses-ofM_task-JogB_acq-EPIlowcov_run-1_cbv_tstat.nii.gz,1,ofM,4004,JogB,2.094259262084961,2.509031295776367,Legacy,Legacy,4004_ofM_cbv
12,EPIlowcov,BOLD,/home/chymera/.scratch/irsabi/l1/legacy/sub-4005/ses-ofM/sub-4005_ses-ofM_task-JogB_acq-EPIlowcov_run-0_bold_tstat.nii.gz,0,ofM,4005,JogB,-2.6978659629821777,-2.516895294189453,Legacy,Legacy,4005_ofM_bold
13,EPIlowcov,CBV,/home/chymera/.scratch/irsabi/l1/legacy/sub-4005/ses-ofM/sub-4005_ses-ofM_task-JogB_acq-EPIlowcov_run-1_cbv_tstat.nii.gz,1,ofM,4005,JogB,3.1530628204345703,2.6753978729248047,Legacy,Legacy,4005_ofM_cbv
14,EPIlowcov,BOLD,/home/chymera/.scratch/irsabi/l1/legacy/sub-4005/ses-ofMaF/sub-4005_ses-ofMaF_task-JogB_acq-EPIlowcov_run-0_bold_tstat.nii.gz,0,ofMaF,4005,JogB,-0.6493048071861267,-0.4593459367752075,Legacy,Legacy,4005_ofMaF_bold
15,EPIlowcov,CBV,/home/chymera/.scratch/irsabi/l1/legacy/sub-4005/ses-ofMaF/sub-4005_ses-ofMaF_task-JogB_acq-EPIlowcov_run-1_cbv_tstat.nii.gz,1,ofMaF,4005,JogB,-0.9428194761276245,-1.193746566772461,Legacy,Legacy,4005_ofMaF_cbv
16,EPIlowcov,BOLD,/home/chymera/.scratch/irsabi/l1/legacy/sub-4006/ses-ofM/sub-4006_ses-ofM_task-JogB_acq-EPIlowcov_run-0_bold_tstat.nii.gz,0,ofM,4006,JogB,-1.0171693563461304,-0.4712238013744354,Legacy,Legacy,4006_ofM_bold
17,EPIlowcov,CBV,/home/chymera/.scratch/irsabi/l1/legacy/sub-4006/ses-ofM/sub-4006_ses-ofM_task-JogB_acq-EPIlowcov_run-1_cbv_tstat.nii.gz,1,ofM,4006,JogB,1.0993547439575195,0.9574477672576904,Legacy,Legacy,4006_ofM_cbv
18,EPIlowcov,BOLD,/home/chymera/.scratch/irsabi/l1/legacy/sub-4007/ses-ofM/sub-4007_ses-ofM_task-JogB_acq-EPIlowcov_run-0_bold_tstat.nii.gz,0,ofM,4007,JogB,-3.646815776824951,-3.4044272899627686,Legacy,Legacy,4007_ofM_bold
19,EPIlowcov,CBV,/home/chymera/.scratch/irsabi/l1/legacy/sub-4007/ses-ofM/sub-4007_ses-ofM_task-JogB_acq-EPIlowcov_run-1_cbv_tstat.nii.gz,1,ofM,4007,JogB,3.41910457611084,3.6765828132629395,Legacy,Legacy,4007_ofM_cbv
20,EPIlowcov,BOLD,/home/chymera/.scratch/irsabi/l1/legacy/sub-4007/ses-ofMaF/sub-4007_ses-ofMaF_task-JogB_acq-EPIlowcov_run-0_bold_tstat.nii.gz,0,ofMaF,4007,JogB,-1.1949851512908936,-1.3007252216339111,Legacy,Legacy,4007_ofMaF_bold
21,EPIlowcov,CBV,/home/chymera/.scratch/irsabi/l1/legacy/sub-4007/ses-ofMaF/sub-4007_ses-ofMaF_task-JogB_acq-EPIlowcov_run-1_cbv_tstat.nii.gz,1,ofMaF,4007,JogB,1.622276782989502,1.3381874561309814,Legacy,Legacy,4007_ofMaF_cbv
22,EPIlowcov,BOLD,/home/chymera/.scratch/irsabi/l1/legacy/sub-4007/ses-ofMcF1/sub-4007_ses-ofMcF1_task-JogB_acq-EPIlowcov_run-0_bold_tstat.nii.gz,0,ofMcF1,4007,JogB,-0.30099716782569885,-0.0762188732624054,Legacy,Legacy,4007_ofMcF1_bold
23,EPIlowcov,CBV,/home/chymera/.scratch/irsabi/l1/legacy/sub-4007/ses-ofMcF1/sub-4007_ses-ofMcF1_task-JogB_acq-EPIlowcov_run-1_cbv_tstat.nii.gz,1,ofMcF1,4007,JogB,0.10870669782161713,-0.19979867339134216,Legacy,Legacy,4007_ofMcF1_cbv
24,EPIlowcov,BOLD,/home/chymera/.scratch/irsabi/l1/legacy/sub-4007/ses-ofMcF2/sub-4007_ses-ofMcF2_task-JogB_acq-EPIlowcov_run-0_bold_tstat.nii.gz,0,ofMcF2,4007,JogB,-1.0911240577697754,-0.1317039430141449,Legacy,Legacy,4007_ofMcF2_bold
25,EPIlowcov,CBV,/home/chymera/.scratch/irsabi/l1/legacy/sub-4007/ses-ofMcF2/sub-4007_ses-ofMcF2_task-JogB_acq-EPIlowcov_run-1_cbv_tstat.nii.gz,1,ofMcF2,4007,JogB,3.582207679748535,3.6081767082214355,Legacy,Legacy,4007_ofMcF2_cbv
26,EPIlowcov,BOLD,/home/chymera/.scratch/irsabi/l1/legacy/sub-4007/ses-ofMpF/sub-4007_ses-ofMpF_task-JogB_acq-EPIlowcov_run-0_bold_tstat.nii.gz,0,ofMpF,4007,JogB,-1.2466545104980469,-1.151195764541626,Legacy,Legacy,4007_ofMpF_bold
27,EPIlowcov,CBV,/home/chymera/.scratch/irsabi/l1/legacy/sub-4007/ses-ofMpF/sub-4007_ses-ofMpF_task-JogB_acq-EPIlowcov_run-1_cbv_tstat.nii.gz,1,ofMpF,4007,JogB,-0.9267194271087646,-1.2465064525604248,Legacy,Legacy,4007_ofMpF_cbv
28,EPIlowcov,BOLD,/home/chymera/.scratch/irsabi/l1/legacy/sub-4008/ses-ofM/sub-4008_ses-ofM_task-JogB_acq-EPIlowcov_run-0_bold_tstat.nii.gz,0,ofM,4008,JogB,-1.6110682487487793,-1.808369755744934,Legacy,Legacy,4008_ofM_bold
29,EPIlowcov,CBV,/home/chymera/.scratch/irsabi/l1/legacy/sub-4008/ses-ofM/sub-4008_ses-ofM_task-JogB_acq-EPIlowcov_run-1_cbv_tstat.nii.gz,1,ofM,4008,JogB,-0.2502526044845581,-0.24118918180465698,Legacy,Legacy,4008_ofM_cbv
30,EPIlowcov,BOLD,/home/chymera/.scratch/irsabi/l1/legacy/sub-4008/ses-ofMaF/sub-4008_ses-ofMaF_task-JogB_acq-EPIlowcov_run-0_bold_tstat.nii.gz,0,ofMaF,4008,JogB,0.696797788143158,0.7097512483596802,Legacy,Legacy,4008_ofMaF_bold
31,EPIlowcov,CBV,/home/chymera/.scratch/irsabi/l1/legacy/sub-4008/ses-ofMaF/sub-4008_ses-ofMaF_task-JogB_acq-EPIlowcov_run-1_cbv_tstat.nii.gz,1,ofMaF,4008,JogB,1.9632859230041504,2.5891408920288086,Legacy,Legacy,4008_ofMaF_cbv
32,EPIlowcov,BOLD,/home/chymera/.scratch/irsabi/l1/legacy/sub-4008/ses-ofMcF1/sub-4008_ses-ofMcF1_task-JogB_acq-EPIlowcov_run-0_bold_tstat.nii.gz,0,ofMcF1,4008,JogB,0.2585243582725525,0.029644032940268517,Legacy,Legacy,4008_ofMcF1_bold
33,EPIlowcov,CBV,/home/chymera/.scratch/irsabi/l1/legacy/sub-4008/ses-ofMcF1/sub-4008_ses-ofMcF1_task-JogB_acq-EPIlowcov_run-1_cbv_tstat.nii.gz,1,ofMcF1,4008,JogB,0.1750507950782776,0.3555334806442261,Legacy,Legacy,4008_ofMcF1_cbv
34,EPIlowcov,BOLD,/home/chymera/.scratch/irsabi/l1/legacy/sub-4008/ses-ofMcF2/sub-4008_ses-ofMcF2_task-JogB_acq-EPIlowcov_run-0_bold_tstat.nii.gz,0,ofMcF2,4008,JogB,-6.122612476348877,-6.035214424133301,Legacy,Legacy,4008_ofMcF2_bold
35,EPIlowcov,CBV,/home/chymera/.scratch/irsabi/l1/legacy/sub-4008/ses-ofMcF2/sub-4008_ses-ofMcF2_task-JogB_acq-EPIlowcov_run-1_cbv_tstat.nii.gz,1,ofMcF2,4008,JogB,2.2533483505249023,2.558368444442749,Legacy,Legacy,4008_ofMcF2_cbv
36,EPIlowcov,BOLD,/home/chymera/.scratch/irsabi/l1/legacy/sub-4008/ses-ofMpF/sub-4008_ses-ofMpF_task-JogB_acq-EPIlowcov_run-0_bold_tstat.nii.gz,0,ofMpF,4008,JogB,0.34785687923431396,0.5047708749771118,Legacy,Legacy,4008_ofMpF_bold
37,EPIlowcov,CBV,/home/chymera/.scratch/irsabi/l1/legacy/sub-4008/ses-ofMpF/sub-4008_ses-ofMpF_task-JogB_acq-EPIlowcov_run-1_cbv_tstat.nii.gz,1,ofMpF,4008,JogB,1.0013818740844727,0.9747382998466492,Legacy,Legacy,4008_ofMpF_cbv
38,EPIlowcov,BOLD,/home/chymera/.scratch/irsabi/l1/legacy/sub-4009/ses-ofM/sub-4009_ses-ofM_task-JogB_acq-EPIlowcov_run-0_bold_tstat.nii.gz,0,ofM,4009,JogB,0.9749816060066223,1.0013900995254517,Legacy,Legacy,4009_ofM_bold
39,EPIlowcov,CBV,/home/chymera/.scratch/irsabi/l1/legacy/sub-4009/ses-ofM/sub-4009_ses-ofM_task-JogB_acq-EPIlowcov_run-1_cbv_tstat.nii.gz,1,ofM,4009,JogB,0.4496411383152008,0.4195094704627991,Legacy,Legacy,4009_ofM_cbv
40,EPIlowcov,BOLD,/home/chymera/.scratch/irsabi/l1/legacy/sub-4009/ses-ofMaF/sub-4009_ses-ofMaF_task-JogB_acq-EPIlowcov_run-0_bold_tstat.nii.gz,0,ofMaF,4009,JogB,1.6684821844100952,1.7307429313659668,Legacy,Legacy,4009_ofMaF_bold
41,EPIlowcov,CBV,/home/chymera/.scratch/irsabi/l1/legacy/sub-4009/ses-ofMaF/sub-4009_ses-ofMaF_task-JogB_acq-EPIlowcov_run-1_cbv_tstat.nii.gz,1,ofMaF,4009,JogB,-1.673333764076233,-1.7921333312988281,Legacy,Legacy,4009_ofMaF_cbv
42,EPIlowcov,BOLD,/home/chymera/.scratch/irsabi/l1/legacy/sub-4009/ses-ofMcF1/sub-4009_ses-ofMcF1_task-JogB_acq-EPIlowcov_run-0_bold_tstat.nii.gz,0,ofMcF1,4009,JogB,-0.023598719388246536,-0.018499163910746574,Legacy,Legacy,4009_ofMcF1_bold
43,EPIlowcov,CBV,/home/chymera/.scratch/irsabi/l1/legacy/sub-4009/ses-ofMcF1/sub-4009_ses-ofMcF1_task-JogB_acq-EPIlowcov_run-1_cbv_tstat.nii.gz,1,ofMcF1,4009,JogB,0.0779668316245079,0.26040181517601013,Legacy,Legacy,4009_ofMcF1_cbv
44,EPIlowcov,BOLD,/home/chymera/.scratch/irsabi/l1/legacy/sub-4009/ses-ofMcF2/sub-4009_ses-ofMcF2_task-JogB_acq-EPIlowcov_run-0_bold_tstat.nii.gz,0,ofMcF2,4009,JogB,-6.3924689292907715,-6.422033309936523,Legacy,Legacy,4009_ofMcF2_bold
45,EPIlowcov,CBV,/home/chymera/.scratch/irsabi/l1/legacy/sub-4009/ses-ofMcF2/sub-4009_ses-ofMcF2_task-JogB_acq-EPIlowcov_run-1_cbv_tstat.nii.gz,1,ofMcF2,4009,JogB,2.638772964477539,2.601757049560547,Legacy,Legacy,4009_ofMcF2_cbv
46,EPIlowcov,BOLD,/home/chymera/.scratch/irsabi/l1/legacy/sub-4009/ses-ofMpF/sub-4009_ses-ofMpF_task-JogB_acq-EPIlowcov_run-0_bold_tstat.nii.gz,0,ofMpF,4009,JogB,-1.499488353729248,-1.7657663822174072,Legacy,Legacy,4009_ofMpF_bold
47,EPIlowcov,CBV,/home/chymera/.scratch/irsabi/l1/legacy/sub-4009/ses-ofMpF/sub-4009_ses-ofMpF_task-JogB_acq-EPIlowcov_run-1_cbv_tstat.nii.gz,1,ofMpF,4009,JogB,1.6898454427719116,1.168940782546997,Legacy,Legacy,4009_ofMpF_cbv
48,EPIlowcov,BOLD,/home/chymera/.scratch/irsabi/l1/legacy/sub-4011/ses-ofM/sub-4011_ses-ofM_task-JogB_acq-EPIlowcov_run-0_bold_tstat.nii.gz,0,ofM,4011,JogB,-4.786865234375,-4.518660545349121,Legacy,Legacy,4011_ofM_bold
49,EPIlowcov,CBV,/home/chymera/.scratch/irsabi/l1/legacy/sub-4011/ses-ofM/sub-4011_ses-ofM_task-JogB_acq-EPIlowcov_run-1_cbv_tstat.nii.gz,1,ofM,4011,JogB,3.6586649417877197,3.3323683738708496,Legacy,Legacy,4011_ofM_cbv
50,EPIlowcov,BOLD,/home/chymera/.scratch/irsabi/l1/legacy/sub-4011/ses-ofMaF/sub-4011_ses-ofMaF_task-JogB_acq-EPIlowcov_run-0_bold_tstat.nii.gz,0,ofMaF,4011,JogB,-0.678149938583374,-0.8661351799964905,Legacy,Legacy,4011_ofMaF_bold
51,EPIlowcov,CBV,/home/chymera/.scratch/irsabi/l1/legacy/sub-4011/ses-ofMaF/sub-4011_ses-ofMaF_task-JogB_acq-EPIlowcov_run-1_cbv_tstat.nii.gz,1,ofMaF,4011,JogB,3.5047783851623535,2.738041400909424,Legacy,Legacy,4011_ofMaF_cbv
52,EPIlowcov,BOLD,/home/chymera/.scratch/irsabi/l1/legacy/sub-4011/ses-ofMcF1/sub-4011_ses-ofMcF1_task-JogB_acq-EPIlowcov_run-0_bold_tstat.nii.gz,0,ofMcF1,4011,JogB,-0.10571502149105072,-0.39156168699264526,Legacy,Legacy,4011_ofMcF1_bold
53,EPIlowcov,CBV,/home/chymera/.scratch/irsabi/l1/legacy/sub-4011/ses-ofMcF1/sub-4011_ses-ofMcF1_task-JogB_acq-EPIlowcov_run-1_cbv_tstat.nii.gz,1,ofMcF1,4011,JogB,-2.128932476043701,-2.2569689750671387,Legacy,Legacy,4011_ofMcF1_cbv
54,EPIlowcov,BOLD,/home/chymera/.scratch/irsabi/l1/legacy/sub-4011/ses-ofMcF2/sub-4011_ses-ofMcF2_task-JogB_acq-EPIlowcov_run-0_bold_tstat.nii.gz,0,ofMcF2,4011,JogB,-3.0161445140838623,-3.0116844177246094,Legacy,Legacy,4011_ofMcF2_bold
55,EPIlowcov,CBV,/home/chymera/.scratch/irsabi/l1/legacy/sub-4011/ses-ofMcF2/sub-4011_ses-ofMcF2_task-JogB_acq-EPIlowcov_run-1_cbv_tstat.nii.gz,1,ofMcF2,4011,JogB,-0.2650289237499237,-0.498721182346344,Legacy,Legacy,4011_ofMcF2_cbv
56,EPIlowcov,BOLD,/home/chymera/.scratch/irsabi/l1/legacy/sub-4012/ses-ofM/sub-4012_ses-ofM_task-JogB_acq-EPIlowcov_run-0_bold_tstat.nii.gz,0,ofM,4012,JogB,-0.8079892992973328,-0.9791380167007446,Legacy,Legacy,4012_ofM_bold
57,EPIlowcov,CBV,/home/chymera/.scratch/irsabi/l1/legacy/sub-4012/ses-ofM/sub-4012_ses-ofM_task-JogB_acq-EPIlowcov_run-1_cbv_tstat.nii.gz,1,ofM,4012,JogB,2.0962133407592773,2.2752275466918945,Legacy,Legacy,4012_ofM_cbv
58,EPIlowcov,BOLD,/home/chymera/.scratch/irsabi/l1/legacy/sub-4012/ses-ofMaF/sub-4012_ses-ofMaF_task-JogB_acq-EPIlowcov_run-0_bold_tstat.nii.gz,0,ofMaF,4012,JogB,3.0436813831329346,2.7322540283203125,Legacy,Legacy,4012_ofMaF_bold
59,EPIlowcov,CBV,/home/chymera/.scratch/irsabi/l1/legacy/sub-4012/ses-ofMaF/sub-4012_ses-ofMaF_task-JogB_acq-EPIlowcov_run-1_cbv_tstat.nii.gz,1,ofMaF,4012,JogB,0.3824406564235687,0.5926170349121094,Legacy,Legacy,4012_ofMaF_cbv
60,EPIlowcov,BOLD,/home/chymera/.scratch/irsabi/l1/legacy/sub-4012/ses-ofMcF1/sub-4012_ses-ofMcF1_task-JogB_acq-EPIlowcov_run-0_bold_tstat.nii.gz,0,ofMcF1,4012,JogB,1.8199690580368042,1.798736572265625,Legacy,Legacy,4012_ofMcF1_bold
61,EPIlowcov,CBV,/home/chymera/.scratch/irsabi/l1/legacy/sub-4012/ses-ofMcF1/sub-4012_ses-ofMcF1_task-JogB_acq-EPIlowcov_run-1_cbv_tstat.nii.gz,1,ofMcF1,4012,JogB,1.921319603919983,2.327056407928467,Legacy,Legacy,4012_ofMcF1_cbv
62,EPIlowcov,BOLD,/home/chymera/.scratch/irsabi/l1/legacy/sub-4012/ses-ofMcF2/sub-4012_ses-ofMcF2_task-JogB_acq-EPIlowcov_run-0_bold_tstat.nii.gz,0,ofMcF2,4012,JogB,10.216628074645996,10.193365097045898,Legacy,Legacy,4012_ofMcF2_bold
63,EPIlowcov,CBV,/home/chymera/.scratch/irsabi/l1/legacy/sub-4012/ses-ofMcF2/sub-4012_ses-ofMcF2_task-JogB_acq-EPIlowcov_run-1_cbv_tstat.nii.gz,1,ofMcF2,4012,JogB,-0.5830495357513428,-0.5295031070709229,Legacy,Legacy,4012_ofMcF2_cbv
64,EPIlowcov,BOLD,/home/chymera/.scratch/irsabi/l1/legacy/sub-4012/ses-ofMpF/sub-4012_ses-ofMpF_task-JogB_acq-EPIlowcov_run-0_bold_tstat.nii.gz,0,ofMpF,4012,JogB,0.038035012781620026,0.07772413641214371,Legacy,Legacy,4012_ofMpF_bold
65,EPIlowcov,CBV,/home/chymera/.scratch/irsabi/l1/legacy/sub-4012/ses-ofMpF/sub-4012_ses-ofMpF_task-JogB_acq-EPIlowcov_run-1_cbv_tstat.nii.gz,1,ofMpF,4012,JogB,1.3205405473709106,1.1519349813461304,Legacy,Legacy,4012_ofMpF_cbv
66,EPIlowcov,BOLD,/home/chymera/.scratch/irsabi/l1/legacy/sub-4013/ses-ofM/sub-4013_ses-ofM_task-JogB_acq-EPIlowcov_run-0_bold_tstat.nii.gz,0,ofM,4013,JogB,-1.143690824508667,-1.1581575870513916,Legacy,Legacy,4013_ofM_bold
67,EPIlowcov,CBV,/home/chymera/.scratch/irsabi/l1/legacy/sub-4013/ses-ofM/sub-4013_ses-ofM_task-JogB_acq-EPIlowcov_run-1_cbv_tstat.nii.gz,1,ofM,4013,JogB,0.45927637815475464,0.06086282432079315,Legacy,Legacy,4013_ofM_cbv
0,EPIlowcov,BOLD,/home/chymera/.scratch/irsabi/l1/legacy_dsurqec/sub-4001/ses-ofM/sub-4001_ses-ofM_task-JogB_acq-EPIlowcov_run-0_bold_tstat.nii.gz,0,ofM,4001,JogB,-1.5571812391281128,-1.4078457355499268,Legacy,Generic,4001_ofM_bold
1,EPIlowcov,CBV,/home/chymera/.scratch/irsabi/l1/legacy_dsurqec/sub-4001/ses-ofM/sub-4001_ses-ofM_task-JogB_acq-EPIlowcov_run-1_cbv_tstat.nii.gz,1,ofM,4001,JogB,-0.48151519894599915,-0.591385543346405,Legacy,Generic,4001_ofM_cbv
2,EPIlowcov,BOLD,/home/chymera/.scratch/irsabi/l1/legacy_dsurqec/sub-4001/ses-ofMaF/sub-4001_ses-ofMaF_task-JogB_acq-EPIlowcov_run-0_bold_tstat.nii.gz,0,ofMaF,4001,JogB,-3.529050827026367,-3.1280853748321533,Legacy,Generic,4001_ofMaF_bold
3,EPIlowcov,CBV,/home/chymera/.scratch/irsabi/l1/legacy_dsurqec/sub-4001/ses-ofMaF/sub-4001_ses-ofMaF_task-JogB_acq-EPIlowcov_run-1_cbv_tstat.nii.gz,1,ofMaF,4001,JogB,-0.48529115319252014,-0.5456870794296265,Legacy,Generic,4001_ofMaF_cbv
4,EPIlowcov,BOLD,/home/chymera/.scratch/irsabi/l1/legacy_dsurqec/sub-4001/ses-ofMcF1/sub-4001_ses-ofMcF1_task-JogB_acq-EPIlowcov_run-0_bold_tstat.nii.gz,0,ofMcF1,4001,JogB,-5.307643890380859,-5.550715446472168,Legacy,Generic,4001_ofMcF1_bold
5,EPIlowcov,CBV,/home/chymera/.scratch/irsabi/l1/legacy_dsurqec/sub-4001/ses-ofMcF1/sub-4001_ses-ofMcF1_task-JogB_acq-EPIlowcov_run-1_cbv_tstat.nii.gz,1,ofMcF1,4001,JogB,5.351451396942139,5.517854690551758,Legacy,Generic,4001_ofMcF1_cbv
6,EPIlowcov,BOLD,/home/chymera/.scratch/irsabi/l1/legacy_dsurqec/sub-4001/ses-ofMcF2/sub-4001_ses-ofMcF2_task-JogB_acq-EPIlowcov_run-0_bold_tstat.nii.gz,0,ofMcF2,4001,JogB,-3.8410801887512207,-3.76568603515625,Legacy,Generic,4001_ofMcF2_bold
7,EPIlowcov,CBV,/home/chymera/.scratch/irsabi/l1/legacy_dsurqec/sub-4001/ses-ofMcF2/sub-4001_ses-ofMcF2_task-JogB_acq-EPIlowcov_run-1_cbv_tstat.nii.gz,1,ofMcF2,4001,JogB,3.3453009128570557,3.524048328399658,Legacy,Generic,4001_ofMcF2_cbv
8,EPIlowcov,BOLD,/home/chymera/.scratch/irsabi/l1/legacy_dsurqec/sub-4002/ses-ofM/sub-4002_ses-ofM_task-JogB_acq-EPIlowcov_run-0_bold_tstat.nii.gz,0,ofM,4002,JogB,-0.2714627683162689,-0.42773523926734924,Legacy,Generic,4002_ofM_bold
9,EPIlowcov,CBV,/home/chymera/.scratch/irsabi/l1/legacy_dsurqec/sub-4002/ses-ofM/sub-4002_ses-ofM_task-JogB_acq-EPIlowcov_run-1_cbv_tstat.nii.gz,1,ofM,4002,JogB,0.7894670367240906,0.8336039781570435,Legacy,Generic,4002_ofM_cbv
10,EPIlowcov,BOLD,/home/chymera/.scratch/irsabi/l1/legacy_dsurqec/sub-4004/ses-ofM/sub-4004_ses-ofM_task-JogB_acq-EPIlowcov_run-0_bold_tstat.nii.gz,0,ofM,4004,JogB,-2.391587972640991,-2.4999465942382812,Legacy,Generic,4004_ofM_bold
11,EPIlowcov,CBV,/home/chymera/.scratch/irsabi/l1/legacy_dsurqec/sub-4004/ses-ofM/sub-4004_ses-ofM_task-JogB_acq-EPIlowcov_run-1_cbv_tstat.nii.gz,1,ofM,4004,JogB,2.531829833984375,2.92404842376709,Legacy,Generic,4004_ofM_cbv
12,EPIlowcov,BOLD,/home/chymera/.scratch/irsabi/l1/legacy_dsurqec/sub-4005/ses-ofM/sub-4005_ses-ofM_task-JogB_acq-EPIlowcov_run-0_bold_tstat.nii.gz,0,ofM,4005,JogB,-4.378635406494141,-3.842926025390625,Legacy,Generic,4005_ofM_bold
13,EPIlowcov,CBV,/home/chymera/.scratch/irsabi/l1/legacy_dsurqec/sub-4005/ses-ofM/sub-4005_ses-ofM_task-JogB_acq-EPIlowcov_run-1_cbv_tstat.nii.gz,1,ofM,4005,JogB,2.4409735202789307,2.469511032104492,Legacy,Generic,4005_ofM_cbv
14,EPIlowcov,BOLD,/home/chymera/.scratch/irsabi/l1/legacy_dsurqec/sub-4005/ses-ofMaF/sub-4005_ses-ofMaF_task-JogB_acq-EPIlowcov_run-0_bold_tstat.nii.gz,0,ofMaF,4005,JogB,-2.7297520637512207,-3.0393483638763428,Legacy,Generic,4005_ofMaF_bold
15,EPIlowcov,CBV,/home/chymera/.scratch/irsabi/l1/legacy_dsurqec/sub-4005/ses-ofMaF/sub-4005_ses-ofMaF_task-JogB_acq-EPIlowcov_run-1_cbv_tstat.nii.gz,1,ofMaF,4005,JogB,0.6474186182022095,0.5896701812744141,Legacy,Generic,4005_ofMaF_cbv
16,EPIlowcov,BOLD,/home/chymera/.scratch/irsabi/l1/legacy_dsurqec/sub-4006/ses-ofM/sub-4006_ses-ofM_task-JogB_acq-EPIlowcov_run-0_bold_tstat.nii.gz,0,ofM,4006,JogB,-1.4102938175201416,-1.4492721557617188,Legacy,Generic,4006_ofM_bold
17,EPIlowcov,CBV,/home/chymera/.scratch/irsabi/l1/legacy_dsurqec/sub-4006/ses-ofM/sub-4006_ses-ofM_task-JogB_acq-EPIlowcov_run-1_cbv_tstat.nii.gz,1,ofM,4006,JogB,1.0090985298156738,1.0404770374298096,Legacy,Generic,4006_ofM_cbv
18,EPIlowcov,BOLD,/home/chymera/.scratch/irsabi/l1/legacy_dsurqec/sub-4007/ses-ofM/sub-4007_ses-ofM_task-JogB_acq-EPIlowcov_run-0_bold_tstat.nii.gz,0,ofM,4007,JogB,-1.274099588394165,-1.2292611598968506,Legacy,Generic,4007_ofM_bold
19,EPIlowcov,CBV,/home/chymera/.scratch/irsabi/l1/legacy_dsurqec/sub-4007/ses-ofM/sub-4007_ses-ofM_task-JogB_acq-EPIlowcov_run-1_cbv_tstat.nii.gz,1,ofM,4007,JogB,2.5439281463623047,2.8625433444976807,Legacy,Generic,4007_ofM_cbv
20,EPIlowcov,BOLD,/home/chymera/.scratch/irsabi/l1/legacy_dsurqec/sub-4007/ses-ofMaF/sub-4007_ses-ofMaF_task-JogB_acq-EPIlowcov_run-0_bold_tstat.nii.gz,0,ofMaF,4007,JogB,1.092319369316101,1.055310845375061,Legacy,Generic,4007_ofMaF_bold
21,EPIlowcov,CBV,/home/chymera/.scratch/irsabi/l1/legacy_dsurqec/sub-4007/ses-ofMaF/sub-4007_ses-ofMaF_task-JogB_acq-EPIlowcov_run-1_cbv_tstat.nii.gz,1,ofMaF,4007,JogB,1.8424235582351685,1.457249641418457,Legacy,Generic,4007_ofMaF_cbv
22,EPIlowcov,BOLD,/home/chymera/.scratch/irsabi/l1/legacy_dsurqec/sub-4007/ses-ofMcF1/sub-4007_ses-ofMcF1_task-JogB_acq-EPIlowcov_run-0_bold_tstat.nii.gz,0,ofMcF1,4007,JogB,-0.6154148578643799,-0.6478541493415833,Legacy,Generic,4007_ofMcF1_bold
23,EPIlowcov,CBV,/home/chymera/.scratch/irsabi/l1/legacy_dsurqec/sub-4007/ses-ofMcF1/sub-4007_ses-ofMcF1_task-JogB_acq-EPIlowcov_run-1_cbv_tstat.nii.gz,1,ofMcF1,4007,JogB,0.5014664530754089,0.6145758628845215,Legacy,Generic,4007_ofMcF1_cbv
24,EPIlowcov,BOLD,/home/chymera/.scratch/irsabi/l1/legacy_dsurqec/sub-4007/ses-ofMcF2/sub-4007_ses-ofMcF2_task-JogB_acq-EPIlowcov_run-0_bold_tstat.nii.gz,0,ofMcF2,4007,JogB,0.9249801635742188,0.7671706676483154,Legacy,Generic,4007_ofMcF2_bold
25,EPIlowcov,CBV,/home/chymera/.scratch/irsabi/l1/legacy_dsurqec/sub-4007/ses-ofMcF2/sub-4007_ses-ofMcF2_task-JogB_acq-EPIlowcov_run-1_cbv_tstat.nii.gz,1,ofMcF2,4007,JogB,3.3707547187805176,3.2348899841308594,Legacy,Generic,4007_ofMcF2_cbv
26,EPIlowcov,BOLD,/home/chymera/.scratch/irsabi/l1/legacy_dsurqec/sub-4007/ses-ofMpF/sub-4007_ses-ofMpF_task-JogB_acq-EPIlowcov_run-0_bold_tstat.nii.gz,0,ofMpF,4007,JogB,-2.024617910385132,-2.3196897506713867,Legacy,Generic,4007_ofMpF_bold
27,EPIlowcov,CBV,/home/chymera/.scratch/irsabi/l1/legacy_dsurqec/sub-4007/ses-ofMpF/sub-4007_ses-ofMpF_task-JogB_acq-EPIlowcov_run-1_cbv_tstat.nii.gz,1,ofMpF,4007,JogB,2.9481265544891357,2.8512816429138184,Legacy,Generic,4007_ofMpF_cbv
28,EPIlowcov,BOLD,/home/chymera/.scratch/irsabi/l1/legacy_dsurqec/sub-4008/ses-ofM/sub-4008_ses-ofM_task-JogB_acq-EPIlowcov_run-0_bold_tstat.nii.gz,0,ofM,4008,JogB,-1.9537737369537354,-2.3566622734069824,Legacy,Generic,4008_ofM_bold
29,EPIlowcov,CBV,/home/chymera/.scratch/irsabi/l1/legacy_dsurqec/sub-4008/ses-ofM/sub-4008_ses-ofM_task-JogB_acq-EPIlowcov_run-1_cbv_tstat.nii.gz,1,ofM,4008,JogB,-0.6610814332962036,-0.48427116870880127,Legacy,Generic,4008_ofM_cbv
30,EPIlowcov,BOLD,/home/chymera/.scratch/irsabi/l1/legacy_dsurqec/sub-4008/ses-ofMaF/sub-4008_ses-ofMaF_task-JogB_acq-EPIlowcov_run-0_bold_tstat.nii.gz,0,ofMaF,4008,JogB,-2.1366801261901855,-1.8819512128829956,Legacy,Generic,4008_ofMaF_bold
31,EPIlowcov,CBV,/home/chymera/.scratch/irsabi/l1/legacy_dsurqec/sub-4008/ses-ofMaF/sub-4008_ses-ofMaF_task-JogB_acq-EPIlowcov_run-1_cbv_tstat.nii.gz,1,ofMaF,4008,JogB,2.6072914600372314,3.284698963165283,Legacy,Generic,4008_ofMaF_cbv
32,EPIlowcov,BOLD,/home/chymera/.scratch/irsabi/l1/legacy_dsurqec/sub-4008/ses-ofMcF1/sub-4008_ses-ofMcF1_task-JogB_acq-EPIlowcov_run-0_bold_tstat.nii.gz,0,ofMcF1,4008,JogB,-0.30773958563804626,-0.17736168205738068,Legacy,Generic,4008_ofMcF1_bold
33,EPIlowcov,CBV,/home/chymera/.scratch/irsabi/l1/legacy_dsurqec/sub-4008/ses-ofMcF1/sub-4008_ses-ofMcF1_task-JogB_acq-EPIlowcov_run-1_cbv_tstat.nii.gz,1,ofMcF1,4008,JogB,1.11564040184021,1.2710323333740234,Legacy,Generic,4008_ofMcF1_cbv
34,EPIlowcov,BOLD,/home/chymera/.scratch/irsabi/l1/legacy_dsurqec/sub-4008/ses-ofMcF2/sub-4008_ses-ofMcF2_task-JogB_acq-EPIlowcov_run-0_bold_tstat.nii.gz,0,ofMcF2,4008,JogB,-5.589720726013184,-5.5245585441589355,Legacy,Generic,4008_ofMcF2_bold
35,EPIlowcov,CBV,/home/chymera/.scratch/irsabi/l1/legacy_dsurqec/sub-4008/ses-ofMcF2/sub-4008_ses-ofMcF2_task-JogB_acq-EPIlowcov_run-1_cbv_tstat.nii.gz,1,ofMcF2,4008,JogB,5.068246364593506,4.735971450805664,Legacy,Generic,4008_ofMcF2_cbv
36,EPIlowcov,BOLD,/home/chymera/.scratch/irsabi/l1/legacy_dsurqec/sub-4008/ses-ofMpF/sub-4008_ses-ofMpF_task-JogB_acq-EPIlowcov_run-0_bold_tstat.nii.gz,0,ofMpF,4008,JogB,1.3514810800552368,1.0293643474578857,Legacy,Generic,4008_ofMpF_bold
37,EPIlowcov,CBV,/home/chymera/.scratch/irsabi/l1/legacy_dsurqec/sub-4008/ses-ofMpF/sub-4008_ses-ofMpF_task-JogB_acq-EPIlowcov_run-1_cbv_tstat.nii.gz,1,ofMpF,4008,JogB,0.6169106364250183,0.5374802350997925,Legacy,Generic,4008_ofMpF_cbv
38,EPIlowcov,BOLD,/home/chymera/.scratch/irsabi/l1/legacy_dsurqec/sub-4009/ses-ofM/sub-4009_ses-ofM_task-JogB_acq-EPIlowcov_run-0_bold_tstat.nii.gz,0,ofM,4009,JogB,0.6931609511375427,0.5183014869689941,Legacy,Generic,4009_ofM_bold
39,EPIlowcov,CBV,/home/chymera/.scratch/irsabi/l1/legacy_dsurqec/sub-4009/ses-ofM/sub-4009_ses-ofM_task-JogB_acq-EPIlowcov_run-1_cbv_tstat.nii.gz,1,ofM,4009,JogB,3.325326442718506,3.152158260345459,Legacy,Generic,4009_ofM_cbv
40,EPIlowcov,BOLD,/home/chymera/.scratch/irsabi/l1/legacy_dsurqec/sub-4009/ses-ofMaF/sub-4009_ses-ofMaF_task-JogB_acq-EPIlowcov_run-0_bold_tstat.nii.gz,0,ofMaF,4009,JogB,-1.4304739236831665,-1.360496163368225,Legacy,Generic,4009_ofMaF_bold
41,EPIlowcov,CBV,/home/chymera/.scratch/irsabi/l1/legacy_dsurqec/sub-4009/ses-ofMaF/sub-4009_ses-ofMaF_task-JogB_acq-EPIlowcov_run-1_cbv_tstat.nii.gz,1,ofMaF,4009,JogB,-1.5902067422866821,-1.7887496948242188,Legacy,Generic,4009_ofMaF_cbv
42,EPIlowcov,BOLD,/home/chymera/.scratch/irsabi/l1/legacy_dsurqec/sub-4009/ses-ofMcF1/sub-4009_ses-ofMcF1_task-JogB_acq-EPIlowcov_run-0_bold_tstat.nii.gz,0,ofMcF1,4009,JogB,0.08319396525621414,0.295013427734375,Legacy,Generic,4009_ofMcF1_bold
43,EPIlowcov,CBV,/home/chymera/.scratch/irsabi/l1/legacy_dsurqec/sub-4009/ses-ofMcF1/sub-4009_ses-ofMcF1_task-JogB_acq-EPIlowcov_run-1_cbv_tstat.nii.gz,1,ofMcF1,4009,JogB,0.1345253735780716,0.20352423191070557,Legacy,Generic,4009_ofMcF1_cbv
44,EPIlowcov,BOLD,/home/chymera/.scratch/irsabi/l1/legacy_dsurqec/sub-4009/ses-ofMcF2/sub-4009_ses-ofMcF2_task-JogB_acq-EPIlowcov_run-0_bold_tstat.nii.gz,0,ofMcF2,4009,JogB,-6.245616436004639,-6.183635234832764,Legacy,Generic,4009_ofMcF2_bold
45,EPIlowcov,CBV,/home/chymera/.scratch/irsabi/l1/legacy_dsurqec/sub-4009/ses-ofMcF2/sub-4009_ses-ofMcF2_task-JogB_acq-EPIlowcov_run-1_cbv_tstat.nii.gz,1,ofMcF2,4009,JogB,3.1974995136260986,3.1867971420288086,Legacy,Generic,4009_ofMcF2_cbv
46,EPIlowcov,BOLD,/home/chymera/.scratch/irsabi/l1/legacy_dsurqec/sub-4009/ses-ofMpF/sub-4009_ses-ofMpF_task-JogB_acq-EPIlowcov_run-0_bold_tstat.nii.gz,0,ofMpF,4009,JogB,-1.5246158838272095,-1.7267709970474243,Legacy,Generic,4009_ofMpF_bold
47,EPIlowcov,CBV,/home/chymera/.scratch/irsabi/l1/legacy_dsurqec/sub-4009/ses-ofMpF/sub-4009_ses-ofMpF_task-JogB_acq-EPIlowcov_run-1_cbv_tstat.nii.gz,1,ofMpF,4009,JogB,0.09435049444437027,0.058339882642030716,Legacy,Generic,4009_ofMpF_cbv
48,EPIlowcov,BOLD,/home/chymera/.scratch/irsabi/l1/legacy_dsurqec/sub-4011/ses-ofM/sub-4011_ses-ofM_task-JogB_acq-EPIlowcov_run-0_bold_tstat.nii.gz,0,ofM,4011,JogB,-2.346334457397461,-1.8089252710342407,Legacy,Generic,4011_ofM_bold
49,EPIlowcov,CBV,/home/chymera/.scratch/irsabi/l1/legacy_dsurqec/sub-4011/ses-ofM/sub-4011_ses-ofM_task-JogB_acq-EPIlowcov_run-1_cbv_tstat.nii.gz,1,ofM,4011,JogB,4.008244514465332,3.7325801849365234,Legacy,Generic,4011_ofM_cbv
50,EPIlowcov,BOLD,/home/chymera/.scratch/irsabi/l1/legacy_dsurqec/sub-4011/ses-ofMaF/sub-4011_ses-ofMaF_task-JogB_acq-EPIlowcov_run-0_bold_tstat.nii.gz,0,ofMaF,4011,JogB,-1.5066207647323608,-1.2993683815002441,Legacy,Generic,4011_ofMaF_bold
51,EPIlowcov,CBV,/home/chymera/.scratch/irsabi/l1/legacy_dsurqec/sub-4011/ses-ofMaF/sub-4011_ses-ofMaF_task-JogB_acq-EPIlowcov_run-1_cbv_tstat.nii.gz,1,ofMaF,4011,JogB,1.7640444040298462,1.0383617877960205,Legacy,Generic,4011_ofMaF_cbv
52,EPIlowcov,BOLD,/home/chymera/.scratch/irsabi/l1/legacy_dsurqec/sub-4011/ses-ofMcF1/sub-4011_ses-ofMcF1_task-JogB_acq-EPIlowcov_run-0_bold_tstat.nii.gz,0,ofMcF1,4011,JogB,0.6755951642990112,0.07612011581659317,Legacy,Generic,4011_ofMcF1_bold
53,EPIlowcov,CBV,/home/chymera/.scratch/irsabi/l1/legacy_dsurqec/sub-4011/ses-ofMcF1/sub-4011_ses-ofMcF1_task-JogB_acq-EPIlowcov_run-1_cbv_tstat.nii.gz,1,ofMcF1,4011,JogB,0.4525221884250641,0.7199960947036743,Legacy,Generic,4011_ofMcF1_cbv
54,EPIlowcov,BOLD,/home/chymera/.scratch/irsabi/l1/legacy_dsurqec/sub-4011/ses-ofMcF2/sub-4011_ses-ofMcF2_task-JogB_acq-EPIlowcov_run-0_bold_tstat.nii.gz,0,ofMcF2,4011,JogB,-1.5976396799087524,-1.481061577796936,Legacy,Generic,4011_ofMcF2_bold
55,EPIlowcov,CBV,/home/chymera/.scratch/irsabi/l1/legacy_dsurqec/sub-4011/ses-ofMcF2/sub-4011_ses-ofMcF2_task-JogB_acq-EPIlowcov_run-1_cbv_tstat.nii.gz,1,ofMcF2,4011,JogB,1.6814707517623901,1.6663607358932495,Legacy,Generic,4011_ofMcF2_cbv
56,EPIlowcov,BOLD,/home/chymera/.scratch/irsabi/l1/legacy_dsurqec/sub-4012/ses-ofM/sub-4012_ses-ofM_task-JogB_acq-EPIlowcov_run-0_bold_tstat.nii.gz,0,ofM,4012,JogB,-0.619958758354187,-0.6484286189079285,Legacy,Generic,4012_ofM_bold
57,EPIlowcov,CBV,/home/chymera/.scratch/irsabi/l1/legacy_dsurqec/sub-4012/ses-ofM/sub-4012_ses-ofM_task-JogB_acq-EPIlowcov_run-1_cbv_tstat.nii.gz,1,ofM,4012,JogB,2.026411771774292,2.202261447906494,Legacy,Generic,4012_ofM_cbv
58,EPIlowcov,BOLD,/home/chymera/.scratch/irsabi/l1/legacy_dsurqec/sub-4012/ses-ofMaF/sub-4012_ses-ofMaF_task-JogB_acq-EPIlowcov_run-0_bold_tstat.nii.gz,0,ofMaF,4012,JogB,1.9340400695800781,1.3896689414978027,Legacy,Generic,4012_ofMaF_bold
59,EPIlowcov,CBV,/home/chymera/.scratch/irsabi/l1/legacy_dsurqec/sub-4012/ses-ofMaF/sub-4012_ses-ofMaF_task-JogB_acq-EPIlowcov_run-1_cbv_tstat.nii.gz,1,ofMaF,4012,JogB,-0.02456577681005001,0.0377526581287384,Legacy,Generic,4012_ofMaF_cbv
60,EPIlowcov,BOLD,/home/chymera/.scratch/irsabi/l1/legacy_dsurqec/sub-4012/ses-ofMcF1/sub-4012_ses-ofMcF1_task-JogB_acq-EPIlowcov_run-0_bold_tstat.nii.gz,0,ofMcF1,4012,JogB,-1.8001652956008911,-1.7573130130767822,Legacy,Generic,4012_ofMcF1_bold
61,EPIlowcov,CBV,/home/chymera/.scratch/irsabi/l1/legacy_dsurqec/sub-4012/ses-ofMcF1/sub-4012_ses-ofMcF1_task-JogB_acq-EPIlowcov_run-1_cbv_tstat.nii.gz,1,ofMcF1,4012,JogB,0.1606118530035019,-0.19901429116725922,Legacy,Generic,4012_ofMcF1_cbv
62,EPIlowcov,BOLD,/home/chymera/.scratch/irsabi/l1/legacy_dsurqec/sub-4012/ses-ofMcF2/sub-4012_ses-ofMcF2_task-JogB_acq-EPIlowcov_run-0_bold_tstat.nii.gz,0,ofMcF2,4012,JogB,10.90162467956543,10.907857894897461,Legacy,Generic,4012_ofMcF2_bold
63,EPIlowcov,CBV,/home/chymera/.scratch/irsabi/l1/legacy_dsurqec/sub-4012/ses-ofMcF2/sub-4012_ses-ofMcF2_task-JogB_acq-EPIlowcov_run-1_cbv_tstat.nii.gz,1,ofMcF2,4012,JogB,-0.23315352201461792,-0.37141549587249756,Legacy,Generic,4012_ofMcF2_cbv
64,EPIlowcov,BOLD,/home/chymera/.scratch/irsabi/l1/legacy_dsurqec/sub-4012/ses-ofMpF/sub-4012_ses-ofMpF_task-JogB_acq-EPIlowcov_run-0_bold_tstat.nii.gz,0,ofMpF,4012,JogB,-0.20843498408794403,-0.10631783306598663,Legacy,Generic,4012_ofMpF_bold
65,EPIlowcov,CBV,/home/chymera/.scratch/irsabi/l1/legacy_dsurqec/sub-4012/ses-ofMpF/sub-4012_ses-ofMpF_task-JogB_acq-EPIlowcov_run-1_cbv_tstat.nii.gz,1,ofMpF,4012,JogB,1.305519938468933,1.2673475742340088,Legacy,Generic,4012_ofMpF_cbv
66,EPIlowcov,BOLD,/home/chymera/.scratch/irsabi/l1/legacy_dsurqec/sub-4013/ses-ofM/sub-4013_ses-ofM_task-JogB_acq-EPIlowcov_run-0_bold_tstat.nii.gz,0,ofM,4013,JogB,-0.24859653413295746,-0.5002763271331787,Legacy,Generic,4013_ofM_bold
67,EPIlowcov,CBV,/home/chymera/.scratch/irsabi/l1/legacy_dsurqec/sub-4013/ses-ofM/sub-4013_ses-ofM_task-JogB_acq-EPIlowcov_run-1_cbv_tstat.nii.gz,1,ofM,4013,JogB,-0.23797108232975006,-0.16796408593654633,Legacy,Generic,4013_ofM_cbv
