,index,path,acq,acquisition,type,run,session,subject,task,modality,Processing,Uid,Contrast,Smoothness,Smoothness Conservation Factor,Volume-Normalized SCF
0,1,/home/hendrik/.scratch/mlebe/preprocessing/generic_collapsed/sub-4009/ses-ofM/func/sub-4009_ses-ofM_task-JogB_acq-EPIlowcov_run-0_bold.nii.gz,EPIlowcov,EPIlowcov,func,0.0,ofM,4009,JogB,BOLD,Generic,4009_ofM_bold,BOLD,2.08362,1.0011291182787432,0.9981555016511259
1,2,/home/hendrik/.scratch/mlebe/preprocessing/generic_collapsed/sub-4009/ses-ofM/func/sub-4009_ses-ofM_task-JogB_acq-EPIlowcov_run-1_cbv.nii.gz,EPIlowcov,EPIlowcov,func,1.0,ofM,4009,JogB,CBV,Generic,4009_ofM_cbv,CBV,1.65847,1.132169627131603,1.128726695584749
2,4,/home/hendrik/.scratch/mlebe/preprocessing/generic_collapsed/sub-4009/ses-ofMpF/func/sub-4009_ses-ofMpF_task-JogB_acq-EPIlowcov_run-1_cbv.nii.gz,EPIlowcov,EPIlowcov,func,1.0,ofMpF,4009,JogB,CBV,Generic,4009_ofMpF_cbv,CBV,1.82813,1.0307918715323199,1.03932271910165
3,5,/home/hendrik/.scratch/mlebe/preprocessing/generic_collapsed/sub-4009/ses-ofMpF/func/sub-4009_ses-ofMpF_task-JogB_acq-EPIlowcov_run-0_bold.nii.gz,EPIlowcov,EPIlowcov,func,0.0,ofMpF,4009,JogB,BOLD,Generic,4009_ofMpF_bold,BOLD,2.12206,1.1069230287729255,1.1069157728262546
4,7,/home/hendrik/.scratch/mlebe/preprocessing/generic_collapsed/sub-4009/ses-ofMaF/func/sub-4009_ses-ofMaF_task-JogB_acq-EPIlowcov_run-1_cbv.nii.gz,EPIlowcov,EPIlowcov,func,1.0,ofMaF,4009,JogB,CBV,Generic,4009_ofMaF_cbv,CBV,1.60004,1.0585635651529586,1.075821668472341
5,8,/home/hendrik/.scratch/mlebe/preprocessing/generic_collapsed/sub-4009/ses-ofMaF/func/sub-4009_ses-ofMaF_task-JogB_acq-EPIlowcov_run-0_bold.nii.gz,EPIlowcov,EPIlowcov,func,0.0,ofMaF,4009,JogB,BOLD,Generic,4009_ofMaF_bold,BOLD,1.92376,0.9544685516960799,0.9575868495990825
6,10,/home/hendrik/.scratch/mlebe/preprocessing/generic_collapsed/sub-4009/ses-ofMcF2/func/sub-4009_ses-ofMcF2_task-JogB_acq-EPIlowcov_run-0_bold.nii.gz,EPIlowcov,EPIlowcov,func,0.0,ofMcF2,4009,JogB,BOLD,Generic,4009_ofMcF2_bold,BOLD,2.06637,0.9880602867061309,1.0049514850289045
7,11,/home/hendrik/.scratch/mlebe/preprocessing/generic_collapsed/sub-4009/ses-ofMcF2/func/sub-4009_ses-ofMcF2_task-JogB_acq-EPIlowcov_run-1_cbv.nii.gz,EPIlowcov,EPIlowcov,func,1.0,ofMcF2,4009,JogB,CBV,Generic,4009_ofMcF2_cbv,CBV,1.2754,0.9699892003711423,0.9964702891465861
8,13,/home/hendrik/.scratch/mlebe/preprocessing/generic_collapsed/sub-4009/ses-ofMcF1/func/sub-4009_ses-ofMcF1_task-JogB_acq-EPIlowcov_run-1_cbv.nii.gz,EPIlowcov,EPIlowcov,func,1.0,ofMcF1,4009,JogB,CBV,Generic,4009_ofMcF1_cbv,CBV,1.99606,1.0840081026626913,1.1089150680113218
9,14,/home/hendrik/.scratch/mlebe/preprocessing/generic_collapsed/sub-4009/ses-ofMcF1/func/sub-4009_ses-ofMcF1_task-JogB_acq-EPIlowcov_run-0_bold.nii.gz,EPIlowcov,EPIlowcov,func,0.0,ofMcF1,4009,JogB,BOLD,Generic,4009_ofMcF1_bold,BOLD,2.03372,0.965138241630995,0.9725415126401008
10,16,/home/hendrik/.scratch/mlebe/preprocessing/generic_collapsed/sub-4008/ses-ofM/func/sub-4008_ses-ofM_task-JogB_acq-EPIlowcov_run-0_bold.nii.gz,EPIlowcov,EPIlowcov,func,0.0,ofM,4008,JogB,BOLD,Generic,4008_ofM_bold,BOLD,1.81168,1.0123209825494655,1.0117754518354631
11,17,/home/hendrik/.scratch/mlebe/preprocessing/generic_collapsed/sub-4008/ses-ofM/func/sub-4008_ses-ofM_task-JogB_acq-EPIlowcov_run-1_cbv.nii.gz,EPIlowcov,EPIlowcov,func,1.0,ofM,4008,JogB,CBV,Generic,4008_ofM_cbv,CBV,1.52598,1.0398571710880482,1.0453888282539847
12,19,/home/hendrik/.scratch/mlebe/preprocessing/generic_collapsed/sub-4008/ses-ofMpF/func/sub-4008_ses-ofMpF_task-JogB_acq-EPIlowcov_run-1_cbv.nii.gz,EPIlowcov,EPIlowcov,func,1.0,ofMpF,4008,JogB,CBV,Generic,4008_ofMpF_cbv,CBV,1.5581,1.0401826544986013,1.0420492020481316
13,20,/home/hendrik/.scratch/mlebe/preprocessing/generic_collapsed/sub-4008/ses-ofMpF/func/sub-4008_ses-ofMpF_task-JogB_acq-EPIlowcov_run-0_bold.nii.gz,EPIlowcov,EPIlowcov,func,0.0,ofMpF,4008,JogB,BOLD,Generic,4008_ofMpF_bold,BOLD,2.10531,0.9807101065812027,0.9698201470424518
14,22,/home/hendrik/.scratch/mlebe/preprocessing/generic_collapsed/sub-4008/ses-ofMcF2/func/sub-4008_ses-ofMcF2_task-JogB_acq-EPIlowcov_run-1_cbv.nii.gz,EPIlowcov,EPIlowcov,func,1.0,ofMcF2,4008,JogB,CBV,Generic,4008_ofMcF2_cbv,CBV,1.71169,1.0670652262001983,1.0653530750187097
15,23,/home/hendrik/.scratch/mlebe/preprocessing/generic_collapsed/sub-4008/ses-ofMcF2/func/sub-4008_ses-ofMcF2_task-JogB_acq-EPIlowcov_run-0_bold.nii.gz,EPIlowcov,EPIlowcov,func,0.0,ofMcF2,4008,JogB,BOLD,Generic,4008_ofMcF2_bold,BOLD,1.83706,1.0220822646422272,1.0115678903017833
16,25,/home/hendrik/.scratch/mlebe/preprocessing/generic_collapsed/sub-4008/ses-ofMaF/func/sub-4008_ses-ofMaF_task-JogB_acq-EPIlowcov_run-0_bold.nii.gz,EPIlowcov,EPIlowcov,func,0.0,ofMaF,4008,JogB,BOLD,Generic,4008_ofMaF_bold,BOLD,1.92861,1.0330105303752584,1.0236308905619635
17,26,/home/hendrik/.scratch/mlebe/preprocessing/generic_collapsed/sub-4008/ses-ofMaF/func/sub-4008_ses-ofMaF_task-JogB_acq-EPIlowcov_run-1_cbv.nii.gz,EPIlowcov,EPIlowcov,func,1.0,ofMaF,4008,JogB,CBV,Generic,4008_ofMaF_cbv,CBV,1.47788,0.9496722786274259,0.9545831508948704
18,28,/home/hendrik/.scratch/mlebe/preprocessing/generic_collapsed/sub-4008/ses-ofMcF1/func/sub-4008_ses-ofMcF1_task-JogB_acq-EPIlowcov_run-1_cbv.nii.gz,EPIlowcov,EPIlowcov,func,1.0,ofMcF1,4008,JogB,CBV,Generic,4008_ofMcF1_cbv,CBV,1.74743,0.9360513389150475,0.9411609807089246
19,29,/home/hendrik/.scratch/mlebe/preprocessing/generic_collapsed/sub-4008/ses-ofMcF1/func/sub-4008_ses-ofMcF1_task-JogB_acq-EPIlowcov_run-0_bold.nii.gz,EPIlowcov,EPIlowcov,func,0.0,ofMcF1,4008,JogB,BOLD,Generic,4008_ofMcF1_bold,BOLD,2.12768,1.0615099855816483,1.0572496847018353
20,31,/home/hendrik/.scratch/mlebe/preprocessing/generic_collapsed/sub-4005/ses-ofM/func/sub-4005_ses-ofM_task-JogB_acq-EPIlowcov_run-0_bold.nii.gz,EPIlowcov,EPIlowcov,func,0.0,ofM,4005,JogB,BOLD,Generic,4005_ofM_bold,BOLD,1.82572,0.9109651923998083,0.9539389960531198
21,32,/home/hendrik/.scratch/mlebe/preprocessing/generic_collapsed/sub-4005/ses-ofM/func/sub-4005_ses-ofM_task-JogB_acq-EPIlowcov_run-1_cbv.nii.gz,EPIlowcov,EPIlowcov,func,1.0,ofM,4005,JogB,CBV,Generic,4005_ofM_cbv,CBV,1.19316,0.9845691746571387,1.0421811246702937
22,34,/home/hendrik/.scratch/mlebe/preprocessing/generic_collapsed/sub-4005/ses-ofMaF/func/sub-4005_ses-ofMaF_task-JogB_acq-EPIlowcov_run-1_cbv.nii.gz,EPIlowcov,EPIlowcov,func,1.0,ofMaF,4005,JogB,CBV,Generic,4005_ofMaF_cbv,CBV,1.31664,0.9463515611523201,1.0006950173450704
23,35,/home/hendrik/.scratch/mlebe/preprocessing/generic_collapsed/sub-4005/ses-ofMaF/func/sub-4005_ses-ofMaF_task-JogB_acq-EPIlowcov_run-0_bold.nii.gz,EPIlowcov,EPIlowcov,func,0.0,ofMaF,4005,JogB,BOLD,Generic,4005_ofMaF_bold,BOLD,1.71826,0.8809014800801817,0.9289650171700673
24,37,/home/hendrik/.scratch/mlebe/preprocessing/generic_collapsed/sub-4013/ses-ofM/func/sub-4013_ses-ofM_task-JogB_acq-EPIlowcov_run-0_bold.nii.gz,EPIlowcov,EPIlowcov,func,0.0,ofM,4013,JogB,BOLD,Generic,4013_ofM_bold,BOLD,1.39494,0.9644286810611246,0.9908645057600437
25,38,/home/hendrik/.scratch/mlebe/preprocessing/generic_collapsed/sub-4013/ses-ofM/func/sub-4013_ses-ofM_task-JogB_acq-EPIlowcov_run-1_cbv.nii.gz,EPIlowcov,EPIlowcov,func,1.0,ofM,4013,JogB,CBV,Generic,4013_ofM_cbv,CBV,1.155,1.170677715972301,1.2041822871181007
26,40,/home/hendrik/.scratch/mlebe/preprocessing/generic_collapsed/sub-4011/ses-ofM/func/sub-4011_ses-ofM_task-JogB_acq-EPIlowcov_run-0_bold.nii.gz,EPIlowcov,EPIlowcov,func,0.0,ofM,4011,JogB,BOLD,Generic,4011_ofM_bold,BOLD,1.97734,0.9339542880354434,0.9502615968803754
27,41,/home/hendrik/.scratch/mlebe/preprocessing/generic_collapsed/sub-4011/ses-ofM/func/sub-4011_ses-ofM_task-JogB_acq-EPIlowcov_run-1_cbv.nii.gz,EPIlowcov,EPIlowcov,func,1.0,ofM,4011,JogB,CBV,Generic,4011_ofM_cbv,CBV,1.41201,1.0311835888148044,1.0613967050092619
28,43,/home/hendrik/.scratch/mlebe/preprocessing/generic_collapsed/sub-4011/ses-ofMaF/func/sub-4011_ses-ofMaF_task-JogB_acq-EPIlowcov_run-0_bold.nii.gz,EPIlowcov,EPIlowcov,func,0.0,ofMaF,4011,JogB,BOLD,Generic,4011_ofMaF_bold,BOLD,1.91348,0.8983895957556692,0.9169754423135369
29,44,/home/hendrik/.scratch/mlebe/preprocessing/generic_collapsed/sub-4011/ses-ofMaF/func/sub-4011_ses-ofMaF_task-JogB_acq-EPIlowcov_run-1_cbv.nii.gz,EPIlowcov,EPIlowcov,func,1.0,ofMaF,4011,JogB,CBV,Generic,4011_ofMaF_cbv,CBV,1.22301,1.0044679156023884,1.0383142547175688
30,46,/home/hendrik/.scratch/mlebe/preprocessing/generic_collapsed/sub-4011/ses-ofMcF2/func/sub-4011_ses-ofMcF2_task-JogB_acq-EPIlowcov_run-1_cbv.nii.gz,EPIlowcov,EPIlowcov,func,1.0,ofMcF2,4011,JogB,CBV,Generic,4011_ofMcF2_cbv,CBV,1.49069,0.9825140717891935,0.9649845512144174
31,47,/home/hendrik/.scratch/mlebe/preprocessing/generic_collapsed/sub-4011/ses-ofMcF2/func/sub-4011_ses-ofMcF2_task-JogB_acq-EPIlowcov_run-0_bold.nii.gz,EPIlowcov,EPIlowcov,func,0.0,ofMcF2,4011,JogB,BOLD,Generic,4011_ofMcF2_bold,BOLD,2.1378,1.0378475998135777,1.0058375737278737
32,49,/home/hendrik/.scratch/mlebe/preprocessing/generic_collapsed/sub-4011/ses-ofMcF1/func/sub-4011_ses-ofMcF1_task-JogB_acq-EPIlowcov_run-1_cbv.nii.gz,EPIlowcov,EPIlowcov,func,1.0,ofMcF1,4011,JogB,CBV,Generic,4011_ofMcF1_cbv,CBV,1.85999,1.1225383988653852,1.1063460207321576
33,50,/home/hendrik/.scratch/mlebe/preprocessing/generic_collapsed/sub-4011/ses-ofMcF1/func/sub-4011_ses-ofMcF1_task-JogB_acq-EPIlowcov_run-0_bold.nii.gz,EPIlowcov,EPIlowcov,func,0.0,ofMcF1,4011,JogB,BOLD,Generic,4011_ofMcF1_bold,BOLD,2.31914,1.039288002975617,1.0199286472413376
34,52,/home/hendrik/.scratch/mlebe/preprocessing/generic_collapsed/sub-4004/ses-ofM/func/sub-4004_ses-ofM_task-JogB_acq-EPIlowcov_run-0_bold.nii.gz,EPIlowcov,EPIlowcov,func,0.0,ofM,4004,JogB,BOLD,Generic,4004_ofM_bold,BOLD,1.85493,0.9462238885913229,0.971068029630644
35,53,/home/hendrik/.scratch/mlebe/preprocessing/generic_collapsed/sub-4004/ses-ofM/func/sub-4004_ses-ofM_task-JogB_acq-EPIlowcov_run-1_cbv.nii.gz,EPIlowcov,EPIlowcov,func,1.0,ofM,4004,JogB,CBV,Generic,4004_ofM_cbv,CBV,1.37937,0.9330154220779221,0.9590472229510976
36,55,/home/hendrik/.scratch/mlebe/preprocessing/generic_collapsed/sub-4012/ses-ofM/func/sub-4012_ses-ofM_task-JogB_acq-EPIlowcov_run-1_cbv.nii.gz,EPIlowcov,EPIlowcov,func,1.0,ofM,4012,JogB,CBV,Generic,4012_ofM_cbv,CBV,1.1982,1.0922217259327456,1.1070874084336366
37,56,/home/hendrik/.scratch/mlebe/preprocessing/generic_collapsed/sub-4012/ses-ofM/func/sub-4012_ses-ofM_task-JogB_acq-EPIlowcov_run-0_bold.nii.gz,EPIlowcov,EPIlowcov,func,0.0,ofM,4012,JogB,BOLD,Generic,4012_ofM_bold,BOLD,1.66354,0.9877271836647449,1.0065726950953062
38,58,/home/hendrik/.scratch/mlebe/preprocessing/generic_collapsed/sub-4012/ses-ofMpF/func/sub-4012_ses-ofMpF_task-JogB_acq-EPIlowcov_run-1_cbv.nii.gz,EPIlowcov,EPIlowcov,func,1.0,ofMpF,4012,JogB,CBV,Generic,4012_ofMpF_cbv,CBV,1.34915,1.113564330284922,1.1236227284418294
39,59,/home/hendrik/.scratch/mlebe/preprocessing/generic_collapsed/sub-4012/ses-ofMpF/func/sub-4012_ses-ofMpF_task-JogB_acq-EPIlowcov_run-0_bold.nii.gz,EPIlowcov,EPIlowcov,func,0.0,ofMpF,4012,JogB,BOLD,Generic,4012_ofMpF_bold,BOLD,1.79232,1.0638808096396983,1.057743803307349
40,61,/home/hendrik/.scratch/mlebe/preprocessing/generic_collapsed/sub-4012/ses-ofMaF/func/sub-4012_ses-ofMaF_task-JogB_acq-EPIlowcov_run-1_cbv.nii.gz,EPIlowcov,EPIlowcov,func,1.0,ofMaF,4012,JogB,CBV,Generic,4012_ofMaF_cbv,CBV,1.53567,1.0719161827116375,1.078597581362695
41,62,/home/hendrik/.scratch/mlebe/preprocessing/generic_collapsed/sub-4012/ses-ofMaF/func/sub-4012_ses-ofMaF_task-JogB_acq-EPIlowcov_run-0_bold.nii.gz,EPIlowcov,EPIlowcov,func,0.0,ofMaF,4012,JogB,BOLD,Generic,4012_ofMaF_bold,BOLD,1.9659,0.9929590269920802,0.9800247953155261
42,64,/home/hendrik/.scratch/mlebe/preprocessing/generic_collapsed/sub-4012/ses-ofMcF2/func/sub-4012_ses-ofMcF2_task-JogB_acq-EPIlowcov_run-0_bold.nii.gz,EPIlowcov,EPIlowcov,func,0.0,ofMcF2,4012,JogB,BOLD,Generic,4012_ofMcF2_bold,BOLD,1.63996,0.9961065860043612,0.9915831606592093
43,65,/home/hendrik/.scratch/mlebe/preprocessing/generic_collapsed/sub-4012/ses-ofMcF2/func/sub-4012_ses-ofMcF2_task-JogB_acq-EPIlowcov_run-1_cbv.nii.gz,EPIlowcov,EPIlowcov,func,1.0,ofMcF2,4012,JogB,CBV,Generic,4012_ofMcF2_cbv,CBV,1.4591,1.1092949351498473,1.109281015297153
44,67,/home/hendrik/.scratch/mlebe/preprocessing/generic_collapsed/sub-4012/ses-ofMcF1/func/sub-4012_ses-ofMcF1_task-JogB_acq-EPIlowcov_run-0_bold.nii.gz,EPIlowcov,EPIlowcov,func,0.0,ofMcF1,4012,JogB,BOLD,Generic,4012_ofMcF1_bold,BOLD,1.60117,1.0008751257993338,0.9886269582873148
45,68,/home/hendrik/.scratch/mlebe/preprocessing/generic_collapsed/sub-4012/ses-ofMcF1/func/sub-4012_ses-ofMcF1_task-JogB_acq-EPIlowcov_run-1_cbv.nii.gz,EPIlowcov,EPIlowcov,func,1.0,ofMcF1,4012,JogB,CBV,Generic,4012_ofMcF1_cbv,CBV,1.3438,1.0555917770987329,1.0528064091217852
46,70,/home/hendrik/.scratch/mlebe/preprocessing/generic_collapsed/sub-4007/ses-ofM/func/sub-4007_ses-ofM_task-JogB_acq-EPIlowcov_run-1_cbv.nii.gz,EPIlowcov,EPIlowcov,func,1.0,ofM,4007,JogB,CBV,Generic,4007_ofM_cbv,CBV,1.44843,1.1235891428970375,1.1649132846866606
47,71,/home/hendrik/.scratch/mlebe/preprocessing/generic_collapsed/sub-4007/ses-ofM/func/sub-4007_ses-ofM_task-JogB_acq-EPIlowcov_run-0_bold.nii.gz,EPIlowcov,EPIlowcov,func,0.0,ofM,4007,JogB,BOLD,Generic,4007_ofM_bold,BOLD,1.69176,0.952004726935089,0.987892127851316
48,73,/home/hendrik/.scratch/mlebe/preprocessing/generic_collapsed/sub-4007/ses-ofMcF2/func/sub-4007_ses-ofMcF2_task-JogB_acq-EPIlowcov_run-0_bold.nii.gz,EPIlowcov,EPIlowcov,func,0.0,ofMcF2,4007,JogB,BOLD,Generic,4007_ofMcF2_bold,BOLD,1.89691,0.9973763079026238,0.9902390647850159
49,74,/home/hendrik/.scratch/mlebe/preprocessing/generic_collapsed/sub-4007/ses-ofMcF2/func/sub-4007_ses-ofMcF2_task-JogB_acq-EPIlowcov_run-1_cbv.nii.gz,EPIlowcov,EPIlowcov,func,1.0,ofMcF2,4007,JogB,CBV,Generic,4007_ofMcF2_cbv,CBV,1.55393,1.0136595802973274,1.0105506965292868
50,76,/home/hendrik/.scratch/mlebe/preprocessing/generic_collapsed/sub-4007/ses-ofMpF/func/sub-4007_ses-ofMpF_task-JogB_acq-EPIlowcov_run-0_bold.nii.gz,EPIlowcov,EPIlowcov,func,0.0,ofMpF,4007,JogB,BOLD,Generic,4007_ofMpF_bold,BOLD,1.48374,0.9676333826799794,0.9863400847221823
51,77,/home/hendrik/.scratch/mlebe/preprocessing/generic_collapsed/sub-4007/ses-ofMpF/func/sub-4007_ses-ofMpF_task-JogB_acq-EPIlowcov_run-1_cbv.nii.gz,EPIlowcov,EPIlowcov,func,1.0,ofMpF,4007,JogB,CBV,Generic,4007_ofMpF_cbv,CBV,1.18199,1.0066943183463501,1.038004497746614
52,79,/home/hendrik/.scratch/mlebe/preprocessing/generic_collapsed/sub-4007/ses-ofMaF/func/sub-4007_ses-ofMaF_task-JogB_acq-EPIlowcov_run-0_bold.nii.gz,EPIlowcov,EPIlowcov,func,0.0,ofMaF,4007,JogB,BOLD,Generic,4007_ofMaF_bold,BOLD,1.8924,0.9764705882352942,0.9919974796545198
53,80,/home/hendrik/.scratch/mlebe/preprocessing/generic_collapsed/sub-4007/ses-ofMaF/func/sub-4007_ses-ofMaF_task-JogB_acq-EPIlowcov_run-1_cbv.nii.gz,EPIlowcov,EPIlowcov,func,1.0,ofMaF,4007,JogB,CBV,Generic,4007_ofMaF_cbv,CBV,1.60387,1.0872294416312474,1.1094000782565239
54,82,/home/hendrik/.scratch/mlebe/preprocessing/generic_collapsed/sub-4007/ses-ofMcF1/func/sub-4007_ses-ofMcF1_task-JogB_acq-EPIlowcov_run-1_cbv.nii.gz,EPIlowcov,EPIlowcov,func,1.0,ofMcF1,4007,JogB,CBV,Generic,4007_ofMcF1_cbv,CBV,1.49798,1.059406780859701,1.0727846290453675
55,83,/home/hendrik/.scratch/mlebe/preprocessing/generic_collapsed/sub-4007/ses-ofMcF1/func/sub-4007_ses-ofMcF1_task-JogB_acq-EPIlowcov_run-0_bold.nii.gz,EPIlowcov,EPIlowcov,func,0.0,ofMcF1,4007,JogB,BOLD,Generic,4007_ofMcF1_bold,BOLD,1.63727,1.0580096930533118,1.0661593215791927
56,85,/home/hendrik/.scratch/mlebe/preprocessing/generic_collapsed/sub-4002/ses-ofM/func/sub-4002_ses-ofM_task-JogB_acq-EPIlowcov_run-1_cbv.nii.gz,EPIlowcov,EPIlowcov,func,1.0,ofM,4002,JogB,CBV,Generic,4002_ofM_cbv,CBV,1.49385,1.0116959460374648,1.0407965411722309
57,86,/home/hendrik/.scratch/mlebe/preprocessing/generic_collapsed/sub-4002/ses-ofM/func/sub-4002_ses-ofM_task-JogB_acq-EPIlowcov_run-0_bold.nii.gz,EPIlowcov,EPIlowcov,func,0.0,ofM,4002,JogB,BOLD,Generic,4002_ofM_bold,BOLD,1.70796,0.9107808475579516,0.9403694817745503
58,88,/home/hendrik/.scratch/mlebe/preprocessing/generic_collapsed/sub-4006/ses-ofM/func/sub-4006_ses-ofM_task-JogB_acq-EPIlowcov_run-1_cbv.nii.gz,EPIlowcov,EPIlowcov,func,1.0,ofM,4006,JogB,CBV,Generic,4006_ofM_cbv,CBV,1.46935,1.0650087702767348,1.0810717468201099
59,89,/home/hendrik/.scratch/mlebe/preprocessing/generic_collapsed/sub-4006/ses-ofM/func/sub-4006_ses-ofM_task-JogB_acq-EPIlowcov_run-0_bold.nii.gz,EPIlowcov,EPIlowcov,func,0.0,ofM,4006,JogB,BOLD,Generic,4006_ofM_bold,BOLD,1.87396,0.953751724067731,0.9591005915275002
60,91,/home/hendrik/.scratch/mlebe/preprocessing/generic_collapsed/sub-4001/ses-ofMcF2/func/sub-4001_ses-ofMcF2_task-JogB_acq-EPIlowcov_run-1_cbv.nii.gz,EPIlowcov,EPIlowcov,func,1.0,ofMcF2,4001,JogB,CBV,Generic,4001_ofMcF2_cbv,CBV,1.8675,0.9076152197473744,0.9630724028257356
61,92,/home/hendrik/.scratch/mlebe/preprocessing/generic_collapsed/sub-4001/ses-ofMcF2/func/sub-4001_ses-ofMcF2_task-JogB_acq-EPIlowcov_run-0_bold.nii.gz,EPIlowcov,EPIlowcov,func,0.0,ofMcF2,4001,JogB,BOLD,Generic,4001_ofMcF2_bold,BOLD,2.32333,0.9820483557359032,1.027456663179479
62,94,/home/hendrik/.scratch/mlebe/preprocessing/generic_collapsed/sub-4001/ses-ofM/func/sub-4001_ses-ofM_task-JogB_acq-EPIlowcov_run-0_bold.nii.gz,EPIlowcov,EPIlowcov,func,0.0,ofM,4001,JogB,BOLD,Generic,4001_ofM_bold,BOLD,1.92152,0.9460675706281448,0.95695160975642
63,95,/home/hendrik/.scratch/mlebe/preprocessing/generic_collapsed/sub-4001/ses-ofM/func/sub-4001_ses-ofM_task-JogB_acq-EPIlowcov_run-1_cbv.nii.gz,EPIlowcov,EPIlowcov,func,1.0,ofM,4001,JogB,CBV,Generic,4001_ofM_cbv,CBV,1.4626,1.002529285562509,1.0202334571800016
64,97,/home/hendrik/.scratch/mlebe/preprocessing/generic_collapsed/sub-4001/ses-ofMaF/func/sub-4001_ses-ofMaF_task-JogB_acq-EPIlowcov_run-0_bold.nii.gz,EPIlowcov,EPIlowcov,func,0.0,ofMaF,4001,JogB,BOLD,Generic,4001_ofMaF_bold,BOLD,1.74475,0.9611041336153711,0.973208271320014
65,98,/home/hendrik/.scratch/mlebe/preprocessing/generic_collapsed/sub-4001/ses-ofMaF/func/sub-4001_ses-ofMaF_task-JogB_acq-EPIlowcov_run-1_cbv.nii.gz,EPIlowcov,EPIlowcov,func,1.0,ofMaF,4001,JogB,CBV,Generic,4001_ofMaF_cbv,CBV,1.27683,1.0538813916057943,1.076376909536502
66,100,/home/hendrik/.scratch/mlebe/preprocessing/generic_collapsed/sub-4001/ses-ofMcF1/func/sub-4001_ses-ofMcF1_task-JogB_acq-EPIlowcov_run-1_cbv.nii.gz,EPIlowcov,EPIlowcov,func,1.0,ofMcF1,4001,JogB,CBV,Generic,4001_ofMcF1_cbv,CBV,1.24648,1.1174482505132366,1.1321757614864567
67,101,/home/hendrik/.scratch/mlebe/preprocessing/generic_collapsed/sub-4001/ses-ofMcF1/func/sub-4001_ses-ofMcF1_task-JogB_acq-EPIlowcov_run-0_bold.nii.gz,EPIlowcov,EPIlowcov,func,0.0,ofMcF1,4001,JogB,BOLD,Generic,4001_ofMcF1_bold,BOLD,1.55793,0.966445825734172,0.9711893414529651
68,1,/home/hendrik/.scratch/mlebe/preprocessing/generic_masked_collapsed/sub-4009/ses-ofMpF/func/sub-4009_ses-ofMpF_task-JogB_acq-EPIlowcov_run-0_bold.nii.gz,EPIlowcov,EPIlowcov,func,0.0,ofMpF,4009,JogB,BOLD,Generic Masked,4009_ofMpF_bold,BOLD,2.02196,1.0547082020572955,1.0651365316931072
69,2,/home/hendrik/.scratch/mlebe/preprocessing/generic_masked_collapsed/sub-4009/ses-ofMpF/func/sub-4009_ses-ofMpF_task-JogB_acq-EPIlowcov_run-1_cbv.nii.gz,EPIlowcov,EPIlowcov,func,1.0,ofMpF,4009,JogB,CBV,Generic Masked,4009_ofMpF_cbv,CBV,1.84068,1.0378681943254093,1.0514550714846869
70,4,/home/hendrik/.scratch/mlebe/preprocessing/generic_masked_collapsed/sub-4009/ses-ofM/func/sub-4009_ses-ofM_task-JogB_acq-EPIlowcov_run-0_bold.nii.gz,EPIlowcov,EPIlowcov,func,0.0,ofM,4009,JogB,BOLD,Generic Masked,4009_ofM_bold,BOLD,2.05003,0.984989934030664,0.9951392479208013
71,5,/home/hendrik/.scratch/mlebe/preprocessing/generic_masked_collapsed/sub-4009/ses-ofM/func/sub-4009_ses-ofM_task-JogB_acq-EPIlowcov_run-1_cbv.nii.gz,EPIlowcov,EPIlowcov,func,1.0,ofM,4009,JogB,CBV,Generic Masked,4009_ofM_cbv,CBV,1.50936,1.0303783296697295,1.0480640342835854
72,7,/home/hendrik/.scratch/mlebe/preprocessing/generic_masked_collapsed/sub-4009/ses-ofMcF2/func/sub-4009_ses-ofMcF2_task-JogB_acq-EPIlowcov_run-1_cbv.nii.gz,EPIlowcov,EPIlowcov,func,1.0,ofMcF2,4009,JogB,CBV,Generic Masked,4009_ofMcF2_cbv,CBV,1.37045,1.0422782653666551,1.0579420993586603
73,8,/home/hendrik/.scratch/mlebe/preprocessing/generic_masked_collapsed/sub-4009/ses-ofMcF2/func/sub-4009_ses-ofMcF2_task-JogB_acq-EPIlowcov_run-0_bold.nii.gz,EPIlowcov,EPIlowcov,func,0.0,ofMcF2,4009,JogB,BOLD,Generic Masked,4009_ofMcF2_bold,BOLD,2.10353,1.0058287987606032,0.9986936473017239
74,10,/home/hendrik/.scratch/mlebe/preprocessing/generic_masked_collapsed/sub-4009/ses-ofMaF/func/sub-4009_ses-ofMaF_task-JogB_acq-EPIlowcov_run-1_cbv.nii.gz,EPIlowcov,EPIlowcov,func,1.0,ofMaF,4009,JogB,CBV,Generic Masked,4009_ofMaF_cbv,CBV,1.55864,1.0311739176458135,1.0512080182204986
75,11,/home/hendrik/.scratch/mlebe/preprocessing/generic_masked_collapsed/sub-4009/ses-ofMaF/func/sub-4009_ses-ofMaF_task-JogB_acq-EPIlowcov_run-0_bold.nii.gz,EPIlowcov,EPIlowcov,func,0.0,ofMaF,4009,JogB,BOLD,Generic Masked,4009_ofMaF_bold,BOLD,1.97722,0.9809925925190892,0.9800650841000228
76,13,/home/hendrik/.scratch/mlebe/preprocessing/generic_masked_collapsed/sub-4009/ses-ofMcF1/func/sub-4009_ses-ofMcF1_task-JogB_acq-EPIlowcov_run-0_bold.nii.gz,EPIlowcov,EPIlowcov,func,0.0,ofMcF1,4009,JogB,BOLD,Generic Masked,4009_ofMcF1_bold,BOLD,2.06324,0.9791474862138023,0.9736681101074713
77,14,/home/hendrik/.scratch/mlebe/preprocessing/generic_masked_collapsed/sub-4009/ses-ofMcF1/func/sub-4009_ses-ofMcF1_task-JogB_acq-EPIlowcov_run-1_cbv.nii.gz,EPIlowcov,EPIlowcov,func,1.0,ofMcF1,4009,JogB,CBV,Generic Masked,4009_ofMcF1_cbv,CBV,1.92752,1.0467858170818467,1.0562967996358135
78,16,/home/hendrik/.scratch/mlebe/preprocessing/generic_masked_collapsed/sub-4008/ses-ofM/func/sub-4008_ses-ofM_task-JogB_acq-EPIlowcov_run-1_cbv.nii.gz,EPIlowcov,EPIlowcov,func,1.0,ofM,4008,JogB,CBV,Generic Masked,4008_ofM_cbv,CBV,1.40221,0.9555158808577912,0.9838942924842401
79,17,/home/hendrik/.scratch/mlebe/preprocessing/generic_masked_collapsed/sub-4008/ses-ofM/func/sub-4008_ses-ofM_task-JogB_acq-EPIlowcov_run-0_bold.nii.gz,EPIlowcov,EPIlowcov,func,0.0,ofM,4008,JogB,BOLD,Generic Masked,4008_ofM_bold,BOLD,2.16038,1.2071657269938478,1.0594557636013395
80,19,/home/hendrik/.scratch/mlebe/preprocessing/generic_masked_collapsed/sub-4008/ses-ofMpF/func/sub-4008_ses-ofMpF_task-JogB_acq-EPIlowcov_run-0_bold.nii.gz,EPIlowcov,EPIlowcov,func,0.0,ofMpF,4008,JogB,BOLD,Generic Masked,4008_ofMpF_bold,BOLD,2.74395,1.2782058209733917,1.1657997956414539
81,20,/home/hendrik/.scratch/mlebe/preprocessing/generic_masked_collapsed/sub-4008/ses-ofMpF/func/sub-4008_ses-ofMpF_task-JogB_acq-EPIlowcov_run-1_cbv.nii.gz,EPIlowcov,EPIlowcov,func,1.0,ofMpF,4008,JogB,CBV,Generic Masked,4008_ofMpF_cbv,CBV,1.54681,1.0326454860438878,1.0588266156274333
82,22,/home/hendrik/.scratch/mlebe/preprocessing/generic_masked_collapsed/sub-4008/ses-ofMcF2/func/sub-4008_ses-ofMcF2_task-JogB_acq-EPIlowcov_run-1_cbv.nii.gz,EPIlowcov,EPIlowcov,func,1.0,ofMcF2,4008,JogB,CBV,Generic Masked,4008_ofMcF2_cbv,CBV,1.63524,1.019406399810487,1.0352498327283124
83,23,/home/hendrik/.scratch/mlebe/preprocessing/generic_masked_collapsed/sub-4008/ses-ofMcF2/func/sub-4008_ses-ofMcF2_task-JogB_acq-EPIlowcov_run-0_bold.nii.gz,EPIlowcov,EPIlowcov,func,0.0,ofMcF2,4008,JogB,BOLD,Generic Masked,4008_ofMcF2_bold,BOLD,1.75682,0.977439258472101,0.948907250729061
84,25,/home/hendrik/.scratch/mlebe/preprocessing/generic_masked_collapsed/sub-4008/ses-ofMaF/func/sub-4008_ses-ofMaF_task-JogB_acq-EPIlowcov_run-0_bold.nii.gz,EPIlowcov,EPIlowcov,func,0.0,ofMaF,4008,JogB,BOLD,Generic Masked,4008_ofMaF_bold,BOLD,1.9278,1.0325766746296157,1.041198234195276
85,26,/home/hendrik/.scratch/mlebe/preprocessing/generic_masked_collapsed/sub-4008/ses-ofMaF/func/sub-4008_ses-ofMaF_task-JogB_acq-EPIlowcov_run-1_cbv.nii.gz,EPIlowcov,EPIlowcov,func,1.0,ofMaF,4008,JogB,CBV,Generic Masked,4008_ofMaF_cbv,CBV,1.56147,1.0033864541832669,1.0155148401423073
86,28,/home/hendrik/.scratch/mlebe/preprocessing/generic_masked_collapsed/sub-4008/ses-ofMcF1/func/sub-4008_ses-ofMcF1_task-JogB_acq-EPIlowcov_run-1_cbv.nii.gz,EPIlowcov,EPIlowcov,func,1.0,ofMcF1,4008,JogB,CBV,Generic Masked,4008_ofMcF1_cbv,CBV,1.87922,1.0066477038370267,1.010360723218319
87,29,/home/hendrik/.scratch/mlebe/preprocessing/generic_masked_collapsed/sub-4008/ses-ofMcF1/func/sub-4008_ses-ofMcF1_task-JogB_acq-EPIlowcov_run-0_bold.nii.gz,EPIlowcov,EPIlowcov,func,0.0,ofMcF1,4008,JogB,BOLD,Generic Masked,4008_ofMcF1_bold,BOLD,2.09483,1.0451209594939108,1.0387452488220303
88,31,/home/hendrik/.scratch/mlebe/preprocessing/generic_masked_collapsed/sub-4005/ses-ofM/func/sub-4005_ses-ofM_task-JogB_acq-EPIlowcov_run-0_bold.nii.gz,EPIlowcov,EPIlowcov,func,0.0,ofM,4005,JogB,BOLD,Generic Masked,4005_ofM_bold,BOLD,1.93189,0.9639400047900367,0.9664491922491449
89,32,/home/hendrik/.scratch/mlebe/preprocessing/generic_masked_collapsed/sub-4005/ses-ofM/func/sub-4005_ses-ofM_task-JogB_acq-EPIlowcov_run-1_cbv.nii.gz,EPIlowcov,EPIlowcov,func,1.0,ofM,4005,JogB,CBV,Generic Masked,4005_ofM_cbv,CBV,1.19683,0.9875975772779035,1.0005734304567717
90,34,/home/hendrik/.scratch/mlebe/preprocessing/generic_masked_collapsed/sub-4005/ses-ofMaF/func/sub-4005_ses-ofMaF_task-JogB_acq-EPIlowcov_run-1_cbv.nii.gz,EPIlowcov,EPIlowcov,func,1.0,ofMaF,4005,JogB,CBV,Generic Masked,4005_ofMaF_cbv,CBV,1.38036,0.9921511126444712,1.0002991311205964
91,35,/home/hendrik/.scratch/mlebe/preprocessing/generic_masked_collapsed/sub-4005/ses-ofMaF/func/sub-4005_ses-ofMaF_task-JogB_acq-EPIlowcov_run-0_bold.nii.gz,EPIlowcov,EPIlowcov,func,0.0,ofMaF,4005,JogB,BOLD,Generic Masked,4005_ofMaF_bold,BOLD,1.93036,0.9896389260575115,0.9790771392748815
92,37,/home/hendrik/.scratch/mlebe/preprocessing/generic_masked_collapsed/sub-4013/ses-ofM/func/sub-4013_ses-ofM_task-JogB_acq-EPIlowcov_run-0_bold.nii.gz,EPIlowcov,EPIlowcov,func,0.0,ofM,4013,JogB,BOLD,Generic Masked,4013_ofM_bold,BOLD,1.38524,0.9577223293855737,0.9764861146018172
93,38,/home/hendrik/.scratch/mlebe/preprocessing/generic_masked_collapsed/sub-4013/ses-ofM/func/sub-4013_ses-ofM_task-JogB_acq-EPIlowcov_run-1_cbv.nii.gz,EPIlowcov,EPIlowcov,func,1.0,ofM,4013,JogB,CBV,Generic Masked,4013_ofM_cbv,CBV,1.17321,1.189134894507241,1.2159914491692247
94,40,/home/hendrik/.scratch/mlebe/preprocessing/generic_masked_collapsed/sub-4011/ses-ofM/func/sub-4011_ses-ofM_task-JogB_acq-EPIlowcov_run-1_cbv.nii.gz,EPIlowcov,EPIlowcov,func,1.0,ofM,4011,JogB,CBV,Generic Masked,4011_ofM_cbv,CBV,1.40628,1.0269989994960966,1.055368668192056
95,41,/home/hendrik/.scratch/mlebe/preprocessing/generic_masked_collapsed/sub-4011/ses-ofM/func/sub-4011_ses-ofM_task-JogB_acq-EPIlowcov_run-0_bold.nii.gz,EPIlowcov,EPIlowcov,func,0.0,ofM,4011,JogB,BOLD,Generic Masked,4011_ofM_bold,BOLD,1.96451,0.9278943117463405,0.9416014713812297
96,43,/home/hendrik/.scratch/mlebe/preprocessing/generic_masked_collapsed/sub-4011/ses-ofMcF2/func/sub-4011_ses-ofMcF2_task-JogB_acq-EPIlowcov_run-1_cbv.nii.gz,EPIlowcov,EPIlowcov,func,1.0,ofMcF2,4011,JogB,CBV,Generic Masked,4011_ofMcF2_cbv,CBV,1.45398,0.9583185035789141,0.956301359888118
97,44,/home/hendrik/.scratch/mlebe/preprocessing/generic_masked_collapsed/sub-4011/ses-ofMcF2/func/sub-4011_ses-ofMcF2_task-JogB_acq-EPIlowcov_run-0_bold.nii.gz,EPIlowcov,EPIlowcov,func,0.0,ofMcF2,4011,JogB,BOLD,Generic Masked,4011_ofMcF2_bold,BOLD,2.30364,1.1183587074724253,1.0198469243034158
98,46,/home/hendrik/.scratch/mlebe/preprocessing/generic_masked_collapsed/sub-4011/ses-ofMaF/func/sub-4011_ses-ofMaF_task-JogB_acq-EPIlowcov_run-1_cbv.nii.gz,EPIlowcov,EPIlowcov,func,1.0,ofMaF,4011,JogB,CBV,Generic Masked,4011_ofMaF_cbv,CBV,1.26817,1.041558185566333,1.0629303863098019
99,47,/home/hendrik/.scratch/mlebe/preprocessing/generic_masked_collapsed/sub-4011/ses-ofMaF/func/sub-4011_ses-ofMaF_task-JogB_acq-EPIlowcov_run-0_bold.nii.gz,EPIlowcov,EPIlowcov,func,0.0,ofMaF,4011,JogB,BOLD,Generic Masked,4011_ofMaF_bold,BOLD,1.95253,0.9167237898492887,0.9261245506296201
100,49,/home/hendrik/.scratch/mlebe/preprocessing/generic_masked_collapsed/sub-4011/ses-ofMcF1/func/sub-4011_ses-ofMcF1_task-JogB_acq-EPIlowcov_run-0_bold.nii.gz,EPIlowcov,EPIlowcov,func,0.0,ofMcF1,4011,JogB,BOLD,Generic Masked,4011_ofMcF1_bold,BOLD,2.22125,0.9954200594227124,0.950001692097211
101,50,/home/hendrik/.scratch/mlebe/preprocessing/generic_masked_collapsed/sub-4011/ses-ofMcF1/func/sub-4011_ses-ofMcF1_task-JogB_acq-EPIlowcov_run-1_cbv.nii.gz,EPIlowcov,EPIlowcov,func,1.0,ofMcF1,4011,JogB,CBV,Generic Masked,4011_ofMcF1_cbv,CBV,1.92173,1.1597996318537072,0.9561038552075265
102,52,/home/hendrik/.scratch/mlebe/preprocessing/generic_masked_collapsed/sub-4004/ses-ofM/func/sub-4004_ses-ofM_task-JogB_acq-EPIlowcov_run-0_bold.nii.gz,EPIlowcov,EPIlowcov,func,0.0,ofM,4004,JogB,BOLD,Generic Masked,4004_ofM_bold,BOLD,1.81436,0.9255286045859158,0.9405708873406061
103,53,/home/hendrik/.scratch/mlebe/preprocessing/generic_masked_collapsed/sub-4004/ses-ofM/func/sub-4004_ses-ofM_task-JogB_acq-EPIlowcov_run-1_cbv.nii.gz,EPIlowcov,EPIlowcov,func,1.0,ofM,4004,JogB,CBV,Generic Masked,4004_ofM_cbv,CBV,1.419,0.9598214285714286,0.9677795923307405
104,55,/home/hendrik/.scratch/mlebe/preprocessing/generic_masked_collapsed/sub-4012/ses-ofMpF/func/sub-4012_ses-ofMpF_task-JogB_acq-EPIlowcov_run-1_cbv.nii.gz,EPIlowcov,EPIlowcov,func,1.0,ofMpF,4012,JogB,CBV,Generic Masked,4012_ofMpF_cbv,CBV,1.44037,1.1888556901845555,1.1866693194519058
105,56,/home/hendrik/.scratch/mlebe/preprocessing/generic_masked_collapsed/sub-4012/ses-ofMpF/func/sub-4012_ses-ofMpF_task-JogB_acq-EPIlowcov_run-0_bold.nii.gz,EPIlowcov,EPIlowcov,func,0.0,ofMpF,4012,JogB,BOLD,Generic Masked,4012_ofMpF_bold,BOLD,1.72269,1.0225500089036623,1.0232868983279937
106,58,/home/hendrik/.scratch/mlebe/preprocessing/generic_masked_collapsed/sub-4012/ses-ofM/func/sub-4012_ses-ofM_task-JogB_acq-EPIlowcov_run-1_cbv.nii.gz,EPIlowcov,EPIlowcov,func,1.0,ofM,4012,JogB,CBV,Generic Masked,4012_ofM_cbv,CBV,1.27181,1.1593210759960988,1.1937615441112683
107,59,/home/hendrik/.scratch/mlebe/preprocessing/generic_masked_collapsed/sub-4012/ses-ofM/func/sub-4012_ses-ofM_task-JogB_acq-EPIlowcov_run-0_bold.nii.gz,EPIlowcov,EPIlowcov,func,0.0,ofM,4012,JogB,BOLD,Generic Masked,4012_ofM_bold,BOLD,1.66321,0.9875312461035145,1.0078764214580833
108,61,/home/hendrik/.scratch/mlebe/preprocessing/generic_masked_collapsed/sub-4012/ses-ofMcF2/func/sub-4012_ses-ofMcF2_task-JogB_acq-EPIlowcov_run-0_bold.nii.gz,EPIlowcov,EPIlowcov,func,0.0,ofMcF2,4012,JogB,BOLD,Generic Masked,4012_ofMcF2_bold,BOLD,1.67157,1.0153064013557098,1.0206346996796591
109,62,/home/hendrik/.scratch/mlebe/preprocessing/generic_masked_collapsed/sub-4012/ses-ofMcF2/func/sub-4012_ses-ofMcF2_task-JogB_acq-EPIlowcov_run-1_cbv.nii.gz,EPIlowcov,EPIlowcov,func,1.0,ofMcF2,4012,JogB,CBV,Generic Masked,4012_ofMcF2_cbv,CBV,1.34623,1.0234844222786506,1.0424996709239647
110,64,/home/hendrik/.scratch/mlebe/preprocessing/generic_masked_collapsed/sub-4012/ses-ofMcF1/func/sub-4012_ses-ofMcF1_task-JogB_acq-EPIlowcov_run-0_bold.nii.gz,EPIlowcov,EPIlowcov,func,0.0,ofMcF1,4012,JogB,BOLD,Generic Masked,4012_ofMcF1_bold,BOLD,1.52209,0.9514430199341155,0.9635143472329843
111,65,/home/hendrik/.scratch/mlebe/preprocessing/generic_masked_collapsed/sub-4012/ses-ofMcF1/func/sub-4012_ses-ofMcF1_task-JogB_acq-EPIlowcov_run-1_cbv.nii.gz,EPIlowcov,EPIlowcov,func,1.0,ofMcF1,4012,JogB,CBV,Generic Masked,4012_ofMcF1_cbv,CBV,1.25873,0.9887669575736627,1.012280924113253
112,67,/home/hendrik/.scratch/mlebe/preprocessing/generic_masked_collapsed/sub-4012/ses-ofMaF/func/sub-4012_ses-ofMaF_task-JogB_acq-EPIlowcov_run-1_cbv.nii.gz,EPIlowcov,EPIlowcov,func,1.0,ofMaF,4012,JogB,CBV,Generic Masked,4012_ofMaF_cbv,CBV,1.62755,1.1360495309358947,1.1204497780333247
113,68,/home/hendrik/.scratch/mlebe/preprocessing/generic_masked_collapsed/sub-4012/ses-ofMaF/func/sub-4012_ses-ofMaF_task-JogB_acq-EPIlowcov_run-0_bold.nii.gz,EPIlowcov,EPIlowcov,func,0.0,ofMaF,4012,JogB,BOLD,Generic Masked,4012_ofMaF_bold,BOLD,1.93007,0.97486160497818,0.977705799505412
114,70,/home/hendrik/.scratch/mlebe/preprocessing/generic_masked_collapsed/sub-4007/ses-ofMpF/func/sub-4007_ses-ofMpF_task-JogB_acq-EPIlowcov_run-0_bold.nii.gz,EPIlowcov,EPIlowcov,func,0.0,ofMpF,4007,JogB,BOLD,Generic Masked,4007_ofMpF_bold,BOLD,1.51798,0.9899632834866994,0.9911520562328429
115,71,/home/hendrik/.scratch/mlebe/preprocessing/generic_masked_collapsed/sub-4007/ses-ofMpF/func/sub-4007_ses-ofMpF_task-JogB_acq-EPIlowcov_run-1_cbv.nii.gz,EPIlowcov,EPIlowcov,func,1.0,ofMpF,4007,JogB,CBV,Generic Masked,4007_ofMpF_cbv,CBV,1.28241,1.0922214746237642,1.0920323939658614
116,73,/home/hendrik/.scratch/mlebe/preprocessing/generic_masked_collapsed/sub-4007/ses-ofM/func/sub-4007_ses-ofM_task-JogB_acq-EPIlowcov_run-1_cbv.nii.gz,EPIlowcov,EPIlowcov,func,1.0,ofM,4007,JogB,CBV,Generic Masked,4007_ofM_cbv,CBV,1.38107,1.0713360380417498,1.095241709150002
117,74,/home/hendrik/.scratch/mlebe/preprocessing/generic_masked_collapsed/sub-4007/ses-ofM/func/sub-4007_ses-ofM_task-JogB_acq-EPIlowcov_run-0_bold.nii.gz,EPIlowcov,EPIlowcov,func,0.0,ofM,4007,JogB,BOLD,Generic Masked,4007_ofM_bold,BOLD,1.65987,0.9340592555077234,0.9465232742032722
118,76,/home/hendrik/.scratch/mlebe/preprocessing/generic_masked_collapsed/sub-4007/ses-ofMaF/func/sub-4007_ses-ofMaF_task-JogB_acq-EPIlowcov_run-0_bold.nii.gz,EPIlowcov,EPIlowcov,func,0.0,ofMaF,4007,JogB,BOLD,Generic Masked,4007_ofMaF_bold,BOLD,2.16603,1.1176625386996906,1.0680572044618484
119,77,/home/hendrik/.scratch/mlebe/preprocessing/generic_masked_collapsed/sub-4007/ses-ofMaF/func/sub-4007_ses-ofMaF_task-JogB_acq-EPIlowcov_run-1_cbv.nii.gz,EPIlowcov,EPIlowcov,func,1.0,ofMaF,4007,JogB,CBV,Generic Masked,4007_ofMaF_cbv,CBV,1.50827,1.0224242300991737,1.052862765974042
120,79,/home/hendrik/.scratch/mlebe/preprocessing/generic_masked_collapsed/sub-4007/ses-ofMcF2/func/sub-4007_ses-ofMcF2_task-JogB_acq-EPIlowcov_run-0_bold.nii.gz,EPIlowcov,EPIlowcov,func,0.0,ofMcF2,4007,JogB,BOLD,Generic Masked,4007_ofMcF2_bold,BOLD,1.85096,0.9732162574267837,1.0057545022088148
121,80,/home/hendrik/.scratch/mlebe/preprocessing/generic_masked_collapsed/sub-4007/ses-ofMcF2/func/sub-4007_ses-ofMcF2_task-JogB_acq-EPIlowcov_run-1_cbv.nii.gz,EPIlowcov,EPIlowcov,func,1.0,ofMcF2,4007,JogB,CBV,Generic Masked,4007_ofMcF2_cbv,CBV,1.47258,0.9605933502501647,0.9717238991035015
122,82,/home/hendrik/.scratch/mlebe/preprocessing/generic_masked_collapsed/sub-4007/ses-ofMcF1/func/sub-4007_ses-ofMcF1_task-JogB_acq-EPIlowcov_run-1_cbv.nii.gz,EPIlowcov,EPIlowcov,func,1.0,ofMcF1,4007,JogB,CBV,Generic Masked,4007_ofMcF1_cbv,CBV,1.79901,1.272302295647746,1.1673523130011052
123,83,/home/hendrik/.scratch/mlebe/preprocessing/generic_masked_collapsed/sub-4007/ses-ofMcF1/func/sub-4007_ses-ofMcF1_task-JogB_acq-EPIlowcov_run-0_bold.nii.gz,EPIlowcov,EPIlowcov,func,0.0,ofMcF1,4007,JogB,BOLD,Generic Masked,4007_ofMcF1_bold,BOLD,1.96656,1.2707980613893377,1.1729413476524104
124,85,/home/hendrik/.scratch/mlebe/preprocessing/generic_masked_collapsed/sub-4002/ses-ofM/func/sub-4002_ses-ofM_task-JogB_acq-EPIlowcov_run-0_bold.nii.gz,EPIlowcov,EPIlowcov,func,0.0,ofM,4002,JogB,BOLD,Generic Masked,4002_ofM_bold,BOLD,1.81475,0.9677273139334603,0.9832485038593347
125,86,/home/hendrik/.scratch/mlebe/preprocessing/generic_masked_collapsed/sub-4002/ses-ofM/func/sub-4002_ses-ofM_task-JogB_acq-EPIlowcov_run-1_cbv.nii.gz,EPIlowcov,EPIlowcov,func,1.0,ofM,4002,JogB,CBV,Generic Masked,4002_ofM_cbv,CBV,1.43537,0.9720909127849491,0.9961674784822891
126,88,/home/hendrik/.scratch/mlebe/preprocessing/generic_masked_collapsed/sub-4006/ses-ofM/func/sub-4006_ses-ofM_task-JogB_acq-EPIlowcov_run-1_cbv.nii.gz,EPIlowcov,EPIlowcov,func,1.0,ofM,4006,JogB,CBV,Generic Masked,4006_ofM_cbv,CBV,1.52502,1.105359291419625,1.1007695975285756
127,89,/home/hendrik/.scratch/mlebe/preprocessing/generic_masked_collapsed/sub-4006/ses-ofM/func/sub-4006_ses-ofM_task-JogB_acq-EPIlowcov_run-0_bold.nii.gz,EPIlowcov,EPIlowcov,func,0.0,ofM,4006,JogB,BOLD,Generic Masked,4006_ofM_bold,BOLD,1.9403,0.9875154593527175,0.9425849450842672
128,91,/home/hendrik/.scratch/mlebe/preprocessing/generic_masked_collapsed/sub-4001/ses-ofM/func/sub-4001_ses-ofM_task-JogB_acq-EPIlowcov_run-1_cbv.nii.gz,EPIlowcov,EPIlowcov,func,1.0,ofM,4001,JogB,CBV,Generic Masked,4001_ofM_cbv,CBV,1.57524,1.0797376123270113,1.0586974896271923
129,92,/home/hendrik/.scratch/mlebe/preprocessing/generic_masked_collapsed/sub-4001/ses-ofM/func/sub-4001_ses-ofM_task-JogB_acq-EPIlowcov_run-0_bold.nii.gz,EPIlowcov,EPIlowcov,func,0.0,ofM,4001,JogB,BOLD,Generic Masked,4001_ofM_bold,BOLD,2.04788,1.0082813900130967,1.0025013717508626
130,94,/home/hendrik/.scratch/mlebe/preprocessing/generic_masked_collapsed/sub-4001/ses-ofMcF2/func/sub-4001_ses-ofMcF2_task-JogB_acq-EPIlowcov_run-0_bold.nii.gz,EPIlowcov,EPIlowcov,func,0.0,ofMcF2,4001,JogB,BOLD,Generic Masked,4001_ofMcF2_bold,BOLD,2.36042,0.997725927804548,1.0024069449366149
131,95,/home/hendrik/.scratch/mlebe/preprocessing/generic_masked_collapsed/sub-4001/ses-ofMcF2/func/sub-4001_ses-ofMcF2_task-JogB_acq-EPIlowcov_run-1_cbv.nii.gz,EPIlowcov,EPIlowcov,func,1.0,ofMcF2,4001,JogB,CBV,Generic Masked,4001_ofMcF2_cbv,CBV,2.49311,1.211665103349064,1.0692840715695948
132,97,/home/hendrik/.scratch/mlebe/preprocessing/generic_masked_collapsed/sub-4001/ses-ofMaF/func/sub-4001_ses-ofMaF_task-JogB_acq-EPIlowcov_run-0_bold.nii.gz,EPIlowcov,EPIlowcov,func,0.0,ofMaF,4001,JogB,BOLD,Generic Masked,4001_ofMaF_bold,BOLD,1.69468,0.9335228274281685,0.9424132388547786
133,98,/home/hendrik/.scratch/mlebe/preprocessing/generic_masked_collapsed/sub-4001/ses-ofMaF/func/sub-4001_ses-ofMaF_task-JogB_acq-EPIlowcov_run-1_cbv.nii.gz,EPIlowcov,EPIlowcov,func,1.0,ofMaF,4001,JogB,CBV,Generic Masked,4001_ofMaF_cbv,CBV,1.26522,1.044298625727374,1.0642536142759633
134,100,/home/hendrik/.scratch/mlebe/preprocessing/generic_masked_collapsed/sub-4001/ses-ofMcF1/func/sub-4001_ses-ofMcF1_task-JogB_acq-EPIlowcov_run-1_cbv.nii.gz,EPIlowcov,EPIlowcov,func,1.0,ofMcF1,4001,JogB,CBV,Generic Masked,4001_ofMcF1_cbv,CBV,1.27102,1.1394479457089837,1.1538521949938518
135,101,/home/hendrik/.scratch/mlebe/preprocessing/generic_masked_collapsed/sub-4001/ses-ofMcF1/func/sub-4001_ses-ofMcF1_task-JogB_acq-EPIlowcov_run-0_bold.nii.gz,EPIlowcov,EPIlowcov,func,0.0,ofMcF1,4001,JogB,BOLD,Generic Masked,4001_ofMcF1_bold,BOLD,1.5338,0.9514770288209824,0.9533998415234813
136,1,/home/hendrik/.scratch/mlebe/bids_collapsed/sub-4001/ses-ofMaF/func/sub-4001_ses-ofMaF_task-JogB_acq-EPIlowcov_run-0_bold.nii.gz,EPIlowcov,EPIlowcov,func,0.0,ofMaF,4001,JogB,BOLD,Unprocessed,4001_ofMaF_bold,BOLD,1.81536,1.0,0.0
137,2,/home/hendrik/.scratch/mlebe/bids_collapsed/sub-4001/ses-ofMaF/func/sub-4001_ses-ofMaF_task-JogB_acq-EPIlowcov_run-1_cbv.nii.gz,EPIlowcov,EPIlowcov,func,1.0,ofMaF,4001,JogB,CBV,Unprocessed,4001_ofMaF_cbv,CBV,1.21155,1.0,0.0
138,4,/home/hendrik/.scratch/mlebe/bids_collapsed/sub-4001/ses-ofM/func/sub-4001_ses-ofM_task-JogB_acq-EPIlowcov_run-1_cbv.nii.gz,EPIlowcov,EPIlowcov,func,1.0,ofM,4001,JogB,CBV,Unprocessed,4001_ofM_cbv,CBV,1.45891,1.0,0.0
139,5,/home/hendrik/.scratch/mlebe/bids_collapsed/sub-4001/ses-ofM/func/sub-4001_ses-ofM_task-JogB_acq-EPIlowcov_run-0_bold.nii.gz,EPIlowcov,EPIlowcov,func,0.0,ofM,4001,JogB,BOLD,Unprocessed,4001_ofM_bold,BOLD,2.03106,1.0,0.0
140,7,/home/hendrik/.scratch/mlebe/bids_collapsed/sub-4001/ses-ofMcF2/func/sub-4001_ses-ofMcF2_task-JogB_acq-EPIlowcov_run-0_bold.nii.gz,EPIlowcov,EPIlowcov,func,0.0,ofMcF2,4001,JogB,BOLD,Unprocessed,4001_ofMcF2_bold,BOLD,2.3658,1.0,0.0
141,8,/home/hendrik/.scratch/mlebe/bids_collapsed/sub-4001/ses-ofMcF2/func/sub-4001_ses-ofMcF2_task-JogB_acq-EPIlowcov_run-1_cbv.nii.gz,EPIlowcov,EPIlowcov,func,1.0,ofMcF2,4001,JogB,CBV,Unprocessed,4001_ofMcF2_cbv,CBV,2.05759,1.0,0.0
142,10,/home/hendrik/.scratch/mlebe/bids_collapsed/sub-4001/ses-ofMcF1/func/sub-4001_ses-ofMcF1_task-JogB_acq-EPIlowcov_run-0_bold.nii.gz,EPIlowcov,EPIlowcov,func,0.0,ofMcF1,4001,JogB,BOLD,Unprocessed,4001_ofMcF1_bold,BOLD,1.61202,1.0,0.0
143,11,/home/hendrik/.scratch/mlebe/bids_collapsed/sub-4001/ses-ofMcF1/func/sub-4001_ses-ofMcF1_task-JogB_acq-EPIlowcov_run-1_cbv.nii.gz,EPIlowcov,EPIlowcov,func,1.0,ofMcF1,4001,JogB,CBV,Unprocessed,4001_ofMcF1_cbv,CBV,1.11547,1.0,0.0
144,13,/home/hendrik/.scratch/mlebe/bids_collapsed/sub-4006/ses-ofM/func/sub-4006_ses-ofM_task-JogB_acq-EPIlowcov_run-0_bold.nii.gz,EPIlowcov,EPIlowcov,func,0.0,ofM,4006,JogB,BOLD,Unprocessed,4006_ofM_bold,BOLD,1.96483,1.0,0.0
145,14,/home/hendrik/.scratch/mlebe/bids_collapsed/sub-4006/ses-ofM/func/sub-4006_ses-ofM_task-JogB_acq-EPIlowcov_run-1_cbv.nii.gz,EPIlowcov,EPIlowcov,func,1.0,ofM,4006,JogB,CBV,Unprocessed,4006_ofM_cbv,CBV,1.37966,1.0,0.0
146,17,/home/hendrik/.scratch/mlebe/bids_collapsed/sub-4002/ses-ofM/func/sub-4002_ses-ofM_task-JogB_acq-EPIlowcov_run-0_bold.nii.gz,EPIlowcov,EPIlowcov,func,0.0,ofM,4002,JogB,BOLD,Unprocessed,4002_ofM_bold,BOLD,1.87527,1.0,0.0
147,18,/home/hendrik/.scratch/mlebe/bids_collapsed/sub-4002/ses-ofM/func/sub-4002_ses-ofM_task-JogB_acq-EPIlowcov_run-1_cbv.nii.gz,EPIlowcov,EPIlowcov,func,1.0,ofM,4002,JogB,CBV,Unprocessed,4002_ofM_cbv,CBV,1.47658,1.0,0.0
148,20,/home/hendrik/.scratch/mlebe/bids_collapsed/sub-4007/ses-ofMcF1/func/sub-4007_ses-ofMcF1_task-JogB_acq-EPIlowcov_run-0_bold.nii.gz,EPIlowcov,EPIlowcov,func,0.0,ofMcF1,4007,JogB,BOLD,Unprocessed,4007_ofMcF1_bold,BOLD,1.5475,1.0,0.0
149,21,/home/hendrik/.scratch/mlebe/bids_collapsed/sub-4007/ses-ofMcF1/func/sub-4007_ses-ofMcF1_task-JogB_acq-EPIlowcov_run-1_cbv.nii.gz,EPIlowcov,EPIlowcov,func,1.0,ofMcF1,4007,JogB,CBV,Unprocessed,4007_ofMcF1_cbv,CBV,1.41398,1.0,0.0
150,23,/home/hendrik/.scratch/mlebe/bids_collapsed/sub-4007/ses-ofMaF/func/sub-4007_ses-ofMaF_task-JogB_acq-EPIlowcov_run-0_bold.nii.gz,EPIlowcov,EPIlowcov,func,0.0,ofMaF,4007,JogB,BOLD,Unprocessed,4007_ofMaF_bold,BOLD,1.938,1.0,0.0
151,24,/home/hendrik/.scratch/mlebe/bids_collapsed/sub-4007/ses-ofMaF/func/sub-4007_ses-ofMaF_task-JogB_acq-EPIlowcov_run-1_cbv.nii.gz,EPIlowcov,EPIlowcov,func,1.0,ofMaF,4007,JogB,CBV,Unprocessed,4007_ofMaF_cbv,CBV,1.47519,1.0,0.0
152,26,/home/hendrik/.scratch/mlebe/bids_collapsed/sub-4007/ses-ofMcF2/func/sub-4007_ses-ofMcF2_task-JogB_acq-EPIlowcov_run-1_cbv.nii.gz,EPIlowcov,EPIlowcov,func,1.0,ofMcF2,4007,JogB,CBV,Unprocessed,4007_ofMcF2_cbv,CBV,1.53299,1.0,0.0
153,27,/home/hendrik/.scratch/mlebe/bids_collapsed/sub-4007/ses-ofMcF2/func/sub-4007_ses-ofMcF2_task-JogB_acq-EPIlowcov_run-0_bold.nii.gz,EPIlowcov,EPIlowcov,func,0.0,ofMcF2,4007,JogB,BOLD,Unprocessed,4007_ofMcF2_bold,BOLD,1.9019,1.0,0.0
154,29,/home/hendrik/.scratch/mlebe/bids_collapsed/sub-4007/ses-ofMpF/func/sub-4007_ses-ofMpF_task-JogB_acq-EPIlowcov_run-0_bold.nii.gz,EPIlowcov,EPIlowcov,func,0.0,ofMpF,4007,JogB,BOLD,Unprocessed,4007_ofMpF_bold,BOLD,1.53337,1.0,0.0
155,30,/home/hendrik/.scratch/mlebe/bids_collapsed/sub-4007/ses-ofMpF/func/sub-4007_ses-ofMpF_task-JogB_acq-EPIlowcov_run-1_cbv.nii.gz,EPIlowcov,EPIlowcov,func,1.0,ofMpF,4007,JogB,CBV,Unprocessed,4007_ofMpF_cbv,CBV,1.17413,1.0,0.0
156,32,/home/hendrik/.scratch/mlebe/bids_collapsed/sub-4007/ses-ofM/func/sub-4007_ses-ofM_task-JogB_acq-EPIlowcov_run-1_cbv.nii.gz,EPIlowcov,EPIlowcov,func,1.0,ofM,4007,JogB,CBV,Unprocessed,4007_ofM_cbv,CBV,1.28911,1.0,0.0
157,33,/home/hendrik/.scratch/mlebe/bids_collapsed/sub-4007/ses-ofM/func/sub-4007_ses-ofM_task-JogB_acq-EPIlowcov_run-0_bold.nii.gz,EPIlowcov,EPIlowcov,func,0.0,ofM,4007,JogB,BOLD,Unprocessed,4007_ofM_bold,BOLD,1.77705,1.0,0.0
158,36,/home/hendrik/.scratch/mlebe/bids_collapsed/sub-4012/ses-ofMcF1/func/sub-4012_ses-ofMcF1_task-JogB_acq-EPIlowcov_run-0_bold.nii.gz,EPIlowcov,EPIlowcov,func,0.0,ofMcF1,4012,JogB,BOLD,Unprocessed,4012_ofMcF1_bold,BOLD,1.59977,1.0,0.0
159,37,/home/hendrik/.scratch/mlebe/bids_collapsed/sub-4012/ses-ofMcF1/func/sub-4012_ses-ofMcF1_task-JogB_acq-EPIlowcov_run-1_cbv.nii.gz,EPIlowcov,EPIlowcov,func,1.0,ofMcF1,4012,JogB,CBV,Unprocessed,4012_ofMcF1_cbv,CBV,1.27303,1.0,0.0
160,39,/home/hendrik/.scratch/mlebe/bids_collapsed/sub-4012/ses-ofMaF/func/sub-4012_ses-ofMaF_task-JogB_acq-EPIlowcov_run-0_bold.nii.gz,EPIlowcov,EPIlowcov,func,0.0,ofMaF,4012,JogB,BOLD,Unprocessed,4012_ofMaF_bold,BOLD,1.97984,1.0,0.0
161,40,/home/hendrik/.scratch/mlebe/bids_collapsed/sub-4012/ses-ofMaF/func/sub-4012_ses-ofMaF_task-JogB_acq-EPIlowcov_run-1_cbv.nii.gz,EPIlowcov,EPIlowcov,func,1.0,ofMaF,4012,JogB,CBV,Unprocessed,4012_ofMaF_cbv,CBV,1.43264,1.0,0.0
162,42,/home/hendrik/.scratch/mlebe/bids_collapsed/sub-4012/ses-ofMcF2/func/sub-4012_ses-ofMcF2_task-JogB_acq-EPIlowcov_run-0_bold.nii.gz,EPIlowcov,EPIlowcov,func,0.0,ofMcF2,4012,JogB,BOLD,Unprocessed,4012_ofMcF2_bold,BOLD,1.64637,1.0,0.0
163,43,/home/hendrik/.scratch/mlebe/bids_collapsed/sub-4012/ses-ofMcF2/func/sub-4012_ses-ofMcF2_task-JogB_acq-EPIlowcov_run-1_cbv.nii.gz,EPIlowcov,EPIlowcov,func,1.0,ofMcF2,4012,JogB,CBV,Unprocessed,4012_ofMcF2_cbv,CBV,1.31534,1.0,0.0
164,45,/home/hendrik/.scratch/mlebe/bids_collapsed/sub-4012/ses-ofMpF/func/sub-4012_ses-ofMpF_task-JogB_acq-EPIlowcov_run-1_cbv.nii.gz,EPIlowcov,EPIlowcov,func,1.0,ofMpF,4012,JogB,CBV,Unprocessed,4012_ofMpF_cbv,CBV,1.21156,1.0,0.0
165,46,/home/hendrik/.scratch/mlebe/bids_collapsed/sub-4012/ses-ofMpF/func/sub-4012_ses-ofMpF_task-JogB_acq-EPIlowcov_run-0_bold.nii.gz,EPIlowcov,EPIlowcov,func,0.0,ofMpF,4012,JogB,BOLD,Unprocessed,4012_ofMpF_bold,BOLD,1.6847,1.0,0.0
166,48,/home/hendrik/.scratch/mlebe/bids_collapsed/sub-4012/ses-ofM/func/sub-4012_ses-ofM_task-JogB_acq-EPIlowcov_run-0_bold.nii.gz,EPIlowcov,EPIlowcov,func,0.0,ofM,4012,JogB,BOLD,Unprocessed,4012_ofM_bold,BOLD,1.68421,1.0,0.0
167,49,/home/hendrik/.scratch/mlebe/bids_collapsed/sub-4012/ses-ofM/func/sub-4012_ses-ofM_task-JogB_acq-EPIlowcov_run-1_cbv.nii.gz,EPIlowcov,EPIlowcov,func,1.0,ofM,4012,JogB,CBV,Unprocessed,4012_ofM_cbv,CBV,1.09703,1.0,0.0
168,51,/home/hendrik/.scratch/mlebe/bids_collapsed/sub-4004/ses-ofM/func/sub-4004_ses-ofM_task-JogB_acq-EPIlowcov_run-0_bold.nii.gz,EPIlowcov,EPIlowcov,func,0.0,ofM,4004,JogB,BOLD,Unprocessed,4004_ofM_bold,BOLD,1.96035,1.0,0.0
169,52,/home/hendrik/.scratch/mlebe/bids_collapsed/sub-4004/ses-ofM/func/sub-4004_ses-ofM_task-JogB_acq-EPIlowcov_run-1_cbv.nii.gz,EPIlowcov,EPIlowcov,func,1.0,ofM,4004,JogB,CBV,Unprocessed,4004_ofM_cbv,CBV,1.4784,1.0,0.0
170,54,/home/hendrik/.scratch/mlebe/bids_collapsed/sub-4011/ses-ofMcF1/func/sub-4011_ses-ofMcF1_task-JogB_acq-EPIlowcov_run-1_cbv.nii.gz,EPIlowcov,EPIlowcov,func,1.0,ofMcF1,4011,JogB,CBV,Unprocessed,4011_ofMcF1_cbv,CBV,1.65695,1.0,0.0
171,55,/home/hendrik/.scratch/mlebe/bids_collapsed/sub-4011/ses-ofMcF1/func/sub-4011_ses-ofMcF1_task-JogB_acq-EPIlowcov_run-0_bold.nii.gz,EPIlowcov,EPIlowcov,func,0.0,ofMcF1,4011,JogB,BOLD,Unprocessed,4011_ofMcF1_bold,BOLD,2.23147,1.0,0.0
172,57,/home/hendrik/.scratch/mlebe/bids_collapsed/sub-4011/ses-ofMaF/func/sub-4011_ses-ofMaF_task-JogB_acq-EPIlowcov_run-1_cbv.nii.gz,EPIlowcov,EPIlowcov,func,1.0,ofMaF,4011,JogB,CBV,Unprocessed,4011_ofMaF_cbv,CBV,1.21757,1.0,0.0
173,58,/home/hendrik/.scratch/mlebe/bids_collapsed/sub-4011/ses-ofMaF/func/sub-4011_ses-ofMaF_task-JogB_acq-EPIlowcov_run-0_bold.nii.gz,EPIlowcov,EPIlowcov,func,0.0,ofMaF,4011,JogB,BOLD,Unprocessed,4011_ofMaF_bold,BOLD,2.1299,1.0,0.0
174,60,/home/hendrik/.scratch/mlebe/bids_collapsed/sub-4011/ses-ofMcF2/func/sub-4011_ses-ofMcF2_task-JogB_acq-EPIlowcov_run-1_cbv.nii.gz,EPIlowcov,EPIlowcov,func,1.0,ofMcF2,4011,JogB,CBV,Unprocessed,4011_ofMcF2_cbv,CBV,1.51722,1.0,0.0
175,61,/home/hendrik/.scratch/mlebe/bids_collapsed/sub-4011/ses-ofMcF2/func/sub-4011_ses-ofMcF2_task-JogB_acq-EPIlowcov_run-0_bold.nii.gz,EPIlowcov,EPIlowcov,func,0.0,ofMcF2,4011,JogB,BOLD,Unprocessed,4011_ofMcF2_bold,BOLD,2.05984,1.0,0.0
176,63,/home/hendrik/.scratch/mlebe/bids_collapsed/sub-4011/ses-ofM/func/sub-4011_ses-ofM_task-JogB_acq-EPIlowcov_run-0_bold.nii.gz,EPIlowcov,EPIlowcov,func,0.0,ofM,4011,JogB,BOLD,Unprocessed,4011_ofM_bold,BOLD,2.11717,1.0,0.0
177,64,/home/hendrik/.scratch/mlebe/bids_collapsed/sub-4011/ses-ofM/func/sub-4011_ses-ofM_task-JogB_acq-EPIlowcov_run-1_cbv.nii.gz,EPIlowcov,EPIlowcov,func,1.0,ofM,4011,JogB,CBV,Unprocessed,4011_ofM_cbv,CBV,1.36931,1.0,0.0
178,66,/home/hendrik/.scratch/mlebe/bids_collapsed/sub-4013/ses-ofM/func/sub-4013_ses-ofM_task-JogB_acq-EPIlowcov_run-0_bold.nii.gz,EPIlowcov,EPIlowcov,func,0.0,ofM,4013,JogB,BOLD,Unprocessed,4013_ofM_bold,BOLD,1.44639,1.0,0.0
179,67,/home/hendrik/.scratch/mlebe/bids_collapsed/sub-4013/ses-ofM/func/sub-4013_ses-ofM_task-JogB_acq-EPIlowcov_run-1_cbv.nii.gz,EPIlowcov,EPIlowcov,func,1.0,ofM,4013,JogB,CBV,Unprocessed,4013_ofM_cbv,CBV,0.986608,1.0,0.0
180,69,/home/hendrik/.scratch/mlebe/bids_collapsed/sub-4005/ses-ofMaF/func/sub-4005_ses-ofMaF_task-JogB_acq-EPIlowcov_run-0_bold.nii.gz,EPIlowcov,EPIlowcov,func,0.0,ofMaF,4005,JogB,BOLD,Unprocessed,4005_ofMaF_bold,BOLD,1.95057,1.0,0.0
181,70,/home/hendrik/.scratch/mlebe/bids_collapsed/sub-4005/ses-ofMaF/func/sub-4005_ses-ofMaF_task-JogB_acq-EPIlowcov_run-1_cbv.nii.gz,EPIlowcov,EPIlowcov,func,1.0,ofMaF,4005,JogB,CBV,Unprocessed,4005_ofMaF_cbv,CBV,1.39128,1.0,0.0
182,72,/home/hendrik/.scratch/mlebe/bids_collapsed/sub-4005/ses-ofM/func/sub-4005_ses-ofM_task-JogB_acq-EPIlowcov_run-0_bold.nii.gz,EPIlowcov,EPIlowcov,func,0.0,ofM,4005,JogB,BOLD,Unprocessed,4005_ofM_bold,BOLD,2.00416,1.0,0.0
183,73,/home/hendrik/.scratch/mlebe/bids_collapsed/sub-4005/ses-ofM/func/sub-4005_ses-ofM_task-JogB_acq-EPIlowcov_run-1_cbv.nii.gz,EPIlowcov,EPIlowcov,func,1.0,ofM,4005,JogB,CBV,Unprocessed,4005_ofM_cbv,CBV,1.21186,1.0,0.0
184,75,/home/hendrik/.scratch/mlebe/bids_collapsed/sub-4008/ses-ofMcF1/func/sub-4008_ses-ofMcF1_task-JogB_acq-EPIlowcov_run-0_bold.nii.gz,EPIlowcov,EPIlowcov,func,0.0,ofMcF1,4008,JogB,BOLD,Unprocessed,4008_ofMcF1_bold,BOLD,2.00439,1.0,0.0
185,76,/home/hendrik/.scratch/mlebe/bids_collapsed/sub-4008/ses-ofMcF1/func/sub-4008_ses-ofMcF1_task-JogB_acq-EPIlowcov_run-1_cbv.nii.gz,EPIlowcov,EPIlowcov,func,1.0,ofMcF1,4008,JogB,CBV,Unprocessed,4008_ofMcF1_cbv,CBV,1.86681,1.0,0.0
186,78,/home/hendrik/.scratch/mlebe/bids_collapsed/sub-4008/ses-ofMaF/func/sub-4008_ses-ofMaF_task-JogB_acq-EPIlowcov_run-1_cbv.nii.gz,EPIlowcov,EPIlowcov,func,1.0,ofMaF,4008,JogB,CBV,Unprocessed,4008_ofMaF_cbv,CBV,1.5562,1.0,0.0
187,79,/home/hendrik/.scratch/mlebe/bids_collapsed/sub-4008/ses-ofMaF/func/sub-4008_ses-ofMaF_task-JogB_acq-EPIlowcov_run-0_bold.nii.gz,EPIlowcov,EPIlowcov,func,0.0,ofMaF,4008,JogB,BOLD,Unprocessed,4008_ofMaF_bold,BOLD,1.86698,1.0,0.0
188,81,/home/hendrik/.scratch/mlebe/bids_collapsed/sub-4008/ses-ofMcF2/func/sub-4008_ses-ofMcF2_task-JogB_acq-EPIlowcov_run-0_bold.nii.gz,EPIlowcov,EPIlowcov,func,0.0,ofMcF2,4008,JogB,BOLD,Unprocessed,4008_ofMcF2_bold,BOLD,1.79737,1.0,0.0
189,82,/home/hendrik/.scratch/mlebe/bids_collapsed/sub-4008/ses-ofMcF2/func/sub-4008_ses-ofMcF2_task-JogB_acq-EPIlowcov_run-1_cbv.nii.gz,EPIlowcov,EPIlowcov,func,1.0,ofMcF2,4008,JogB,CBV,Unprocessed,4008_ofMcF2_cbv,CBV,1.60411,1.0,0.0
190,84,/home/hendrik/.scratch/mlebe/bids_collapsed/sub-4008/ses-ofMpF/func/sub-4008_ses-ofMpF_task-JogB_acq-EPIlowcov_run-1_cbv.nii.gz,EPIlowcov,EPIlowcov,func,1.0,ofMpF,4008,JogB,CBV,Unprocessed,4008_ofMpF_cbv,CBV,1.49791,1.0,0.0
191,85,/home/hendrik/.scratch/mlebe/bids_collapsed/sub-4008/ses-ofMpF/func/sub-4008_ses-ofMpF_task-JogB_acq-EPIlowcov_run-0_bold.nii.gz,EPIlowcov,EPIlowcov,func,0.0,ofMpF,4008,JogB,BOLD,Unprocessed,4008_ofMpF_bold,BOLD,2.14672,1.0,0.0
192,87,/home/hendrik/.scratch/mlebe/bids_collapsed/sub-4008/ses-ofM/func/sub-4008_ses-ofM_task-JogB_acq-EPIlowcov_run-0_bold.nii.gz,EPIlowcov,EPIlowcov,func,0.0,ofM,4008,JogB,BOLD,Unprocessed,4008_ofM_bold,BOLD,1.78963,1.0,0.0
193,88,/home/hendrik/.scratch/mlebe/bids_collapsed/sub-4008/ses-ofM/func/sub-4008_ses-ofM_task-JogB_acq-EPIlowcov_run-1_cbv.nii.gz,EPIlowcov,EPIlowcov,func,1.0,ofM,4008,JogB,CBV,Unprocessed,4008_ofM_cbv,CBV,1.46749,1.0,0.0
194,90,/home/hendrik/.scratch/mlebe/bids_collapsed/sub-4009/ses-ofMcF1/func/sub-4009_ses-ofMcF1_task-JogB_acq-EPIlowcov_run-0_bold.nii.gz,EPIlowcov,EPIlowcov,func,0.0,ofMcF1,4009,JogB,BOLD,Unprocessed,4009_ofMcF1_bold,BOLD,2.10718,1.0,0.0
195,91,/home/hendrik/.scratch/mlebe/bids_collapsed/sub-4009/ses-ofMcF1/func/sub-4009_ses-ofMcF1_task-JogB_acq-EPIlowcov_run-1_cbv.nii.gz,EPIlowcov,EPIlowcov,func,1.0,ofMcF1,4009,JogB,CBV,Unprocessed,4009_ofMcF1_cbv,CBV,1.84137,1.0,0.0
196,93,/home/hendrik/.scratch/mlebe/bids_collapsed/sub-4009/ses-ofMaF/func/sub-4009_ses-ofMaF_task-JogB_acq-EPIlowcov_run-0_bold.nii.gz,EPIlowcov,EPIlowcov,func,0.0,ofMaF,4009,JogB,BOLD,Unprocessed,4009_ofMaF_bold,BOLD,2.01553,1.0,0.0
197,94,/home/hendrik/.scratch/mlebe/bids_collapsed/sub-4009/ses-ofMaF/func/sub-4009_ses-ofMaF_task-JogB_acq-EPIlowcov_run-1_cbv.nii.gz,EPIlowcov,EPIlowcov,func,1.0,ofMaF,4009,JogB,CBV,Unprocessed,4009_ofMaF_cbv,CBV,1.51152,1.0,0.0
198,96,/home/hendrik/.scratch/mlebe/bids_collapsed/sub-4009/ses-ofMcF2/func/sub-4009_ses-ofMcF2_task-JogB_acq-EPIlowcov_run-0_bold.nii.gz,EPIlowcov,EPIlowcov,func,0.0,ofMcF2,4009,JogB,BOLD,Unprocessed,4009_ofMcF2_bold,BOLD,2.09134,1.0,0.0
199,97,/home/hendrik/.scratch/mlebe/bids_collapsed/sub-4009/ses-ofMcF2/func/sub-4009_ses-ofMcF2_task-JogB_acq-EPIlowcov_run-1_cbv.nii.gz,EPIlowcov,EPIlowcov,func,1.0,ofMcF2,4009,JogB,CBV,Unprocessed,4009_ofMcF2_cbv,CBV,1.31486,1.0,0.0
200,99,/home/hendrik/.scratch/mlebe/bids_collapsed/sub-4009/ses-ofMpF/func/sub-4009_ses-ofMpF_task-JogB_acq-EPIlowcov_run-1_cbv.nii.gz,EPIlowcov,EPIlowcov,func,1.0,ofMpF,4009,JogB,CBV,Unprocessed,4009_ofMpF_cbv,CBV,1.77352,1.0,0.0
201,100,/home/hendrik/.scratch/mlebe/bids_collapsed/sub-4009/ses-ofMpF/func/sub-4009_ses-ofMpF_task-JogB_acq-EPIlowcov_run-0_bold.nii.gz,EPIlowcov,EPIlowcov,func,0.0,ofMpF,4009,JogB,BOLD,Unprocessed,4009_ofMpF_bold,BOLD,1.91708,1.0,0.0
202,102,/home/hendrik/.scratch/mlebe/bids_collapsed/sub-4009/ses-ofM/func/sub-4009_ses-ofM_task-JogB_acq-EPIlowcov_run-1_cbv.nii.gz,EPIlowcov,EPIlowcov,func,1.0,ofM,4009,JogB,CBV,Unprocessed,4009_ofM_cbv,CBV,1.46486,1.0,0.0
203,103,/home/hendrik/.scratch/mlebe/bids_collapsed/sub-4009/ses-ofM/func/sub-4009_ses-ofM_task-JogB_acq-EPIlowcov_run-0_bold.nii.gz,EPIlowcov,EPIlowcov,func,0.0,ofM,4009,JogB,BOLD,Unprocessed,4009_ofM_bold,BOLD,2.08127,1.0,0.0
