,path,acq,acquisition,type,run,session,subject,task,modality,Processing,Template,uID,Contrast,smoothness,Smoothness Change Factor
0,/home/nexus/data_scratch/irsabi/preprocessing/generic_collapsed/sub-4009/ses-ofMcF2/func/sub-4009_ses-ofMcF2_task-JogB_acq-EPIlowcov_run-1_cbv.nii.gz,EPIlowcov,EPIlowcov,func,1.0,ofMcF2,4009,JogB,CBV,Generic,Generic,4009_ofMcF2_cbv,CBV,5.88413,1.303809192493735
1,/home/nexus/data_scratch/irsabi/preprocessing/generic_collapsed/sub-4009/ses-ofMcF2/func/sub-4009_ses-ofMcF2_task-JogB_acq-EPIlowcov_run-0_bold.nii.gz,EPIlowcov,EPIlowcov,func,0.0,ofMcF2,4009,JogB,BOLD,Generic,Generic,4009_ofMcF2_bold,BOLD,6.19835,1.1348963673648746
3,/home/nexus/data_scratch/irsabi/preprocessing/generic_collapsed/sub-4009/ses-ofMpF/func/sub-4009_ses-ofMpF_task-JogB_acq-EPIlowcov_run-0_bold.nii.gz,EPIlowcov,EPIlowcov,func,0.0,ofMpF,4009,JogB,BOLD,Generic,Generic,4009_ofMpF_bold,BOLD,6.33158,1.1307503415514024
4,/home/nexus/data_scratch/irsabi/preprocessing/generic_collapsed/sub-4009/ses-ofMpF/func/sub-4009_ses-ofMpF_task-JogB_acq-EPIlowcov_run-1_cbv.nii.gz,EPIlowcov,EPIlowcov,func,1.0,ofMpF,4009,JogB,CBV,Generic,Generic,4009_ofMpF_cbv,CBV,6.49145,1.1673989004803431
6,/home/nexus/data_scratch/irsabi/preprocessing/generic_collapsed/sub-4009/ses-ofMaF/func/sub-4009_ses-ofMaF_task-JogB_acq-EPIlowcov_run-0_bold.nii.gz,EPIlowcov,EPIlowcov,func,0.0,ofMaF,4009,JogB,BOLD,Generic,Generic,4009_ofMaF_bold,BOLD,6.24644,1.1669176191027733
7,/home/nexus/data_scratch/irsabi/preprocessing/generic_collapsed/sub-4009/ses-ofMaF/func/sub-4009_ses-ofMaF_task-JogB_acq-EPIlowcov_run-1_cbv.nii.gz,EPIlowcov,EPIlowcov,func,1.0,ofMaF,4009,JogB,CBV,Generic,Generic,4009_ofMaF_cbv,CBV,6.45238,1.2813425900183493
9,/home/nexus/data_scratch/irsabi/preprocessing/generic_collapsed/sub-4009/ses-ofM/func/sub-4009_ses-ofM_task-JogB_acq-EPIlowcov_run-0_bold.nii.gz,EPIlowcov,EPIlowcov,func,0.0,ofM,4009,JogB,BOLD,Generic,Generic,4009_ofM_bold,BOLD,6.30592,1.1443753221205148
10,/home/nexus/data_scratch/irsabi/preprocessing/generic_collapsed/sub-4009/ses-ofM/func/sub-4009_ses-ofM_task-JogB_acq-EPIlowcov_run-1_cbv.nii.gz,EPIlowcov,EPIlowcov,func,1.0,ofM,4009,JogB,CBV,Generic,Generic,4009_ofM_cbv,CBV,6.58365,1.2857008946094945
12,/home/nexus/data_scratch/irsabi/preprocessing/generic_collapsed/sub-4009/ses-ofMcF1/func/sub-4009_ses-ofMcF1_task-JogB_acq-EPIlowcov_run-0_bold.nii.gz,EPIlowcov,EPIlowcov,func,0.0,ofMcF1,4009,JogB,BOLD,Generic,Generic,4009_ofMcF1_bold,BOLD,6.29649,1.140813146594677
13,/home/nexus/data_scratch/irsabi/preprocessing/generic_collapsed/sub-4009/ses-ofMcF1/func/sub-4009_ses-ofMcF1_task-JogB_acq-EPIlowcov_run-1_cbv.nii.gz,EPIlowcov,EPIlowcov,func,1.0,ofMcF1,4009,JogB,CBV,Generic,Generic,4009_ofMcF1_cbv,CBV,6.27856,1.2289864604314573
15,/home/nexus/data_scratch/irsabi/preprocessing/generic_collapsed/sub-4005/ses-ofMaF/func/sub-4005_ses-ofMaF_task-JogB_acq-EPIlowcov_run-1_cbv.nii.gz,EPIlowcov,EPIlowcov,func,1.0,ofMaF,4005,JogB,CBV,Generic,Generic,4005_ofMaF_cbv,CBV,6.12756,1.2003102852508727
16,/home/nexus/data_scratch/irsabi/preprocessing/generic_collapsed/sub-4005/ses-ofMaF/func/sub-4005_ses-ofMaF_task-JogB_acq-EPIlowcov_run-0_bold.nii.gz,EPIlowcov,EPIlowcov,func,0.0,ofMaF,4005,JogB,BOLD,Generic,Generic,4005_ofMaF_bold,BOLD,6.10959,1.1178219488365455
18,/home/nexus/data_scratch/irsabi/preprocessing/generic_collapsed/sub-4005/ses-ofM/func/sub-4005_ses-ofM_task-JogB_acq-EPIlowcov_run-1_cbv.nii.gz,EPIlowcov,EPIlowcov,func,1.0,ofM,4005,JogB,CBV,Generic,Generic,4005_ofM_cbv,CBV,6.14674,1.2422173719736471
19,/home/nexus/data_scratch/irsabi/preprocessing/generic_collapsed/sub-4005/ses-ofM/func/sub-4005_ses-ofM_task-JogB_acq-EPIlowcov_run-0_bold.nii.gz,EPIlowcov,EPIlowcov,func,0.0,ofM,4005,JogB,BOLD,Generic,Generic,4005_ofM_bold,BOLD,6.16134,1.1266512090580612
21,/home/nexus/data_scratch/irsabi/preprocessing/generic_collapsed/sub-4004/ses-ofM/func/sub-4004_ses-ofM_task-JogB_acq-EPIlowcov_run-0_bold.nii.gz,EPIlowcov,EPIlowcov,func,0.0,ofM,4004,JogB,BOLD,Generic,Generic,4004_ofM_bold,BOLD,6.02387,1.1133851223844404
22,/home/nexus/data_scratch/irsabi/preprocessing/generic_collapsed/sub-4004/ses-ofM/func/sub-4004_ses-ofM_task-JogB_acq-EPIlowcov_run-1_cbv.nii.gz,EPIlowcov,EPIlowcov,func,1.0,ofM,4004,JogB,CBV,Generic,Generic,4004_ofM_cbv,CBV,6.30096,1.2227276255530544
24,/home/nexus/data_scratch/irsabi/preprocessing/generic_collapsed/sub-4007/ses-ofMcF2/func/sub-4007_ses-ofMcF2_task-JogB_acq-EPIlowcov_run-0_bold.nii.gz,EPIlowcov,EPIlowcov,func,0.0,ofMcF2,4007,JogB,BOLD,Generic,Generic,4007_ofMcF2_bold,BOLD,6.42174,1.079180649920932
25,/home/nexus/data_scratch/irsabi/preprocessing/generic_collapsed/sub-4007/ses-ofMcF2/func/sub-4007_ses-ofMcF2_task-JogB_acq-EPIlowcov_run-1_cbv.nii.gz,EPIlowcov,EPIlowcov,func,1.0,ofMcF2,4007,JogB,CBV,Generic,Generic,4007_ofMcF2_cbv,CBV,6.56954,1.1987117963689444
27,/home/nexus/data_scratch/irsabi/preprocessing/generic_collapsed/sub-4007/ses-ofMpF/func/sub-4007_ses-ofMpF_task-JogB_acq-EPIlowcov_run-0_bold.nii.gz,EPIlowcov,EPIlowcov,func,0.0,ofMpF,4007,JogB,BOLD,Generic,Generic,4007_ofMpF_bold,BOLD,6.27941,1.1315924154559773
28,/home/nexus/data_scratch/irsabi/preprocessing/generic_collapsed/sub-4007/ses-ofMpF/func/sub-4007_ses-ofMpF_task-JogB_acq-EPIlowcov_run-1_cbv.nii.gz,EPIlowcov,EPIlowcov,func,1.0,ofMpF,4007,JogB,CBV,Generic,Generic,4007_ofMpF_cbv,CBV,6.1188,1.2456079636829998
30,/home/nexus/data_scratch/irsabi/preprocessing/generic_collapsed/sub-4007/ses-ofMaF/func/sub-4007_ses-ofMaF_task-JogB_acq-EPIlowcov_run-1_cbv.nii.gz,EPIlowcov,EPIlowcov,func,1.0,ofMaF,4007,JogB,CBV,Generic,Generic,4007_ofMaF_cbv,CBV,6.19951,1.2071707716962283
31,/home/nexus/data_scratch/irsabi/preprocessing/generic_collapsed/sub-4007/ses-ofMaF/func/sub-4007_ses-ofMaF_task-JogB_acq-EPIlowcov_run-0_bold.nii.gz,EPIlowcov,EPIlowcov,func,0.0,ofMaF,4007,JogB,BOLD,Generic,Generic,4007_ofMaF_bold,BOLD,6.42875,1.1066745623654044
33,/home/nexus/data_scratch/irsabi/preprocessing/generic_collapsed/sub-4007/ses-ofM/func/sub-4007_ses-ofM_task-JogB_acq-EPIlowcov_run-0_bold.nii.gz,EPIlowcov,EPIlowcov,func,0.0,ofM,4007,JogB,BOLD,Generic,Generic,4007_ofM_bold,BOLD,6.20256,1.1182896508950737
34,/home/nexus/data_scratch/irsabi/preprocessing/generic_collapsed/sub-4007/ses-ofM/func/sub-4007_ses-ofM_task-JogB_acq-EPIlowcov_run-1_cbv.nii.gz,EPIlowcov,EPIlowcov,func,1.0,ofM,4007,JogB,CBV,Generic,Generic,4007_ofM_cbv,CBV,6.1726,1.2413474107591755
36,/home/nexus/data_scratch/irsabi/preprocessing/generic_collapsed/sub-4007/ses-ofMcF1/func/sub-4007_ses-ofMcF1_task-JogB_acq-EPIlowcov_run-0_bold.nii.gz,EPIlowcov,EPIlowcov,func,0.0,ofMcF1,4007,JogB,BOLD,Generic,Generic,4007_ofMcF1_bold,BOLD,6.51438,1.1254917476239756
37,/home/nexus/data_scratch/irsabi/preprocessing/generic_collapsed/sub-4007/ses-ofMcF1/func/sub-4007_ses-ofMcF1_task-JogB_acq-EPIlowcov_run-1_cbv.nii.gz,EPIlowcov,EPIlowcov,func,1.0,ofMcF1,4007,JogB,CBV,Generic,Generic,4007_ofMcF1_cbv,CBV,6.41282,1.2618867241382703
39,/home/nexus/data_scratch/irsabi/preprocessing/generic_collapsed/sub-4006/ses-ofM/func/sub-4006_ses-ofM_task-JogB_acq-EPIlowcov_run-1_cbv.nii.gz,EPIlowcov,EPIlowcov,func,1.0,ofM,4006,JogB,CBV,Generic,Generic,4006_ofM_cbv,CBV,6.11732,1.168261316282996
40,/home/nexus/data_scratch/irsabi/preprocessing/generic_collapsed/sub-4006/ses-ofM/func/sub-4006_ses-ofM_task-JogB_acq-EPIlowcov_run-0_bold.nii.gz,EPIlowcov,EPIlowcov,func,0.0,ofM,4006,JogB,BOLD,Generic,Generic,4006_ofM_bold,BOLD,6.0427,1.0584608378073026
42,/home/nexus/data_scratch/irsabi/preprocessing/generic_collapsed/sub-4002/ses-ofM/func/sub-4002_ses-ofM_task-JogB_acq-EPIlowcov_run-0_bold.nii.gz,EPIlowcov,EPIlowcov,func,0.0,ofM,4002,JogB,BOLD,Generic,Generic,4002_ofM_bold,BOLD,6.05419,1.1407674972489787
43,/home/nexus/data_scratch/irsabi/preprocessing/generic_collapsed/sub-4002/ses-ofM/func/sub-4002_ses-ofM_task-JogB_acq-EPIlowcov_run-1_cbv.nii.gz,EPIlowcov,EPIlowcov,func,1.0,ofM,4002,JogB,CBV,Generic,Generic,4002_ofM_cbv,CBV,6.19712,1.175640784858298
45,/home/nexus/data_scratch/irsabi/preprocessing/generic_collapsed/sub-4001/ses-ofMcF2/func/sub-4001_ses-ofMcF2_task-JogB_acq-EPIlowcov_run-0_bold.nii.gz,EPIlowcov,EPIlowcov,func,0.0,ofMcF2,4001,JogB,BOLD,Generic,Generic,4001_ofMcF2_bold,BOLD,5.97349,1.1462197805993317
46,/home/nexus/data_scratch/irsabi/preprocessing/generic_collapsed/sub-4001/ses-ofMcF2/func/sub-4001_ses-ofMcF2_task-JogB_acq-EPIlowcov_run-1_cbv.nii.gz,EPIlowcov,EPIlowcov,func,1.0,ofMcF2,4001,JogB,CBV,Generic,Generic,4001_ofMcF2_cbv,CBV,6.03477,1.1811945101232324
48,/home/nexus/data_scratch/irsabi/preprocessing/generic_collapsed/sub-4001/ses-ofMaF/func/sub-4001_ses-ofMaF_task-JogB_acq-EPIlowcov_run-1_cbv.nii.gz,EPIlowcov,EPIlowcov,func,1.0,ofMaF,4001,JogB,CBV,Generic,Generic,4001_ofMaF_cbv,CBV,5.9919,1.2030961368564774
49,/home/nexus/data_scratch/irsabi/preprocessing/generic_collapsed/sub-4001/ses-ofMaF/func/sub-4001_ses-ofMaF_task-JogB_acq-EPIlowcov_run-0_bold.nii.gz,EPIlowcov,EPIlowcov,func,0.0,ofMaF,4001,JogB,BOLD,Generic,Generic,4001_ofMaF_bold,BOLD,6.08346,1.129054768842449
51,/home/nexus/data_scratch/irsabi/preprocessing/generic_collapsed/sub-4001/ses-ofM/func/sub-4001_ses-ofM_task-JogB_acq-EPIlowcov_run-1_cbv.nii.gz,EPIlowcov,EPIlowcov,func,1.0,ofM,4001,JogB,CBV,Generic,Generic,4001_ofM_cbv,CBV,6.34469,1.2358734419344848
52,/home/nexus/data_scratch/irsabi/preprocessing/generic_collapsed/sub-4001/ses-ofM/func/sub-4001_ses-ofM_task-JogB_acq-EPIlowcov_run-0_bold.nii.gz,EPIlowcov,EPIlowcov,func,0.0,ofM,4001,JogB,BOLD,Generic,Generic,4001_ofM_bold,BOLD,6.15843,1.093300407606766
54,/home/nexus/data_scratch/irsabi/preprocessing/generic_collapsed/sub-4001/ses-ofMcF1/func/sub-4001_ses-ofMcF1_task-JogB_acq-EPIlowcov_run-0_bold.nii.gz,EPIlowcov,EPIlowcov,func,0.0,ofMcF1,4001,JogB,BOLD,Generic,Generic,4001_ofMcF1_bold,BOLD,6.12695,1.159743858626316
55,/home/nexus/data_scratch/irsabi/preprocessing/generic_collapsed/sub-4001/ses-ofMcF1/func/sub-4001_ses-ofMcF1_task-JogB_acq-EPIlowcov_run-1_cbv.nii.gz,EPIlowcov,EPIlowcov,func,1.0,ofMcF1,4001,JogB,CBV,Generic,Generic,4001_ofMcF1_cbv,CBV,5.87088,1.2934359701959472
57,/home/nexus/data_scratch/irsabi/preprocessing/generic_collapsed/sub-4008/ses-ofMcF2/func/sub-4008_ses-ofMcF2_task-JogB_acq-EPIlowcov_run-1_cbv.nii.gz,EPIlowcov,EPIlowcov,func,1.0,ofMcF2,4008,JogB,CBV,Generic,Generic,4008_ofMcF2_cbv,CBV,6.50992,1.265590674562287
58,/home/nexus/data_scratch/irsabi/preprocessing/generic_collapsed/sub-4008/ses-ofMcF2/func/sub-4008_ses-ofMcF2_task-JogB_acq-EPIlowcov_run-0_bold.nii.gz,EPIlowcov,EPIlowcov,func,0.0,ofMcF2,4008,JogB,BOLD,Generic,Generic,4008_ofMcF2_bold,BOLD,6.25251,1.1456288443321467
60,/home/nexus/data_scratch/irsabi/preprocessing/generic_collapsed/sub-4008/ses-ofMpF/func/sub-4008_ses-ofMpF_task-JogB_acq-EPIlowcov_run-1_cbv.nii.gz,EPIlowcov,EPIlowcov,func,1.0,ofMpF,4008,JogB,CBV,Generic,Generic,4008_ofMpF_cbv,CBV,6.38112,1.227348526959422
61,/home/nexus/data_scratch/irsabi/preprocessing/generic_collapsed/sub-4008/ses-ofMpF/func/sub-4008_ses-ofMpF_task-JogB_acq-EPIlowcov_run-0_bold.nii.gz,EPIlowcov,EPIlowcov,func,0.0,ofMpF,4008,JogB,BOLD,Generic,Generic,4008_ofMpF_bold,BOLD,6.29346,1.0853674941277511
63,/home/nexus/data_scratch/irsabi/preprocessing/generic_collapsed/sub-4008/ses-ofMaF/func/sub-4008_ses-ofMaF_task-JogB_acq-EPIlowcov_run-1_cbv.nii.gz,EPIlowcov,EPIlowcov,func,1.0,ofMaF,4008,JogB,CBV,Generic,Generic,4008_ofMaF_cbv,CBV,6.16792,1.1863551995076023
64,/home/nexus/data_scratch/irsabi/preprocessing/generic_collapsed/sub-4008/ses-ofMaF/func/sub-4008_ses-ofMaF_task-JogB_acq-EPIlowcov_run-0_bold.nii.gz,EPIlowcov,EPIlowcov,func,0.0,ofMaF,4008,JogB,BOLD,Generic,Generic,4008_ofMaF_bold,BOLD,6.27315,1.1518842304154067
66,/home/nexus/data_scratch/irsabi/preprocessing/generic_collapsed/sub-4008/ses-ofM/func/sub-4008_ses-ofM_task-JogB_acq-EPIlowcov_run-1_cbv.nii.gz,EPIlowcov,EPIlowcov,func,1.0,ofM,4008,JogB,CBV,Generic,Generic,4008_ofM_cbv,CBV,6.25336,1.2606894382765452
67,/home/nexus/data_scratch/irsabi/preprocessing/generic_collapsed/sub-4008/ses-ofM/func/sub-4008_ses-ofM_task-JogB_acq-EPIlowcov_run-0_bold.nii.gz,EPIlowcov,EPIlowcov,func,0.0,ofM,4008,JogB,BOLD,Generic,Generic,4008_ofM_bold,BOLD,6.20602,1.135143044756245
69,/home/nexus/data_scratch/irsabi/preprocessing/generic_collapsed/sub-4008/ses-ofMcF1/func/sub-4008_ses-ofMcF1_task-JogB_acq-EPIlowcov_run-1_cbv.nii.gz,EPIlowcov,EPIlowcov,func,1.0,ofMcF1,4008,JogB,CBV,Generic,Generic,4008_ofMcF1_cbv,CBV,6.27546,1.1588688053538583
70,/home/nexus/data_scratch/irsabi/preprocessing/generic_collapsed/sub-4008/ses-ofMcF1/func/sub-4008_ses-ofMcF1_task-JogB_acq-EPIlowcov_run-0_bold.nii.gz,EPIlowcov,EPIlowcov,func,0.0,ofMcF1,4008,JogB,BOLD,Generic,Generic,4008_ofMcF1_bold,BOLD,6.13369,1.0811846038863975
72,/home/nexus/data_scratch/irsabi/preprocessing/generic_collapsed/sub-4011/ses-ofMcF2/func/sub-4011_ses-ofMcF2_task-JogB_acq-EPIlowcov_run-0_bold.nii.gz,EPIlowcov,EPIlowcov,func,0.0,ofMcF2,4011,JogB,BOLD,Generic,Generic,4011_ofMcF2_bold,BOLD,6.24655,1.0900855622625572
73,/home/nexus/data_scratch/irsabi/preprocessing/generic_collapsed/sub-4011/ses-ofMcF2/func/sub-4011_ses-ofMcF2_task-JogB_acq-EPIlowcov_run-1_cbv.nii.gz,EPIlowcov,EPIlowcov,func,1.0,ofMcF2,4011,JogB,CBV,Generic,Generic,4011_ofMcF2_cbv,CBV,6.63287,1.3326428555642396
75,/home/nexus/data_scratch/irsabi/preprocessing/generic_collapsed/sub-4011/ses-ofMaF/func/sub-4011_ses-ofMaF_task-JogB_acq-EPIlowcov_run-1_cbv.nii.gz,EPIlowcov,EPIlowcov,func,1.0,ofMaF,4011,JogB,CBV,Generic,Generic,4011_ofMaF_cbv,CBV,5.99999,1.361647323677725
76,/home/nexus/data_scratch/irsabi/preprocessing/generic_collapsed/sub-4011/ses-ofMaF/func/sub-4011_ses-ofMaF_task-JogB_acq-EPIlowcov_run-0_bold.nii.gz,EPIlowcov,EPIlowcov,func,0.0,ofMaF,4011,JogB,BOLD,Generic,Generic,4011_ofMaF_bold,BOLD,6.19492,1.152508948570833
78,/home/nexus/data_scratch/irsabi/preprocessing/generic_collapsed/sub-4011/ses-ofM/func/sub-4011_ses-ofM_task-JogB_acq-EPIlowcov_run-0_bold.nii.gz,EPIlowcov,EPIlowcov,func,0.0,ofM,4011,JogB,BOLD,Generic,Generic,4011_ofM_bold,BOLD,6.27142,1.1713785142737603
79,/home/nexus/data_scratch/irsabi/preprocessing/generic_collapsed/sub-4011/ses-ofM/func/sub-4011_ses-ofM_task-JogB_acq-EPIlowcov_run-1_cbv.nii.gz,EPIlowcov,EPIlowcov,func,1.0,ofM,4011,JogB,CBV,Generic,Generic,4011_ofM_cbv,CBV,6.11775,1.3826111128688883
81,/home/nexus/data_scratch/irsabi/preprocessing/generic_collapsed/sub-4011/ses-ofMcF1/func/sub-4011_ses-ofMcF1_task-JogB_acq-EPIlowcov_run-0_bold.nii.gz,EPIlowcov,EPIlowcov,func,0.0,ofMcF1,4011,JogB,BOLD,Generic,Generic,4011_ofMcF1_bold,BOLD,6.55266,1.1512213804832114
82,/home/nexus/data_scratch/irsabi/preprocessing/generic_collapsed/sub-4011/ses-ofMcF1/func/sub-4011_ses-ofMcF1_task-JogB_acq-EPIlowcov_run-1_cbv.nii.gz,EPIlowcov,EPIlowcov,func,1.0,ofMcF1,4011,JogB,CBV,Generic,Generic,4011_ofMcF1_cbv,CBV,6.36667,1.2037773378635674
84,/home/nexus/data_scratch/irsabi/preprocessing/generic_collapsed/sub-4012/ses-ofMcF2/func/sub-4012_ses-ofMcF2_task-JogB_acq-EPIlowcov_run-1_cbv.nii.gz,EPIlowcov,EPIlowcov,func,1.0,ofMcF2,4012,JogB,CBV,Generic,Generic,4012_ofMcF2_cbv,CBV,6.31147,1.1791718200603087
85,/home/nexus/data_scratch/irsabi/preprocessing/generic_collapsed/sub-4012/ses-ofMcF2/func/sub-4012_ses-ofMcF2_task-JogB_acq-EPIlowcov_run-0_bold.nii.gz,EPIlowcov,EPIlowcov,func,0.0,ofMcF2,4012,JogB,BOLD,Generic,Generic,4012_ofMcF2_bold,BOLD,6.09704,1.1192548385379475
87,/home/nexus/data_scratch/irsabi/preprocessing/generic_collapsed/sub-4012/ses-ofMpF/func/sub-4012_ses-ofMpF_task-JogB_acq-EPIlowcov_run-0_bold.nii.gz,EPIlowcov,EPIlowcov,func,0.0,ofMpF,4012,JogB,BOLD,Generic,Generic,4012_ofMpF_bold,BOLD,6.05442,1.123694311019384
88,/home/nexus/data_scratch/irsabi/preprocessing/generic_collapsed/sub-4012/ses-ofMpF/func/sub-4012_ses-ofMpF_task-JogB_acq-EPIlowcov_run-1_cbv.nii.gz,EPIlowcov,EPIlowcov,func,1.0,ofMpF,4012,JogB,CBV,Generic,Generic,4012_ofMpF_cbv,CBV,6.10984,1.2913250694818714
90,/home/nexus/data_scratch/irsabi/preprocessing/generic_collapsed/sub-4012/ses-ofMaF/func/sub-4012_ses-ofMaF_task-JogB_acq-EPIlowcov_run-0_bold.nii.gz,EPIlowcov,EPIlowcov,func,0.0,ofMaF,4012,JogB,BOLD,Generic,Generic,4012_ofMaF_bold,BOLD,6.05773,1.1171841573348678
91,/home/nexus/data_scratch/irsabi/preprocessing/generic_collapsed/sub-4012/ses-ofMaF/func/sub-4012_ses-ofMaF_task-JogB_acq-EPIlowcov_run-1_cbv.nii.gz,EPIlowcov,EPIlowcov,func,1.0,ofMaF,4012,JogB,CBV,Generic,Generic,4012_ofMaF_cbv,CBV,6.15671,1.2850761751893682
93,/home/nexus/data_scratch/irsabi/preprocessing/generic_collapsed/sub-4012/ses-ofM/func/sub-4012_ses-ofM_task-JogB_acq-EPIlowcov_run-0_bold.nii.gz,EPIlowcov,EPIlowcov,func,0.0,ofM,4012,JogB,BOLD,Generic,Generic,4012_ofM_bold,BOLD,6.16536,1.164774294469487
94,/home/nexus/data_scratch/irsabi/preprocessing/generic_collapsed/sub-4012/ses-ofM/func/sub-4012_ses-ofM_task-JogB_acq-EPIlowcov_run-1_cbv.nii.gz,EPIlowcov,EPIlowcov,func,1.0,ofM,4012,JogB,CBV,Generic,Generic,4012_ofM_cbv,CBV,6.10019,1.3533602222103898
96,/home/nexus/data_scratch/irsabi/preprocessing/generic_collapsed/sub-4012/ses-ofMcF1/func/sub-4012_ses-ofMcF1_task-JogB_acq-EPIlowcov_run-0_bold.nii.gz,EPIlowcov,EPIlowcov,func,0.0,ofMcF1,4012,JogB,BOLD,Generic,Generic,4012_ofMcF1_bold,BOLD,6.15794,1.134600113129467
97,/home/nexus/data_scratch/irsabi/preprocessing/generic_collapsed/sub-4012/ses-ofMcF1/func/sub-4012_ses-ofMcF1_task-JogB_acq-EPIlowcov_run-1_cbv.nii.gz,EPIlowcov,EPIlowcov,func,1.0,ofMcF1,4012,JogB,CBV,Generic,Generic,4012_ofMcF1_cbv,CBV,6.34482,1.2863633506813157
99,/home/nexus/data_scratch/irsabi/preprocessing/generic_collapsed/sub-4013/ses-ofM/func/sub-4013_ses-ofM_task-JogB_acq-EPIlowcov_run-1_cbv.nii.gz,EPIlowcov,EPIlowcov,func,1.0,ofM,4013,JogB,CBV,Generic,Generic,4013_ofM_cbv,CBV,6.11802,1.4169725801184436
100,/home/nexus/data_scratch/irsabi/preprocessing/generic_collapsed/sub-4013/ses-ofM/func/sub-4013_ses-ofM_task-JogB_acq-EPIlowcov_run-0_bold.nii.gz,EPIlowcov,EPIlowcov,func,0.0,ofM,4013,JogB,BOLD,Generic,Generic,4013_ofM_bold,BOLD,5.90306,1.1719885085540593
0,/home/nexus/data_scratch/irsabi/preprocessing/legacy_collapsed/sub-4009/ses-ofMcF2/func/sub-4009_ses-ofMcF2_task-JogB_acq-EPIlowcov_run-1_cbv.nii.gz,EPIlowcov,EPIlowcov,func,1.0,ofMcF2,4009,JogB,CBV,Legacy,Legacy,4009_ofMcF2_cbv,CBV,57.3783,12.713919473169911
1,/home/nexus/data_scratch/irsabi/preprocessing/legacy_collapsed/sub-4009/ses-ofMcF2/func/sub-4009_ses-ofMcF2_task-JogB_acq-EPIlowcov_run-0_bold.nii.gz,EPIlowcov,EPIlowcov,func,0.0,ofMcF2,4009,JogB,BOLD,Legacy,Legacy,4009_ofMcF2_bold,BOLD,59.1718,10.834151164493921
2,/home/nexus/data_scratch/irsabi/preprocessing/legacy_collapsed/sub-4009/ses-ofMpF/func/sub-4009_ses-ofMpF_task-JogB_acq-EPIlowcov_run-0_bold.nii.gz,EPIlowcov,EPIlowcov,func,0.0,ofMpF,4009,JogB,BOLD,Legacy,Legacy,4009_ofMpF_bold,BOLD,58.5385,10.454330336015143
3,/home/nexus/data_scratch/irsabi/preprocessing/legacy_collapsed/sub-4009/ses-ofMpF/func/sub-4009_ses-ofMpF_task-JogB_acq-EPIlowcov_run-1_cbv.nii.gz,EPIlowcov,EPIlowcov,func,1.0,ofMpF,4009,JogB,CBV,Legacy,Legacy,4009_ofMpF_cbv,CBV,60.0725,10.80322122932556
4,/home/nexus/data_scratch/irsabi/preprocessing/legacy_collapsed/sub-4009/ses-ofMaF/func/sub-4009_ses-ofMaF_task-JogB_acq-EPIlowcov_run-0_bold.nii.gz,EPIlowcov,EPIlowcov,func,0.0,ofMaF,4009,JogB,BOLD,Legacy,Legacy,4009_ofMaF_bold,BOLD,56.8635,10.62285398304483
5,/home/nexus/data_scratch/irsabi/preprocessing/legacy_collapsed/sub-4009/ses-ofMaF/func/sub-4009_ses-ofMaF_task-JogB_acq-EPIlowcov_run-1_cbv.nii.gz,EPIlowcov,EPIlowcov,func,1.0,ofMaF,4009,JogB,CBV,Legacy,Legacy,4009_ofMaF_cbv,CBV,60.9093,12.095642261956773
6,/home/nexus/data_scratch/irsabi/preprocessing/legacy_collapsed/sub-4009/ses-ofM/func/sub-4009_ses-ofM_task-JogB_acq-EPIlowcov_run-0_bold.nii.gz,EPIlowcov,EPIlowcov,func,0.0,ofM,4009,JogB,BOLD,Legacy,Legacy,4009_ofM_bold,BOLD,58.1365,10.550399610914713
7,/home/nexus/data_scratch/irsabi/preprocessing/legacy_collapsed/sub-4009/ses-ofM/func/sub-4009_ses-ofM_task-JogB_acq-EPIlowcov_run-1_cbv.nii.gz,EPIlowcov,EPIlowcov,func,1.0,ofM,4009,JogB,CBV,Legacy,Legacy,4009_ofM_cbv,CBV,59.3507,11.590416879041221
8,/home/nexus/data_scratch/irsabi/preprocessing/legacy_collapsed/sub-4009/ses-ofMcF1/func/sub-4009_ses-ofMcF1_task-JogB_acq-EPIlowcov_run-0_bold.nii.gz,EPIlowcov,EPIlowcov,func,0.0,ofMcF1,4009,JogB,BOLD,Legacy,Legacy,4009_ofMcF1_bold,BOLD,59.1669,10.720000724729584
9,/home/nexus/data_scratch/irsabi/preprocessing/legacy_collapsed/sub-4009/ses-ofMcF1/func/sub-4009_ses-ofMcF1_task-JogB_acq-EPIlowcov_run-1_cbv.nii.gz,EPIlowcov,EPIlowcov,func,1.0,ofMcF1,4009,JogB,CBV,Legacy,Legacy,4009_ofMcF1_cbv,CBV,58.4967,11.450340887069778
10,/home/nexus/data_scratch/irsabi/preprocessing/legacy_collapsed/sub-4005/ses-ofMaF/func/sub-4005_ses-ofMaF_task-JogB_acq-EPIlowcov_run-1_cbv.nii.gz,EPIlowcov,EPIlowcov,func,1.0,ofMaF,4005,JogB,CBV,Legacy,Legacy,4005_ofMaF_cbv,CBV,58.5328,11.46582356835874
11,/home/nexus/data_scratch/irsabi/preprocessing/legacy_collapsed/sub-4005/ses-ofMaF/func/sub-4005_ses-ofMaF_task-JogB_acq-EPIlowcov_run-0_bold.nii.gz,EPIlowcov,EPIlowcov,func,0.0,ofMaF,4005,JogB,BOLD,Legacy,Legacy,4005_ofMaF_bold,BOLD,57.7733,10.570310413091287
12,/home/nexus/data_scratch/irsabi/preprocessing/legacy_collapsed/sub-4005/ses-ofM/func/sub-4005_ses-ofM_task-JogB_acq-EPIlowcov_run-1_cbv.nii.gz,EPIlowcov,EPIlowcov,func,1.0,ofM,4005,JogB,CBV,Legacy,Legacy,4005_ofM_cbv,CBV,59.4994,12.024453336566832
13,/home/nexus/data_scratch/irsabi/preprocessing/legacy_collapsed/sub-4005/ses-ofM/func/sub-4005_ses-ofM_task-JogB_acq-EPIlowcov_run-0_bold.nii.gz,EPIlowcov,EPIlowcov,func,0.0,ofM,4005,JogB,BOLD,Legacy,Legacy,4005_ofM_bold,BOLD,56.5056,10.332509252622186
14,/home/nexus/data_scratch/irsabi/preprocessing/legacy_collapsed/sub-4004/ses-ofM/func/sub-4004_ses-ofM_task-JogB_acq-EPIlowcov_run-0_bold.nii.gz,EPIlowcov,EPIlowcov,func,0.0,ofM,4004,JogB,BOLD,Legacy,Legacy,4004_ofM_bold,BOLD,58.4441,10.802157322642831
15,/home/nexus/data_scratch/irsabi/preprocessing/legacy_collapsed/sub-4004/ses-ofM/func/sub-4004_ses-ofM_task-JogB_acq-EPIlowcov_run-1_cbv.nii.gz,EPIlowcov,EPIlowcov,func,1.0,ofM,4004,JogB,CBV,Legacy,Legacy,4004_ofM_cbv,CBV,60.588,11.757354653419235
16,/home/nexus/data_scratch/irsabi/preprocessing/legacy_collapsed/sub-4007/ses-ofMcF2/func/sub-4007_ses-ofMcF2_task-JogB_acq-EPIlowcov_run-0_bold.nii.gz,EPIlowcov,EPIlowcov,func,0.0,ofMcF2,4007,JogB,BOLD,Legacy,Legacy,4007_ofMcF2_bold,BOLD,59.1532,9.940761977424012
17,/home/nexus/data_scratch/irsabi/preprocessing/legacy_collapsed/sub-4007/ses-ofMcF2/func/sub-4007_ses-ofMcF2_task-JogB_acq-EPIlowcov_run-1_cbv.nii.gz,EPIlowcov,EPIlowcov,func,1.0,ofMcF2,4007,JogB,CBV,Legacy,Legacy,4007_ofMcF2_cbv,CBV,61.93,11.300063862786242
18,/home/nexus/data_scratch/irsabi/preprocessing/legacy_collapsed/sub-4007/ses-ofMpF/func/sub-4007_ses-ofMpF_task-JogB_acq-EPIlowcov_run-0_bold.nii.gz,EPIlowcov,EPIlowcov,func,0.0,ofMpF,4007,JogB,BOLD,Legacy,Legacy,4007_ofMpF_bold,BOLD,59.0634,10.643626625915902
19,/home/nexus/data_scratch/irsabi/preprocessing/legacy_collapsed/sub-4007/ses-ofMpF/func/sub-4007_ses-ofMpF_task-JogB_acq-EPIlowcov_run-1_cbv.nii.gz,EPIlowcov,EPIlowcov,func,1.0,ofMpF,4007,JogB,CBV,Legacy,Legacy,4007_ofMpF_cbv,CBV,57.9962,11.80632290373145
20,/home/nexus/data_scratch/irsabi/preprocessing/legacy_collapsed/sub-4007/ses-ofMaF/func/sub-4007_ses-ofMaF_task-JogB_acq-EPIlowcov_run-1_cbv.nii.gz,EPIlowcov,EPIlowcov,func,1.0,ofMaF,4007,JogB,CBV,Legacy,Legacy,4007_ofMaF_cbv,CBV,60.3534,11.752035314483104
21,/home/nexus/data_scratch/irsabi/preprocessing/legacy_collapsed/sub-4007/ses-ofMaF/func/sub-4007_ses-ofMaF_task-JogB_acq-EPIlowcov_run-0_bold.nii.gz,EPIlowcov,EPIlowcov,func,0.0,ofMaF,4007,JogB,BOLD,Legacy,Legacy,4007_ofMaF_bold,BOLD,59.3479,10.216420184298004
22,/home/nexus/data_scratch/irsabi/preprocessing/legacy_collapsed/sub-4007/ses-ofM/func/sub-4007_ses-ofM_task-JogB_acq-EPIlowcov_run-0_bold.nii.gz,EPIlowcov,EPIlowcov,func,0.0,ofM,4007,JogB,BOLD,Legacy,Legacy,4007_ofM_bold,BOLD,59.1223,10.659446458738621
23,/home/nexus/data_scratch/irsabi/preprocessing/legacy_collapsed/sub-4007/ses-ofM/func/sub-4007_ses-ofM_task-JogB_acq-EPIlowcov_run-1_cbv.nii.gz,EPIlowcov,EPIlowcov,func,1.0,ofM,4007,JogB,CBV,Legacy,Legacy,4007_ofM_cbv,CBV,59.1498,11.895384615384614
24,/home/nexus/data_scratch/irsabi/preprocessing/legacy_collapsed/sub-4007/ses-ofMcF1/func/sub-4007_ses-ofMcF1_task-JogB_acq-EPIlowcov_run-0_bold.nii.gz,EPIlowcov,EPIlowcov,func,0.0,ofMcF1,4007,JogB,BOLD,Legacy,Legacy,4007_ofMcF1_bold,BOLD,59.0285,10.198374922037377
25,/home/nexus/data_scratch/irsabi/preprocessing/legacy_collapsed/sub-4007/ses-ofMcF1/func/sub-4007_ses-ofMcF1_task-JogB_acq-EPIlowcov_run-1_cbv.nii.gz,EPIlowcov,EPIlowcov,func,1.0,ofMcF1,4007,JogB,CBV,Legacy,Legacy,4007_ofMcF1_cbv,CBV,60.3891,11.883103466596353
26,/home/nexus/data_scratch/irsabi/preprocessing/legacy_collapsed/sub-4006/ses-ofM/func/sub-4006_ses-ofM_task-JogB_acq-EPIlowcov_run-1_cbv.nii.gz,EPIlowcov,EPIlowcov,func,1.0,ofM,4006,JogB,CBV,Legacy,Legacy,4006_ofM_cbv,CBV,57.6271,11.005393162295226
27,/home/nexus/data_scratch/irsabi/preprocessing/legacy_collapsed/sub-4006/ses-ofM/func/sub-4006_ses-ofM_task-JogB_acq-EPIlowcov_run-0_bold.nii.gz,EPIlowcov,EPIlowcov,func,0.0,ofM,4006,JogB,BOLD,Legacy,Legacy,4006_ofM_bold,BOLD,56.4975,9.89630317308787
28,/home/nexus/data_scratch/irsabi/preprocessing/legacy_collapsed/sub-4002/ses-ofM/func/sub-4002_ses-ofM_task-JogB_acq-EPIlowcov_run-0_bold.nii.gz,EPIlowcov,EPIlowcov,func,0.0,ofM,4002,JogB,BOLD,Legacy,Legacy,4002_ofM_bold,BOLD,58.2633,10.978327228327228
29,/home/nexus/data_scratch/irsabi/preprocessing/legacy_collapsed/sub-4002/ses-ofM/func/sub-4002_ses-ofM_task-JogB_acq-EPIlowcov_run-1_cbv.nii.gz,EPIlowcov,EPIlowcov,func,1.0,ofM,4002,JogB,CBV,Legacy,Legacy,4002_ofM_cbv,CBV,62.0915,11.779229673304535
30,/home/nexus/data_scratch/irsabi/preprocessing/legacy_collapsed/sub-4001/ses-ofMcF2/func/sub-4001_ses-ofMcF2_task-JogB_acq-EPIlowcov_run-0_bold.nii.gz,EPIlowcov,EPIlowcov,func,0.0,ofMcF2,4001,JogB,BOLD,Legacy,Legacy,4001_ofMcF2_bold,BOLD,55.5905,10.666951934866745
31,/home/nexus/data_scratch/irsabi/preprocessing/legacy_collapsed/sub-4001/ses-ofMcF2/func/sub-4001_ses-ofMcF2_task-JogB_acq-EPIlowcov_run-1_cbv.nii.gz,EPIlowcov,EPIlowcov,func,1.0,ofMcF2,4001,JogB,CBV,Legacy,Legacy,4001_ofMcF2_cbv,CBV,60.0649,11.756592236506272
32,/home/nexus/data_scratch/irsabi/preprocessing/legacy_collapsed/sub-4001/ses-ofMaF/func/sub-4001_ses-ofMaF_task-JogB_acq-EPIlowcov_run-1_cbv.nii.gz,EPIlowcov,EPIlowcov,func,1.0,ofMaF,4001,JogB,CBV,Legacy,Legacy,4001_ofMaF_cbv,CBV,60.1288,12.073086499076378
33,/home/nexus/data_scratch/irsabi/preprocessing/legacy_collapsed/sub-4001/ses-ofMaF/func/sub-4001_ses-ofMaF_task-JogB_acq-EPIlowcov_run-0_bold.nii.gz,EPIlowcov,EPIlowcov,func,0.0,ofMaF,4001,JogB,BOLD,Legacy,Legacy,4001_ofMaF_bold,BOLD,58.9793,10.946214806703663
34,/home/nexus/data_scratch/irsabi/preprocessing/legacy_collapsed/sub-4001/ses-ofM/func/sub-4001_ses-ofM_task-JogB_acq-EPIlowcov_run-1_cbv.nii.gz,EPIlowcov,EPIlowcov,func,1.0,ofM,4001,JogB,CBV,Legacy,Legacy,4001_ofM_cbv,CBV,62.133,12.10280164479515
35,/home/nexus/data_scratch/irsabi/preprocessing/legacy_collapsed/sub-4001/ses-ofM/func/sub-4001_ses-ofM_task-JogB_acq-EPIlowcov_run-0_bold.nii.gz,EPIlowcov,EPIlowcov,func,0.0,ofM,4001,JogB,BOLD,Legacy,Legacy,4001_ofM_bold,BOLD,57.6371,10.232261294400022
36,/home/nexus/data_scratch/irsabi/preprocessing/legacy_collapsed/sub-4001/ses-ofMcF1/func/sub-4001_ses-ofMcF1_task-JogB_acq-EPIlowcov_run-0_bold.nii.gz,EPIlowcov,EPIlowcov,func,0.0,ofMcF1,4001,JogB,BOLD,Legacy,Legacy,4001_ofMcF1_bold,BOLD,55.217,10.451787046045634
37,/home/nexus/data_scratch/irsabi/preprocessing/legacy_collapsed/sub-4001/ses-ofMcF1/func/sub-4001_ses-ofMcF1_task-JogB_acq-EPIlowcov_run-1_cbv.nii.gz,EPIlowcov,EPIlowcov,func,1.0,ofMcF1,4001,JogB,CBV,Legacy,Legacy,4001_ofMcF1_cbv,CBV,56.9686,12.550969601099808
38,/home/nexus/data_scratch/irsabi/preprocessing/legacy_collapsed/sub-4008/ses-ofMcF2/func/sub-4008_ses-ofMcF2_task-JogB_acq-EPIlowcov_run-1_cbv.nii.gz,EPIlowcov,EPIlowcov,func,1.0,ofMcF2,4008,JogB,CBV,Legacy,Legacy,4008_ofMcF2_cbv,CBV,58.1628,11.30740428245376
39,/home/nexus/data_scratch/irsabi/preprocessing/legacy_collapsed/sub-4008/ses-ofMcF2/func/sub-4008_ses-ofMcF2_task-JogB_acq-EPIlowcov_run-0_bold.nii.gz,EPIlowcov,EPIlowcov,func,0.0,ofMcF2,4008,JogB,BOLD,Legacy,Legacy,4008_ofMcF2_bold,BOLD,57.6467,10.562433694718116
40,/home/nexus/data_scratch/irsabi/preprocessing/legacy_collapsed/sub-4008/ses-ofMpF/func/sub-4008_ses-ofMpF_task-JogB_acq-EPIlowcov_run-1_cbv.nii.gz,EPIlowcov,EPIlowcov,func,1.0,ofMpF,4008,JogB,CBV,Legacy,Legacy,4008_ofMpF_cbv,CBV,61.4936,11.827716666891064
41,/home/nexus/data_scratch/irsabi/preprocessing/legacy_collapsed/sub-4008/ses-ofMpF/func/sub-4008_ses-ofMpF_task-JogB_acq-EPIlowcov_run-0_bold.nii.gz,EPIlowcov,EPIlowcov,func,0.0,ofMpF,4008,JogB,BOLD,Legacy,Legacy,4008_ofMpF_bold,BOLD,57.9448,9.99313610855296
42,/home/nexus/data_scratch/irsabi/preprocessing/legacy_collapsed/sub-4008/ses-ofMaF/func/sub-4008_ses-ofMaF_task-JogB_acq-EPIlowcov_run-1_cbv.nii.gz,EPIlowcov,EPIlowcov,func,1.0,ofMaF,4008,JogB,CBV,Legacy,Legacy,4008_ofMaF_cbv,CBV,60.2253,11.583904751829662
43,/home/nexus/data_scratch/irsabi/preprocessing/legacy_collapsed/sub-4008/ses-ofMaF/func/sub-4008_ses-ofMaF_task-JogB_acq-EPIlowcov_run-0_bold.nii.gz,EPIlowcov,EPIlowcov,func,0.0,ofMaF,4008,JogB,BOLD,Legacy,Legacy,4008_ofMaF_bold,BOLD,56.3824,10.353012032706634
44,/home/nexus/data_scratch/irsabi/preprocessing/legacy_collapsed/sub-4008/ses-ofM/func/sub-4008_ses-ofM_task-JogB_acq-EPIlowcov_run-1_cbv.nii.gz,EPIlowcov,EPIlowcov,func,1.0,ofM,4008,JogB,CBV,Legacy,Legacy,4008_ofM_cbv,CBV,60.4026,12.177280672221471
45,/home/nexus/data_scratch/irsabi/preprocessing/legacy_collapsed/sub-4008/ses-ofM/func/sub-4008_ses-ofM_task-JogB_acq-EPIlowcov_run-0_bold.nii.gz,EPIlowcov,EPIlowcov,func,0.0,ofM,4008,JogB,BOLD,Legacy,Legacy,4008_ofM_bold,BOLD,57.2616,10.473718578350407
46,/home/nexus/data_scratch/irsabi/preprocessing/legacy_collapsed/sub-4008/ses-ofMcF1/func/sub-4008_ses-ofMcF1_task-JogB_acq-EPIlowcov_run-1_cbv.nii.gz,EPIlowcov,EPIlowcov,func,1.0,ofMcF1,4008,JogB,CBV,Legacy,Legacy,4008_ofMcF1_cbv,CBV,55.4762,10.244609577556341
47,/home/nexus/data_scratch/irsabi/preprocessing/legacy_collapsed/sub-4008/ses-ofMcF1/func/sub-4008_ses-ofMcF1_task-JogB_acq-EPIlowcov_run-0_bold.nii.gz,EPIlowcov,EPIlowcov,func,0.0,ofMcF1,4008,JogB,BOLD,Legacy,Legacy,4008_ofMcF1_bold,BOLD,57.2127,10.08487393180472
48,/home/nexus/data_scratch/irsabi/preprocessing/legacy_collapsed/sub-4011/ses-ofMcF2/func/sub-4011_ses-ofMcF2_task-JogB_acq-EPIlowcov_run-0_bold.nii.gz,EPIlowcov,EPIlowcov,func,0.0,ofMcF2,4011,JogB,BOLD,Legacy,Legacy,4011_ofMcF2_bold,BOLD,59.6381,10.407445993511717
49,/home/nexus/data_scratch/irsabi/preprocessing/legacy_collapsed/sub-4011/ses-ofMcF2/func/sub-4011_ses-ofMcF2_task-JogB_acq-EPIlowcov_run-1_cbv.nii.gz,EPIlowcov,EPIlowcov,func,1.0,ofMcF2,4011,JogB,CBV,Legacy,Legacy,4011_ofMcF2_cbv,CBV,59.5864,11.971799575265761
50,/home/nexus/data_scratch/irsabi/preprocessing/legacy_collapsed/sub-4011/ses-ofMaF/func/sub-4011_ses-ofMaF_task-JogB_acq-EPIlowcov_run-1_cbv.nii.gz,EPIlowcov,EPIlowcov,func,1.0,ofMaF,4011,JogB,CBV,Legacy,Legacy,4011_ofMaF_cbv,CBV,58.2746,13.224930896283151
51,/home/nexus/data_scratch/irsabi/preprocessing/legacy_collapsed/sub-4011/ses-ofMaF/func/sub-4011_ses-ofMaF_task-JogB_acq-EPIlowcov_run-0_bold.nii.gz,EPIlowcov,EPIlowcov,func,0.0,ofMaF,4011,JogB,BOLD,Legacy,Legacy,4011_ofMaF_bold,BOLD,58.0505,10.79977154168434
52,/home/nexus/data_scratch/irsabi/preprocessing/legacy_collapsed/sub-4011/ses-ofM/func/sub-4011_ses-ofM_task-JogB_acq-EPIlowcov_run-0_bold.nii.gz,EPIlowcov,EPIlowcov,func,0.0,ofM,4011,JogB,BOLD,Legacy,Legacy,4011_ofM_bold,BOLD,58.4121,10.910237061719725
53,/home/nexus/data_scratch/irsabi/preprocessing/legacy_collapsed/sub-4011/ses-ofM/func/sub-4011_ses-ofM_task-JogB_acq-EPIlowcov_run-1_cbv.nii.gz,EPIlowcov,EPIlowcov,func,1.0,ofM,4011,JogB,CBV,Legacy,Legacy,4011_ofM_cbv,CBV,60.0756,13.577081798417096
54,/home/nexus/data_scratch/irsabi/preprocessing/legacy_collapsed/sub-4011/ses-ofMcF1/func/sub-4011_ses-ofMcF1_task-JogB_acq-EPIlowcov_run-0_bold.nii.gz,EPIlowcov,EPIlowcov,func,0.0,ofMcF1,4011,JogB,BOLD,Legacy,Legacy,4011_ofMcF1_bold,BOLD,59.845,10.514026901291656
55,/home/nexus/data_scratch/irsabi/preprocessing/legacy_collapsed/sub-4011/ses-ofMcF1/func/sub-4011_ses-ofMcF1_task-JogB_acq-EPIlowcov_run-1_cbv.nii.gz,EPIlowcov,EPIlowcov,func,1.0,ofMcF1,4011,JogB,CBV,Legacy,Legacy,4011_ofMcF1_cbv,CBV,59.5323,11.25606221319705
56,/home/nexus/data_scratch/irsabi/preprocessing/legacy_collapsed/sub-4012/ses-ofMcF2/func/sub-4012_ses-ofMcF2_task-JogB_acq-EPIlowcov_run-1_cbv.nii.gz,EPIlowcov,EPIlowcov,func,1.0,ofMcF2,4012,JogB,CBV,Legacy,Legacy,4012_ofMcF2_cbv,CBV,58.6988,10.966695687590379
57,/home/nexus/data_scratch/irsabi/preprocessing/legacy_collapsed/sub-4012/ses-ofMcF2/func/sub-4012_ses-ofMcF2_task-JogB_acq-EPIlowcov_run-0_bold.nii.gz,EPIlowcov,EPIlowcov,func,0.0,ofMcF2,4012,JogB,BOLD,Legacy,Legacy,4012_ofMcF2_bold,BOLD,59.3338,10.892112031222178
58,/home/nexus/data_scratch/irsabi/preprocessing/legacy_collapsed/sub-4012/ses-ofMpF/func/sub-4012_ses-ofMpF_task-JogB_acq-EPIlowcov_run-0_bold.nii.gz,EPIlowcov,EPIlowcov,func,0.0,ofMpF,4012,JogB,BOLD,Legacy,Legacy,4012_ofMpF_bold,BOLD,56.2314,10.436491733420443
59,/home/nexus/data_scratch/irsabi/preprocessing/legacy_collapsed/sub-4012/ses-ofMpF/func/sub-4012_ses-ofMpF_task-JogB_acq-EPIlowcov_run-1_cbv.nii.gz,EPIlowcov,EPIlowcov,func,1.0,ofMpF,4012,JogB,CBV,Legacy,Legacy,4012_ofMpF_cbv,CBV,54.9516,11.61411406651238
60,/home/nexus/data_scratch/irsabi/preprocessing/legacy_collapsed/sub-4012/ses-ofMaF/func/sub-4012_ses-ofMaF_task-JogB_acq-EPIlowcov_run-0_bold.nii.gz,EPIlowcov,EPIlowcov,func,0.0,ofMaF,4012,JogB,BOLD,Legacy,Legacy,4012_ofMaF_bold,BOLD,56.5742,10.433578246949645
61,/home/nexus/data_scratch/irsabi/preprocessing/legacy_collapsed/sub-4012/ses-ofMaF/func/sub-4012_ses-ofMaF_task-JogB_acq-EPIlowcov_run-1_cbv.nii.gz,EPIlowcov,EPIlowcov,func,1.0,ofMaF,4012,JogB,CBV,Legacy,Legacy,4012_ofMaF_cbv,CBV,60.4139,12.610056920055186
62,/home/nexus/data_scratch/irsabi/preprocessing/legacy_collapsed/sub-4012/ses-ofM/func/sub-4012_ses-ofM_task-JogB_acq-EPIlowcov_run-0_bold.nii.gz,EPIlowcov,EPIlowcov,func,0.0,ofM,4012,JogB,BOLD,Legacy,Legacy,4012_ofM_bold,BOLD,57.5147,10.865812233855639
63,/home/nexus/data_scratch/irsabi/preprocessing/legacy_collapsed/sub-4012/ses-ofM/func/sub-4012_ses-ofM_task-JogB_acq-EPIlowcov_run-1_cbv.nii.gz,EPIlowcov,EPIlowcov,func,1.0,ofM,4012,JogB,CBV,Legacy,Legacy,4012_ofM_cbv,CBV,61.0387,13.541766501606233
64,/home/nexus/data_scratch/irsabi/preprocessing/legacy_collapsed/sub-4012/ses-ofMcF1/func/sub-4012_ses-ofMcF1_task-JogB_acq-EPIlowcov_run-0_bold.nii.gz,EPIlowcov,EPIlowcov,func,0.0,ofMcF1,4012,JogB,BOLD,Legacy,Legacy,4012_ofMcF1_bold,BOLD,55.9287,10.30485996082846
65,/home/nexus/data_scratch/irsabi/preprocessing/legacy_collapsed/sub-4012/ses-ofMcF1/func/sub-4012_ses-ofMcF1_task-JogB_acq-EPIlowcov_run-1_cbv.nii.gz,EPIlowcov,EPIlowcov,func,1.0,ofMcF1,4012,JogB,CBV,Legacy,Legacy,4012_ofMcF1_cbv,CBV,57.9702,11.753011229895568
66,/home/nexus/data_scratch/irsabi/preprocessing/legacy_collapsed/sub-4013/ses-ofM/func/sub-4013_ses-ofM_task-JogB_acq-EPIlowcov_run-1_cbv.nii.gz,EPIlowcov,EPIlowcov,func,1.0,ofM,4013,JogB,CBV,Legacy,Legacy,4013_ofM_cbv,CBV,55.2755,12.802159498062613
67,/home/nexus/data_scratch/irsabi/preprocessing/legacy_collapsed/sub-4013/ses-ofM/func/sub-4013_ses-ofM_task-JogB_acq-EPIlowcov_run-0_bold.nii.gz,EPIlowcov,EPIlowcov,func,0.0,ofM,4013,JogB,BOLD,Legacy,Legacy,4013_ofM_bold,BOLD,55.2142,10.962180277518023
0,/home/nexus/data_scratch/irsabi/preprocessing/generic_ambmc_collapsed/ses-ofMcF2/func/sub-4011_ses-ofMcF2_task-JogB_acq-EPIlowcov_run-0_bold.nii.gz,EPIlowcov,EPIlowcov,func,0.0,ofMcF2,4011,JogB,BOLD,Generic,Legacy,4011_ofMcF2_bold,BOLD,5.84922,1.0207474962174952
1,/home/nexus/data_scratch/irsabi/preprocessing/generic_ambmc_collapsed/ses-ofMcF2/func/sub-4011_ses-ofMcF2_task-JogB_acq-EPIlowcov_run-1_cbv.nii.gz,EPIlowcov,EPIlowcov,func,1.0,ofMcF2,4011,JogB,CBV,Generic,Legacy,4011_ofMcF2_cbv,CBV,5.9876,1.2029984549639057
2,/home/nexus/data_scratch/irsabi/preprocessing/generic_ambmc_collapsed/ses-ofMcF2/func/sub-4012_ses-ofMcF2_task-JogB_acq-EPIlowcov_run-1_cbv.nii.gz,EPIlowcov,EPIlowcov,func,1.0,ofMcF2,4012,JogB,CBV,Generic,Legacy,4012_ofMcF2_cbv,CBV,5.8052,1.0845854055892057
3,/home/nexus/data_scratch/irsabi/preprocessing/generic_ambmc_collapsed/ses-ofMcF2/func/sub-4012_ses-ofMcF2_task-JogB_acq-EPIlowcov_run-0_bold.nii.gz,EPIlowcov,EPIlowcov,func,0.0,ofMcF2,4012,JogB,BOLD,Generic,Legacy,4012_ofMcF2_bold,BOLD,5.53722,1.0164867340626096
6,/home/nexus/data_scratch/irsabi/preprocessing/generic_ambmc_collapsed/ses-ofMpF/func/sub-4012_ses-ofMpF_task-JogB_acq-EPIlowcov_run-0_bold.nii.gz,EPIlowcov,EPIlowcov,func,0.0,ofMpF,4012,JogB,BOLD,Generic,Legacy,4012_ofMpF_bold,BOLD,5.50815,1.0223071440767935
7,/home/nexus/data_scratch/irsabi/preprocessing/generic_ambmc_collapsed/ses-ofMpF/func/sub-4012_ses-ofMpF_task-JogB_acq-EPIlowcov_run-1_cbv.nii.gz,EPIlowcov,EPIlowcov,func,1.0,ofMpF,4012,JogB,CBV,Generic,Legacy,4012_ofMpF_cbv,CBV,5.75038,1.2153525874731848
9,/home/nexus/data_scratch/irsabi/preprocessing/generic_ambmc_collapsed/ses-ofMaF/func/sub-4012_ses-ofMaF_task-JogB_acq-EPIlowcov_run-0_bold.nii.gz,EPIlowcov,EPIlowcov,func,0.0,ofMaF,4012,JogB,BOLD,Generic,Legacy,4012_ofMaF_bold,BOLD,5.62665,1.0376831319435222
10,/home/nexus/data_scratch/irsabi/preprocessing/generic_ambmc_collapsed/ses-ofMaF/func/sub-4012_ses-ofMaF_task-JogB_acq-EPIlowcov_run-1_cbv.nii.gz,EPIlowcov,EPIlowcov,func,1.0,ofMaF,4012,JogB,CBV,Generic,Legacy,4012_ofMaF_cbv,CBV,5.89476,1.2303999432260542
11,/home/nexus/data_scratch/irsabi/preprocessing/generic_ambmc_collapsed/ses-ofMaF/func/sub-4011_ses-ofMaF_task-JogB_acq-EPIlowcov_run-1_cbv.nii.gz,EPIlowcov,EPIlowcov,func,1.0,ofMaF,4011,JogB,CBV,Generic,Legacy,4011_ofMaF_cbv,CBV,5.34395,1.2127645571688583
12,/home/nexus/data_scratch/irsabi/preprocessing/generic_ambmc_collapsed/ses-ofMaF/func/sub-4011_ses-ofMaF_task-JogB_acq-EPIlowcov_run-0_bold.nii.gz,EPIlowcov,EPIlowcov,func,0.0,ofMaF,4011,JogB,BOLD,Generic,Legacy,4011_ofMaF_bold,BOLD,5.64854,1.0508598813802752
15,/home/nexus/data_scratch/irsabi/preprocessing/generic_ambmc_collapsed/ses-ofM/func/sub-4012_ses-ofM_task-JogB_acq-EPIlowcov_run-0_bold.nii.gz,EPIlowcov,EPIlowcov,func,0.0,ofM,4012,JogB,BOLD,Generic,Legacy,4012_ofM_bold,BOLD,5.63586,1.0647399106019444
16,/home/nexus/data_scratch/irsabi/preprocessing/generic_ambmc_collapsed/ses-ofM/func/sub-4013_ses-ofM_task-JogB_acq-EPIlowcov_run-1_cbv.nii.gz,EPIlowcov,EPIlowcov,func,1.0,ofM,4013,JogB,CBV,Generic,Legacy,4013_ofM_cbv,CBV,5.76868,1.3360632007541104
17,/home/nexus/data_scratch/irsabi/preprocessing/generic_ambmc_collapsed/ses-ofM/func/sub-4011_ses-ofM_task-JogB_acq-EPIlowcov_run-0_bold.nii.gz,EPIlowcov,EPIlowcov,func,0.0,ofM,4011,JogB,BOLD,Generic,Legacy,4011_ofM_bold,BOLD,5.60231,1.0464018618273103
18,/home/nexus/data_scratch/irsabi/preprocessing/generic_ambmc_collapsed/ses-ofM/func/sub-4013_ses-ofM_task-JogB_acq-EPIlowcov_run-0_bold.nii.gz,EPIlowcov,EPIlowcov,func,0.0,ofM,4013,JogB,BOLD,Generic,Legacy,4013_ofM_bold,BOLD,5.35308,1.062795947418892
19,/home/nexus/data_scratch/irsabi/preprocessing/generic_ambmc_collapsed/ses-ofM/func/sub-4011_ses-ofM_task-JogB_acq-EPIlowcov_run-1_cbv.nii.gz,EPIlowcov,EPIlowcov,func,1.0,ofM,4011,JogB,CBV,Generic,Legacy,4011_ofM_cbv,CBV,5.66219,1.279654581696717
20,/home/nexus/data_scratch/irsabi/preprocessing/generic_ambmc_collapsed/ses-ofM/func/sub-4012_ses-ofM_task-JogB_acq-EPIlowcov_run-1_cbv.nii.gz,EPIlowcov,EPIlowcov,func,1.0,ofM,4012,JogB,CBV,Generic,Legacy,4012_ofM_cbv,CBV,5.73818,1.2730463411603925
24,/home/nexus/data_scratch/irsabi/preprocessing/generic_ambmc_collapsed/ses-ofMcF1/func/sub-4011_ses-ofMcF1_task-JogB_acq-EPIlowcov_run-0_bold.nii.gz,EPIlowcov,EPIlowcov,func,0.0,ofMcF1,4011,JogB,BOLD,Generic,Legacy,4011_ofMcF1_bold,BOLD,5.87101,1.0314638997034393
25,/home/nexus/data_scratch/irsabi/preprocessing/generic_ambmc_collapsed/ses-ofMcF1/func/sub-4012_ses-ofMcF1_task-JogB_acq-EPIlowcov_run-0_bold.nii.gz,EPIlowcov,EPIlowcov,func,0.0,ofMcF1,4012,JogB,BOLD,Generic,Legacy,4012_ofMcF1_bold,BOLD,5.63425,1.0381102588527493
26,/home/nexus/data_scratch/irsabi/preprocessing/generic_ambmc_collapsed/ses-ofMcF1/func/sub-4012_ses-ofMcF1_task-JogB_acq-EPIlowcov_run-1_cbv.nii.gz,EPIlowcov,EPIlowcov,func,1.0,ofMcF1,4012,JogB,CBV,Generic,Legacy,4012_ofMcF1_cbv,CBV,6.03911,1.2243830045191257
27,/home/nexus/data_scratch/irsabi/preprocessing/generic_ambmc_collapsed/ses-ofMcF1/func/sub-4011_ses-ofMcF1_task-JogB_acq-EPIlowcov_run-1_cbv.nii.gz,EPIlowcov,EPIlowcov,func,1.0,ofMcF1,4011,JogB,CBV,Generic,Legacy,4011_ofMcF1_cbv,CBV,5.97182,1.1291211232560208
0,/home/nexus/data_scratch/irsabi/preprocessing/legacy_dsurqec_collapsed/ses-ofMcF2/func/sub-4011_ses-ofMcF2_task-JogB_acq-EPIlowcov_run-0_bold.nii.gz,EPIlowcov,EPIlowcov,func,0.0,ofMcF2,4011,JogB,BOLD,Legacy,Generic,4011_ofMcF2_bold,BOLD,62.7598,10.952213921362294
1,/home/nexus/data_scratch/irsabi/preprocessing/legacy_dsurqec_collapsed/ses-ofMcF2/func/sub-4011_ses-ofMcF2_task-JogB_acq-EPIlowcov_run-1_cbv.nii.gz,EPIlowcov,EPIlowcov,func,1.0,ofMcF2,4011,JogB,CBV,Legacy,Generic,4011_ofMcF2_cbv,CBV,63.0101,12.659672146957245
2,/home/nexus/data_scratch/irsabi/preprocessing/legacy_dsurqec_collapsed/ses-ofMcF2/func/sub-4012_ses-ofMcF2_task-JogB_acq-EPIlowcov_run-1_cbv.nii.gz,EPIlowcov,EPIlowcov,func,1.0,ofMcF2,4012,JogB,CBV,Legacy,Generic,4012_ofMcF2_cbv,CBV,61.5622,11.501664655130538
3,/home/nexus/data_scratch/irsabi/preprocessing/legacy_dsurqec_collapsed/ses-ofMcF2/func/sub-4012_ses-ofMcF2_task-JogB_acq-EPIlowcov_run-0_bold.nii.gz,EPIlowcov,EPIlowcov,func,0.0,ofMcF2,4012,JogB,BOLD,Legacy,Generic,4012_ofMcF2_bold,BOLD,62.7424,11.517840588463143
4,/home/nexus/data_scratch/irsabi/preprocessing/legacy_dsurqec_collapsed/ses-ofMpF/func/sub-4012_ses-ofMpF_task-JogB_acq-EPIlowcov_run-0_bold.nii.gz,EPIlowcov,EPIlowcov,func,0.0,ofMpF,4012,JogB,BOLD,Legacy,Generic,4012_ofMpF_bold,BOLD,59.2516,10.997037839924573
5,/home/nexus/data_scratch/irsabi/preprocessing/legacy_dsurqec_collapsed/ses-ofMpF/func/sub-4012_ses-ofMpF_task-JogB_acq-EPIlowcov_run-1_cbv.nii.gz,EPIlowcov,EPIlowcov,func,1.0,ofMpF,4012,JogB,CBV,Legacy,Generic,4012_ofMpF_cbv,CBV,58.6403,12.393727081550054
6,/home/nexus/data_scratch/irsabi/preprocessing/legacy_dsurqec_collapsed/ses-ofMaF/func/sub-4012_ses-ofMaF_task-JogB_acq-EPIlowcov_run-0_bold.nii.gz,EPIlowcov,EPIlowcov,func,0.0,ofMaF,4012,JogB,BOLD,Legacy,Generic,4012_ofMaF_bold,BOLD,60.7907,11.211197421030112
7,/home/nexus/data_scratch/irsabi/preprocessing/legacy_dsurqec_collapsed/ses-ofMaF/func/sub-4012_ses-ofMaF_task-JogB_acq-EPIlowcov_run-1_cbv.nii.gz,EPIlowcov,EPIlowcov,func,1.0,ofMaF,4012,JogB,CBV,Legacy,Generic,4012_ofMaF_cbv,CBV,61.6873,12.875850826457492
8,/home/nexus/data_scratch/irsabi/preprocessing/legacy_dsurqec_collapsed/ses-ofMaF/func/sub-4011_ses-ofMaF_task-JogB_acq-EPIlowcov_run-1_cbv.nii.gz,EPIlowcov,EPIlowcov,func,1.0,ofMaF,4011,JogB,CBV,Legacy,Generic,4011_ofMaF_cbv,CBV,60.0063,13.617925663009883
9,/home/nexus/data_scratch/irsabi/preprocessing/legacy_dsurqec_collapsed/ses-ofMaF/func/sub-4011_ses-ofMaF_task-JogB_acq-EPIlowcov_run-0_bold.nii.gz,EPIlowcov,EPIlowcov,func,0.0,ofMaF,4011,JogB,BOLD,Legacy,Generic,4011_ofMaF_bold,BOLD,63.201,11.757975576540977
10,/home/nexus/data_scratch/irsabi/preprocessing/legacy_dsurqec_collapsed/ses-ofM/func/sub-4012_ses-ofM_task-JogB_acq-EPIlowcov_run-0_bold.nii.gz,EPIlowcov,EPIlowcov,func,0.0,ofM,4012,JogB,BOLD,Legacy,Generic,4012_ofM_bold,BOLD,64.5792,12.200454169327323
11,/home/nexus/data_scratch/irsabi/preprocessing/legacy_dsurqec_collapsed/ses-ofM/func/sub-4013_ses-ofM_task-JogB_acq-EPIlowcov_run-1_cbv.nii.gz,EPIlowcov,EPIlowcov,func,1.0,ofM,4013,JogB,CBV,Legacy,Generic,4013_ofM_cbv,CBV,62.478,14.470304585575091
12,/home/nexus/data_scratch/irsabi/preprocessing/legacy_dsurqec_collapsed/ses-ofM/func/sub-4011_ses-ofM_task-JogB_acq-EPIlowcov_run-0_bold.nii.gz,EPIlowcov,EPIlowcov,func,0.0,ofM,4011,JogB,BOLD,Legacy,Generic,4011_ofM_bold,BOLD,63.3711,11.836481206153294
13,/home/nexus/data_scratch/irsabi/preprocessing/legacy_dsurqec_collapsed/ses-ofM/func/sub-4013_ses-ofM_task-JogB_acq-EPIlowcov_run-0_bold.nii.gz,EPIlowcov,EPIlowcov,func,0.0,ofM,4013,JogB,BOLD,Legacy,Generic,4013_ofM_bold,BOLD,60.0287,11.918047010099686
14,/home/nexus/data_scratch/irsabi/preprocessing/legacy_dsurqec_collapsed/ses-ofM/func/sub-4011_ses-ofM_task-JogB_acq-EPIlowcov_run-1_cbv.nii.gz,EPIlowcov,EPIlowcov,func,1.0,ofM,4011,JogB,CBV,Legacy,Generic,4011_ofM_cbv,CBV,63.0285,14.244437011557636
15,/home/nexus/data_scratch/irsabi/preprocessing/legacy_dsurqec_collapsed/ses-ofM/func/sub-4012_ses-ofM_task-JogB_acq-EPIlowcov_run-1_cbv.nii.gz,EPIlowcov,EPIlowcov,func,1.0,ofM,4012,JogB,CBV,Legacy,Generic,4012_ofM_cbv,CBV,63.9721,14.1925571943276
16,/home/nexus/data_scratch/irsabi/preprocessing/legacy_dsurqec_collapsed/ses-ofMcF1/func/sub-4011_ses-ofMcF1_task-JogB_acq-EPIlowcov_run-0_bold.nii.gz,EPIlowcov,EPIlowcov,func,0.0,ofMcF1,4011,JogB,BOLD,Legacy,Generic,4011_ofMcF1_bold,BOLD,62.9495,11.059449184106594
17,/home/nexus/data_scratch/irsabi/preprocessing/legacy_dsurqec_collapsed/ses-ofMcF1/func/sub-4012_ses-ofMcF1_task-JogB_acq-EPIlowcov_run-0_bold.nii.gz,EPIlowcov,EPIlowcov,func,0.0,ofMcF1,4012,JogB,BOLD,Legacy,Generic,4012_ofMcF1_bold,BOLD,62.359,11.4896423892796
18,/home/nexus/data_scratch/irsabi/preprocessing/legacy_dsurqec_collapsed/ses-ofMcF1/func/sub-4012_ses-ofMcF1_task-JogB_acq-EPIlowcov_run-1_cbv.nii.gz,EPIlowcov,EPIlowcov,func,1.0,ofMcF1,4012,JogB,CBV,Legacy,Generic,4012_ofMcF1_cbv,CBV,62.4366,12.65853940397821
19,/home/nexus/data_scratch/irsabi/preprocessing/legacy_dsurqec_collapsed/ses-ofMcF1/func/sub-4011_ses-ofMcF1_task-JogB_acq-EPIlowcov_run-1_cbv.nii.gz,EPIlowcov,EPIlowcov,func,1.0,ofMcF1,4011,JogB,CBV,Legacy,Generic,4011_ofMcF1_cbv,CBV,63.039,11.919091079258298
0,/home/nexus/data_scratch/irsabi/bids_collapsed/sub-4009/ses-ofMcF2/func/sub-4009_ses-ofMcF2_task-JogB_acq-EPIlowcov_run-1_cbv.nii.gz,EPIlowcov,EPIlowcov,func,1.0,ofMcF2,4009,JogB,CBV,Unprocessed,Unprocessed,4009_ofMcF2_cbv,CBV,4.51303,1.0
1,/home/nexus/data_scratch/irsabi/bids_collapsed/sub-4009/ses-ofMcF2/func/sub-4009_ses-ofMcF2_task-JogB_acq-EPIlowcov_run-0_bold.nii.gz,EPIlowcov,EPIlowcov,func,0.0,ofMcF2,4009,JogB,BOLD,Unprocessed,Unprocessed,4009_ofMcF2_bold,BOLD,5.4616,1.0
3,/home/nexus/data_scratch/irsabi/bids_collapsed/sub-4009/ses-ofMpF/func/sub-4009_ses-ofMpF_task-JogB_acq-EPIlowcov_run-0_bold.nii.gz,EPIlowcov,EPIlowcov,func,0.0,ofMpF,4009,JogB,BOLD,Unprocessed,Unprocessed,4009_ofMpF_bold,BOLD,5.59945,1.0
4,/home/nexus/data_scratch/irsabi/bids_collapsed/sub-4009/ses-ofMpF/func/sub-4009_ses-ofMpF_task-JogB_acq-EPIlowcov_run-1_cbv.nii.gz,EPIlowcov,EPIlowcov,func,1.0,ofMpF,4009,JogB,CBV,Unprocessed,Unprocessed,4009_ofMpF_cbv,CBV,5.56061,1.0
6,/home/nexus/data_scratch/irsabi/bids_collapsed/sub-4009/ses-ofMaF/func/sub-4009_ses-ofMaF_task-JogB_acq-EPIlowcov_run-0_bold.nii.gz,EPIlowcov,EPIlowcov,func,0.0,ofMaF,4009,JogB,BOLD,Unprocessed,Unprocessed,4009_ofMaF_bold,BOLD,5.35294,1.0
7,/home/nexus/data_scratch/irsabi/bids_collapsed/sub-4009/ses-ofMaF/func/sub-4009_ses-ofMaF_task-JogB_acq-EPIlowcov_run-1_cbv.nii.gz,EPIlowcov,EPIlowcov,func,1.0,ofMaF,4009,JogB,CBV,Unprocessed,Unprocessed,4009_ofMaF_cbv,CBV,5.03564,1.0
9,/home/nexus/data_scratch/irsabi/bids_collapsed/sub-4009/ses-ofM/func/sub-4009_ses-ofM_task-JogB_acq-EPIlowcov_run-0_bold.nii.gz,EPIlowcov,EPIlowcov,func,0.0,ofM,4009,JogB,BOLD,Unprocessed,Unprocessed,4009_ofM_bold,BOLD,5.51036,1.0
10,/home/nexus/data_scratch/irsabi/bids_collapsed/sub-4009/ses-ofM/func/sub-4009_ses-ofM_task-JogB_acq-EPIlowcov_run-1_cbv.nii.gz,EPIlowcov,EPIlowcov,func,1.0,ofM,4009,JogB,CBV,Unprocessed,Unprocessed,4009_ofM_cbv,CBV,5.12067,1.0
12,/home/nexus/data_scratch/irsabi/bids_collapsed/sub-4009/ses-ofMcF1/func/sub-4009_ses-ofMcF1_task-JogB_acq-EPIlowcov_run-0_bold.nii.gz,EPIlowcov,EPIlowcov,func,0.0,ofMcF1,4009,JogB,BOLD,Unprocessed,Unprocessed,4009_ofMcF1_bold,BOLD,5.5193,1.0
13,/home/nexus/data_scratch/irsabi/bids_collapsed/sub-4009/ses-ofMcF1/func/sub-4009_ses-ofMcF1_task-JogB_acq-EPIlowcov_run-1_cbv.nii.gz,EPIlowcov,EPIlowcov,func,1.0,ofMcF1,4009,JogB,CBV,Unprocessed,Unprocessed,4009_ofMcF1_cbv,CBV,5.10873,1.0
15,/home/nexus/data_scratch/irsabi/bids_collapsed/sub-4005/ses-ofMaF/func/sub-4005_ses-ofMaF_task-JogB_acq-EPIlowcov_run-1_cbv.nii.gz,EPIlowcov,EPIlowcov,func,1.0,ofMaF,4005,JogB,CBV,Unprocessed,Unprocessed,4005_ofMaF_cbv,CBV,5.10498,1.0
16,/home/nexus/data_scratch/irsabi/bids_collapsed/sub-4005/ses-ofMaF/func/sub-4005_ses-ofMaF_task-JogB_acq-EPIlowcov_run-0_bold.nii.gz,EPIlowcov,EPIlowcov,func,0.0,ofMaF,4005,JogB,BOLD,Unprocessed,Unprocessed,4005_ofMaF_bold,BOLD,5.46562,1.0
18,/home/nexus/data_scratch/irsabi/bids_collapsed/sub-4005/ses-ofM/func/sub-4005_ses-ofM_task-JogB_acq-EPIlowcov_run-1_cbv.nii.gz,EPIlowcov,EPIlowcov,func,1.0,ofM,4005,JogB,CBV,Unprocessed,Unprocessed,4005_ofM_cbv,CBV,4.9482,1.0
19,/home/nexus/data_scratch/irsabi/bids_collapsed/sub-4005/ses-ofM/func/sub-4005_ses-ofM_task-JogB_acq-EPIlowcov_run-0_bold.nii.gz,EPIlowcov,EPIlowcov,func,0.0,ofM,4005,JogB,BOLD,Unprocessed,Unprocessed,4005_ofM_bold,BOLD,5.46872,1.0
21,/home/nexus/data_scratch/irsabi/bids_collapsed/sub-4004/ses-ofM/func/sub-4004_ses-ofM_task-JogB_acq-EPIlowcov_run-0_bold.nii.gz,EPIlowcov,EPIlowcov,func,0.0,ofM,4004,JogB,BOLD,Unprocessed,Unprocessed,4004_ofM_bold,BOLD,5.41041,1.0
22,/home/nexus/data_scratch/irsabi/bids_collapsed/sub-4004/ses-ofM/func/sub-4004_ses-ofM_task-JogB_acq-EPIlowcov_run-1_cbv.nii.gz,EPIlowcov,EPIlowcov,func,1.0,ofM,4004,JogB,CBV,Unprocessed,Unprocessed,4004_ofM_cbv,CBV,5.1532,1.0
24,/home/nexus/data_scratch/irsabi/bids_collapsed/sub-4007/ses-ofMcF2/func/sub-4007_ses-ofMcF2_task-JogB_acq-EPIlowcov_run-0_bold.nii.gz,EPIlowcov,EPIlowcov,func,0.0,ofMcF2,4007,JogB,BOLD,Unprocessed,Unprocessed,4007_ofMcF2_bold,BOLD,5.95057,1.0
25,/home/nexus/data_scratch/irsabi/bids_collapsed/sub-4007/ses-ofMcF2/func/sub-4007_ses-ofMcF2_task-JogB_acq-EPIlowcov_run-1_cbv.nii.gz,EPIlowcov,EPIlowcov,func,1.0,ofMcF2,4007,JogB,CBV,Unprocessed,Unprocessed,4007_ofMcF2_cbv,CBV,5.4805,1.0
27,/home/nexus/data_scratch/irsabi/bids_collapsed/sub-4007/ses-ofMpF/func/sub-4007_ses-ofMpF_task-JogB_acq-EPIlowcov_run-0_bold.nii.gz,EPIlowcov,EPIlowcov,func,0.0,ofMpF,4007,JogB,BOLD,Unprocessed,Unprocessed,4007_ofMpF_bold,BOLD,5.54918,1.0
28,/home/nexus/data_scratch/irsabi/bids_collapsed/sub-4007/ses-ofMpF/func/sub-4007_ses-ofMpF_task-JogB_acq-EPIlowcov_run-1_cbv.nii.gz,EPIlowcov,EPIlowcov,func,1.0,ofMpF,4007,JogB,CBV,Unprocessed,Unprocessed,4007_ofMpF_cbv,CBV,4.9123,1.0
30,/home/nexus/data_scratch/irsabi/bids_collapsed/sub-4007/ses-ofMaF/func/sub-4007_ses-ofMaF_task-JogB_acq-EPIlowcov_run-1_cbv.nii.gz,EPIlowcov,EPIlowcov,func,1.0,ofMaF,4007,JogB,CBV,Unprocessed,Unprocessed,4007_ofMaF_cbv,CBV,5.13557,1.0
31,/home/nexus/data_scratch/irsabi/bids_collapsed/sub-4007/ses-ofMaF/func/sub-4007_ses-ofMaF_task-JogB_acq-EPIlowcov_run-0_bold.nii.gz,EPIlowcov,EPIlowcov,func,0.0,ofMaF,4007,JogB,BOLD,Unprocessed,Unprocessed,4007_ofMaF_bold,BOLD,5.80907,1.0
33,/home/nexus/data_scratch/irsabi/bids_collapsed/sub-4007/ses-ofM/func/sub-4007_ses-ofM_task-JogB_acq-EPIlowcov_run-0_bold.nii.gz,EPIlowcov,EPIlowcov,func,0.0,ofM,4007,JogB,BOLD,Unprocessed,Unprocessed,4007_ofM_bold,BOLD,5.54647,1.0
34,/home/nexus/data_scratch/irsabi/bids_collapsed/sub-4007/ses-ofM/func/sub-4007_ses-ofM_task-JogB_acq-EPIlowcov_run-1_cbv.nii.gz,EPIlowcov,EPIlowcov,func,1.0,ofM,4007,JogB,CBV,Unprocessed,Unprocessed,4007_ofM_cbv,CBV,4.9725,1.0
36,/home/nexus/data_scratch/irsabi/bids_collapsed/sub-4007/ses-ofMcF1/func/sub-4007_ses-ofMcF1_task-JogB_acq-EPIlowcov_run-0_bold.nii.gz,EPIlowcov,EPIlowcov,func,0.0,ofMcF1,4007,JogB,BOLD,Unprocessed,Unprocessed,4007_ofMcF1_bold,BOLD,5.78803,1.0
37,/home/nexus/data_scratch/irsabi/bids_collapsed/sub-4007/ses-ofMcF1/func/sub-4007_ses-ofMcF1_task-JogB_acq-EPIlowcov_run-1_cbv.nii.gz,EPIlowcov,EPIlowcov,func,1.0,ofMcF1,4007,JogB,CBV,Unprocessed,Unprocessed,4007_ofMcF1_cbv,CBV,5.08193,1.0
40,/home/nexus/data_scratch/irsabi/bids_collapsed/sub-4006/ses-ofM/func/sub-4006_ses-ofM_task-JogB_acq-EPIlowcov_run-1_cbv.nii.gz,EPIlowcov,EPIlowcov,func,1.0,ofM,4006,JogB,CBV,Unprocessed,Unprocessed,4006_ofM_cbv,CBV,5.23626,1.0
41,/home/nexus/data_scratch/irsabi/bids_collapsed/sub-4006/ses-ofM/func/sub-4006_ses-ofM_task-JogB_acq-EPIlowcov_run-0_bold.nii.gz,EPIlowcov,EPIlowcov,func,0.0,ofM,4006,JogB,BOLD,Unprocessed,Unprocessed,4006_ofM_bold,BOLD,5.70895,1.0
43,/home/nexus/data_scratch/irsabi/bids_collapsed/sub-4002/ses-ofM/func/sub-4002_ses-ofM_task-JogB_acq-EPIlowcov_run-0_bold.nii.gz,EPIlowcov,EPIlowcov,func,0.0,ofM,4002,JogB,BOLD,Unprocessed,Unprocessed,4002_ofM_bold,BOLD,5.30712,1.0
44,/home/nexus/data_scratch/irsabi/bids_collapsed/sub-4002/ses-ofM/func/sub-4002_ses-ofM_task-JogB_acq-EPIlowcov_run-1_cbv.nii.gz,EPIlowcov,EPIlowcov,func,1.0,ofM,4002,JogB,CBV,Unprocessed,Unprocessed,4002_ofM_cbv,CBV,5.27127,1.0
46,/home/nexus/data_scratch/irsabi/bids_collapsed/sub-4001/ses-ofMcF2/func/sub-4001_ses-ofMcF2_task-JogB_acq-EPIlowcov_run-0_bold.nii.gz,EPIlowcov,EPIlowcov,func,0.0,ofMcF2,4001,JogB,BOLD,Unprocessed,Unprocessed,4001_ofMcF2_bold,BOLD,5.21147,1.0
47,/home/nexus/data_scratch/irsabi/bids_collapsed/sub-4001/ses-ofMcF2/func/sub-4001_ses-ofMcF2_task-JogB_acq-EPIlowcov_run-1_cbv.nii.gz,EPIlowcov,EPIlowcov,func,1.0,ofMcF2,4001,JogB,CBV,Unprocessed,Unprocessed,4001_ofMcF2_cbv,CBV,5.10904,1.0
49,/home/nexus/data_scratch/irsabi/bids_collapsed/sub-4001/ses-ofMaF/func/sub-4001_ses-ofMaF_task-JogB_acq-EPIlowcov_run-1_cbv.nii.gz,EPIlowcov,EPIlowcov,func,1.0,ofMaF,4001,JogB,CBV,Unprocessed,Unprocessed,4001_ofMaF_cbv,CBV,4.9804,1.0
50,/home/nexus/data_scratch/irsabi/bids_collapsed/sub-4001/ses-ofMaF/func/sub-4001_ses-ofMaF_task-JogB_acq-EPIlowcov_run-0_bold.nii.gz,EPIlowcov,EPIlowcov,func,0.0,ofMaF,4001,JogB,BOLD,Unprocessed,Unprocessed,4001_ofMaF_bold,BOLD,5.3881,1.0
52,/home/nexus/data_scratch/irsabi/bids_collapsed/sub-4001/ses-ofM/func/sub-4001_ses-ofM_task-JogB_acq-EPIlowcov_run-1_cbv.nii.gz,EPIlowcov,EPIlowcov,func,1.0,ofM,4001,JogB,CBV,Unprocessed,Unprocessed,4001_ofM_cbv,CBV,5.13377,1.0
53,/home/nexus/data_scratch/irsabi/bids_collapsed/sub-4001/ses-ofM/func/sub-4001_ses-ofM_task-JogB_acq-EPIlowcov_run-0_bold.nii.gz,EPIlowcov,EPIlowcov,func,0.0,ofM,4001,JogB,BOLD,Unprocessed,Unprocessed,4001_ofM_bold,BOLD,5.63288,1.0
55,/home/nexus/data_scratch/irsabi/bids_collapsed/sub-4001/ses-ofMcF1/func/sub-4001_ses-ofMcF1_task-JogB_acq-EPIlowcov_run-0_bold.nii.gz,EPIlowcov,EPIlowcov,func,0.0,ofMcF1,4001,JogB,BOLD,Unprocessed,Unprocessed,4001_ofMcF1_bold,BOLD,5.28302,1.0
56,/home/nexus/data_scratch/irsabi/bids_collapsed/sub-4001/ses-ofMcF1/func/sub-4001_ses-ofMcF1_task-JogB_acq-EPIlowcov_run-1_cbv.nii.gz,EPIlowcov,EPIlowcov,func,1.0,ofMcF1,4001,JogB,CBV,Unprocessed,Unprocessed,4001_ofMcF1_cbv,CBV,4.53898,1.0
58,/home/nexus/data_scratch/irsabi/bids_collapsed/sub-4008/ses-ofMcF2/func/sub-4008_ses-ofMcF2_task-JogB_acq-EPIlowcov_run-1_cbv.nii.gz,EPIlowcov,EPIlowcov,func,1.0,ofMcF2,4008,JogB,CBV,Unprocessed,Unprocessed,4008_ofMcF2_cbv,CBV,5.14378,1.0
59,/home/nexus/data_scratch/irsabi/bids_collapsed/sub-4008/ses-ofMcF2/func/sub-4008_ses-ofMcF2_task-JogB_acq-EPIlowcov_run-0_bold.nii.gz,EPIlowcov,EPIlowcov,func,0.0,ofMcF2,4008,JogB,BOLD,Unprocessed,Unprocessed,4008_ofMcF2_bold,BOLD,5.45771,1.0
61,/home/nexus/data_scratch/irsabi/bids_collapsed/sub-4008/ses-ofMpF/func/sub-4008_ses-ofMpF_task-JogB_acq-EPIlowcov_run-1_cbv.nii.gz,EPIlowcov,EPIlowcov,func,1.0,ofMpF,4008,JogB,CBV,Unprocessed,Unprocessed,4008_ofMpF_cbv,CBV,5.19911,1.0
62,/home/nexus/data_scratch/irsabi/bids_collapsed/sub-4008/ses-ofMpF/func/sub-4008_ses-ofMpF_task-JogB_acq-EPIlowcov_run-0_bold.nii.gz,EPIlowcov,EPIlowcov,func,0.0,ofMpF,4008,JogB,BOLD,Unprocessed,Unprocessed,4008_ofMpF_bold,BOLD,5.79846,1.0
64,/home/nexus/data_scratch/irsabi/bids_collapsed/sub-4008/ses-ofMaF/func/sub-4008_ses-ofMaF_task-JogB_acq-EPIlowcov_run-1_cbv.nii.gz,EPIlowcov,EPIlowcov,func,1.0,ofMaF,4008,JogB,CBV,Unprocessed,Unprocessed,4008_ofMaF_cbv,CBV,5.19905,1.0
65,/home/nexus/data_scratch/irsabi/bids_collapsed/sub-4008/ses-ofMaF/func/sub-4008_ses-ofMaF_task-JogB_acq-EPIlowcov_run-0_bold.nii.gz,EPIlowcov,EPIlowcov,func,0.0,ofMaF,4008,JogB,BOLD,Unprocessed,Unprocessed,4008_ofMaF_bold,BOLD,5.44599,1.0
67,/home/nexus/data_scratch/irsabi/bids_collapsed/sub-4008/ses-ofM/func/sub-4008_ses-ofM_task-JogB_acq-EPIlowcov_run-1_cbv.nii.gz,EPIlowcov,EPIlowcov,func,1.0,ofM,4008,JogB,CBV,Unprocessed,Unprocessed,4008_ofM_cbv,CBV,4.96027,1.0
68,/home/nexus/data_scratch/irsabi/bids_collapsed/sub-4008/ses-ofM/func/sub-4008_ses-ofM_task-JogB_acq-EPIlowcov_run-0_bold.nii.gz,EPIlowcov,EPIlowcov,func,0.0,ofM,4008,JogB,BOLD,Unprocessed,Unprocessed,4008_ofM_bold,BOLD,5.46717,1.0
70,/home/nexus/data_scratch/irsabi/bids_collapsed/sub-4008/ses-ofMcF1/func/sub-4008_ses-ofMcF1_task-JogB_acq-EPIlowcov_run-1_cbv.nii.gz,EPIlowcov,EPIlowcov,func,1.0,ofMcF1,4008,JogB,CBV,Unprocessed,Unprocessed,4008_ofMcF1_cbv,CBV,5.41516,1.0
71,/home/nexus/data_scratch/irsabi/bids_collapsed/sub-4008/ses-ofMcF1/func/sub-4008_ses-ofMcF1_task-JogB_acq-EPIlowcov_run-0_bold.nii.gz,EPIlowcov,EPIlowcov,func,0.0,ofMcF1,4008,JogB,BOLD,Unprocessed,Unprocessed,4008_ofMcF1_bold,BOLD,5.67312,1.0
73,/home/nexus/data_scratch/irsabi/bids_collapsed/sub-4011/ses-ofMcF2/func/sub-4011_ses-ofMcF2_task-JogB_acq-EPIlowcov_run-0_bold.nii.gz,EPIlowcov,EPIlowcov,func,0.0,ofMcF2,4011,JogB,BOLD,Unprocessed,Unprocessed,4011_ofMcF2_bold,BOLD,5.73033,1.0
74,/home/nexus/data_scratch/irsabi/bids_collapsed/sub-4011/ses-ofMcF2/func/sub-4011_ses-ofMcF2_task-JogB_acq-EPIlowcov_run-1_cbv.nii.gz,EPIlowcov,EPIlowcov,func,1.0,ofMcF2,4011,JogB,CBV,Unprocessed,Unprocessed,4011_ofMcF2_cbv,CBV,4.97723,1.0
76,/home/nexus/data_scratch/irsabi/bids_collapsed/sub-4011/ses-ofMaF/func/sub-4011_ses-ofMaF_task-JogB_acq-EPIlowcov_run-1_cbv.nii.gz,EPIlowcov,EPIlowcov,func,1.0,ofMaF,4011,JogB,CBV,Unprocessed,Unprocessed,4011_ofMaF_cbv,CBV,4.40642,1.0
77,/home/nexus/data_scratch/irsabi/bids_collapsed/sub-4011/ses-ofMaF/func/sub-4011_ses-ofMaF_task-JogB_acq-EPIlowcov_run-0_bold.nii.gz,EPIlowcov,EPIlowcov,func,0.0,ofMaF,4011,JogB,BOLD,Unprocessed,Unprocessed,4011_ofMaF_bold,BOLD,5.37516,1.0
79,/home/nexus/data_scratch/irsabi/bids_collapsed/sub-4011/ses-ofM/func/sub-4011_ses-ofM_task-JogB_acq-EPIlowcov_run-0_bold.nii.gz,EPIlowcov,EPIlowcov,func,0.0,ofM,4011,JogB,BOLD,Unprocessed,Unprocessed,4011_ofM_bold,BOLD,5.35388,1.0
80,/home/nexus/data_scratch/irsabi/bids_collapsed/sub-4011/ses-ofM/func/sub-4011_ses-ofM_task-JogB_acq-EPIlowcov_run-1_cbv.nii.gz,EPIlowcov,EPIlowcov,func,1.0,ofM,4011,JogB,CBV,Unprocessed,Unprocessed,4011_ofM_cbv,CBV,4.42478,1.0
82,/home/nexus/data_scratch/irsabi/bids_collapsed/sub-4011/ses-ofMcF1/func/sub-4011_ses-ofMcF1_task-JogB_acq-EPIlowcov_run-0_bold.nii.gz,EPIlowcov,EPIlowcov,func,0.0,ofMcF1,4011,JogB,BOLD,Unprocessed,Unprocessed,4011_ofMcF1_bold,BOLD,5.69192,1.0
83,/home/nexus/data_scratch/irsabi/bids_collapsed/sub-4011/ses-ofMcF1/func/sub-4011_ses-ofMcF1_task-JogB_acq-EPIlowcov_run-1_cbv.nii.gz,EPIlowcov,EPIlowcov,func,1.0,ofMcF1,4011,JogB,CBV,Unprocessed,Unprocessed,4011_ofMcF1_cbv,CBV,5.28891,1.0
85,/home/nexus/data_scratch/irsabi/bids_collapsed/sub-4012/ses-ofMcF2/func/sub-4012_ses-ofMcF2_task-JogB_acq-EPIlowcov_run-1_cbv.nii.gz,EPIlowcov,EPIlowcov,func,1.0,ofMcF2,4012,JogB,CBV,Unprocessed,Unprocessed,4012_ofMcF2_cbv,CBV,5.35246,1.0
86,/home/nexus/data_scratch/irsabi/bids_collapsed/sub-4012/ses-ofMcF2/func/sub-4012_ses-ofMcF2_task-JogB_acq-EPIlowcov_run-0_bold.nii.gz,EPIlowcov,EPIlowcov,func,0.0,ofMcF2,4012,JogB,BOLD,Unprocessed,Unprocessed,4012_ofMcF2_bold,BOLD,5.44741,1.0
88,/home/nexus/data_scratch/irsabi/bids_collapsed/sub-4012/ses-ofMpF/func/sub-4012_ses-ofMpF_task-JogB_acq-EPIlowcov_run-0_bold.nii.gz,EPIlowcov,EPIlowcov,func,0.0,ofMpF,4012,JogB,BOLD,Unprocessed,Unprocessed,4012_ofMpF_bold,BOLD,5.38796,1.0
89,/home/nexus/data_scratch/irsabi/bids_collapsed/sub-4012/ses-ofMpF/func/sub-4012_ses-ofMpF_task-JogB_acq-EPIlowcov_run-1_cbv.nii.gz,EPIlowcov,EPIlowcov,func,1.0,ofMpF,4012,JogB,CBV,Unprocessed,Unprocessed,4012_ofMpF_cbv,CBV,4.73145,1.0
91,/home/nexus/data_scratch/irsabi/bids_collapsed/sub-4012/ses-ofMaF/func/sub-4012_ses-ofMaF_task-JogB_acq-EPIlowcov_run-0_bold.nii.gz,EPIlowcov,EPIlowcov,func,0.0,ofMaF,4012,JogB,BOLD,Unprocessed,Unprocessed,4012_ofMaF_bold,BOLD,5.42232,1.0
92,/home/nexus/data_scratch/irsabi/bids_collapsed/sub-4012/ses-ofMaF/func/sub-4012_ses-ofMaF_task-JogB_acq-EPIlowcov_run-1_cbv.nii.gz,EPIlowcov,EPIlowcov,func,1.0,ofMaF,4012,JogB,CBV,Unprocessed,Unprocessed,4012_ofMaF_cbv,CBV,4.79093,1.0
95,/home/nexus/data_scratch/irsabi/bids_collapsed/sub-4012/ses-ofM/func/sub-4012_ses-ofM_task-JogB_acq-EPIlowcov_run-0_bold.nii.gz,EPIlowcov,EPIlowcov,func,0.0,ofM,4012,JogB,BOLD,Unprocessed,Unprocessed,4012_ofM_bold,BOLD,5.29318,1.0
96,/home/nexus/data_scratch/irsabi/bids_collapsed/sub-4012/ses-ofM/func/sub-4012_ses-ofM_task-JogB_acq-EPIlowcov_run-1_cbv.nii.gz,EPIlowcov,EPIlowcov,func,1.0,ofM,4012,JogB,CBV,Unprocessed,Unprocessed,4012_ofM_cbv,CBV,4.50744,1.0
98,/home/nexus/data_scratch/irsabi/bids_collapsed/sub-4012/ses-ofMcF1/func/sub-4012_ses-ofMcF1_task-JogB_acq-EPIlowcov_run-0_bold.nii.gz,EPIlowcov,EPIlowcov,func,0.0,ofMcF1,4012,JogB,BOLD,Unprocessed,Unprocessed,4012_ofMcF1_bold,BOLD,5.42741,1.0
99,/home/nexus/data_scratch/irsabi/bids_collapsed/sub-4012/ses-ofMcF1/func/sub-4012_ses-ofMcF1_task-JogB_acq-EPIlowcov_run-1_cbv.nii.gz,EPIlowcov,EPIlowcov,func,1.0,ofMcF1,4012,JogB,CBV,Unprocessed,Unprocessed,4012_ofMcF1_cbv,CBV,4.93237,1.0
101,/home/nexus/data_scratch/irsabi/bids_collapsed/sub-4013/ses-ofM/func/sub-4013_ses-ofM_task-JogB_acq-EPIlowcov_run-1_cbv.nii.gz,EPIlowcov,EPIlowcov,func,1.0,ofM,4013,JogB,CBV,Unprocessed,Unprocessed,4013_ofM_cbv,CBV,4.31767,1.0
102,/home/nexus/data_scratch/irsabi/bids_collapsed/sub-4013/ses-ofM/func/sub-4013_ses-ofM_task-JogB_acq-EPIlowcov_run-0_bold.nii.gz,EPIlowcov,EPIlowcov,func,0.0,ofM,4013,JogB,BOLD,Unprocessed,Unprocessed,4013_ofM_bold,BOLD,5.03679,1.0
