,acquisition,path,Session,CC,Subject,GC,MI,Processing
0,EPIlowcov_run-0_bold,/home/hendrik/.scratch/mlebe/preprocessing/generic_collapsed/sub-4001/ses-ofM/func/sub-4001_ses-ofM_task-JogB_acq-EPIlowcov_run-0_bold.nii.gz,ofM,-0.510788,4001,-0.426866,-0.126931,Generic
1,EPIlowcov_run-1_cbv,/home/hendrik/.scratch/mlebe/preprocessing/generic_collapsed/sub-4001/ses-ofM/func/sub-4001_ses-ofM_task-JogB_acq-EPIlowcov_run-1_cbv.nii.gz,ofM,-0.493576,4001,-0.390092,-0.126559,Generic
2,EPIlowcov_run-0_bold,/home/hendrik/.scratch/mlebe/preprocessing/generic_collapsed/sub-4001/ses-ofMaF/func/sub-4001_ses-ofMaF_task-JogB_acq-EPIlowcov_run-0_bold.nii.gz,ofMaF,-0.512618,4001,-0.417895,-0.130382,Generic
3,EPIlowcov_run-1_cbv,/home/hendrik/.scratch/mlebe/preprocessing/generic_collapsed/sub-4001/ses-ofMaF/func/sub-4001_ses-ofMaF_task-JogB_acq-EPIlowcov_run-1_cbv.nii.gz,ofMaF,-0.49283,4001,-0.391111,-0.121899,Generic
4,EPIlowcov_run-0_bold,/home/hendrik/.scratch/mlebe/preprocessing/generic_collapsed/sub-4001/ses-ofMcF1/func/sub-4001_ses-ofMcF1_task-JogB_acq-EPIlowcov_run-0_bold.nii.gz,ofMcF1,-0.51061,4001,-0.416411,-0.130652,Generic
5,EPIlowcov_run-1_cbv,/home/hendrik/.scratch/mlebe/preprocessing/generic_collapsed/sub-4001/ses-ofMcF1/func/sub-4001_ses-ofMcF1_task-JogB_acq-EPIlowcov_run-1_cbv.nii.gz,ofMcF1,-0.494611,4001,-0.386222,-0.114859,Generic
6,EPIlowcov_run-0_bold,/home/hendrik/.scratch/mlebe/preprocessing/generic_collapsed/sub-4001/ses-ofMcF2/func/sub-4001_ses-ofMcF2_task-JogB_acq-EPIlowcov_run-0_bold.nii.gz,ofMcF2,-0.486613,4001,-0.346765,-0.0811293,Generic
7,EPIlowcov_run-1_cbv,/home/hendrik/.scratch/mlebe/preprocessing/generic_collapsed/sub-4001/ses-ofMcF2/func/sub-4001_ses-ofMcF2_task-JogB_acq-EPIlowcov_run-1_cbv.nii.gz,ofMcF2,-0.495561,4001,-0.367467,-0.101271,Generic
8,EPIlowcov_run-0_bold,/home/hendrik/.scratch/mlebe/preprocessing/generic_collapsed/sub-4002/ses-ofM/func/sub-4002_ses-ofM_task-JogB_acq-EPIlowcov_run-0_bold.nii.gz,ofM,-0.518014,4002,-0.409396,-0.133716,Generic
9,EPIlowcov_run-1_cbv,/home/hendrik/.scratch/mlebe/preprocessing/generic_collapsed/sub-4002/ses-ofM/func/sub-4002_ses-ofM_task-JogB_acq-EPIlowcov_run-1_cbv.nii.gz,ofM,-0.509997,4002,-0.396483,-0.129768,Generic
10,EPIlowcov_run-0_bold,/home/hendrik/.scratch/mlebe/preprocessing/generic_collapsed/sub-4004/ses-ofM/func/sub-4004_ses-ofM_task-JogB_acq-EPIlowcov_run-0_bold.nii.gz,ofM,-0.507531,4004,-0.405249,-0.137486,Generic
11,EPIlowcov_run-1_cbv,/home/hendrik/.scratch/mlebe/preprocessing/generic_collapsed/sub-4004/ses-ofM/func/sub-4004_ses-ofM_task-JogB_acq-EPIlowcov_run-1_cbv.nii.gz,ofM,-0.483795,4004,-0.353622,-0.109843,Generic
12,EPIlowcov_run-0_bold,/home/hendrik/.scratch/mlebe/preprocessing/generic_collapsed/sub-4005/ses-ofM/func/sub-4005_ses-ofM_task-JogB_acq-EPIlowcov_run-0_bold.nii.gz,ofM,-0.517379,4005,-0.387402,-0.126965,Generic
13,EPIlowcov_run-1_cbv,/home/hendrik/.scratch/mlebe/preprocessing/generic_collapsed/sub-4005/ses-ofM/func/sub-4005_ses-ofM_task-JogB_acq-EPIlowcov_run-1_cbv.nii.gz,ofM,-0.497266,4005,-0.366467,-0.111244,Generic
14,EPIlowcov_run-0_bold,/home/hendrik/.scratch/mlebe/preprocessing/generic_collapsed/sub-4005/ses-ofMaF/func/sub-4005_ses-ofMaF_task-JogB_acq-EPIlowcov_run-0_bold.nii.gz,ofMaF,-0.524749,4005,-0.402074,-0.131135,Generic
15,EPIlowcov_run-1_cbv,/home/hendrik/.scratch/mlebe/preprocessing/generic_collapsed/sub-4005/ses-ofMaF/func/sub-4005_ses-ofMaF_task-JogB_acq-EPIlowcov_run-1_cbv.nii.gz,ofMaF,-0.511923,4005,-0.388567,-0.116097,Generic
16,EPIlowcov_run-0_bold,/home/hendrik/.scratch/mlebe/preprocessing/generic_collapsed/sub-4006/ses-ofM/func/sub-4006_ses-ofM_task-JogB_acq-EPIlowcov_run-0_bold.nii.gz,ofM,-0.508102,4006,-0.376899,-0.12405,Generic
17,EPIlowcov_run-1_cbv,/home/hendrik/.scratch/mlebe/preprocessing/generic_collapsed/sub-4006/ses-ofM/func/sub-4006_ses-ofM_task-JogB_acq-EPIlowcov_run-1_cbv.nii.gz,ofM,-0.476876,4006,-0.345458,-0.116533,Generic
18,EPIlowcov_run-0_bold,/home/hendrik/.scratch/mlebe/preprocessing/generic_collapsed/sub-4007/ses-ofM/func/sub-4007_ses-ofM_task-JogB_acq-EPIlowcov_run-0_bold.nii.gz,ofM,-0.507477,4007,-0.405251,-0.122586,Generic
19,EPIlowcov_run-1_cbv,/home/hendrik/.scratch/mlebe/preprocessing/generic_collapsed/sub-4007/ses-ofM/func/sub-4007_ses-ofM_task-JogB_acq-EPIlowcov_run-1_cbv.nii.gz,ofM,-0.485765,4007,-0.376251,-0.110528,Generic
20,EPIlowcov_run-0_bold,/home/hendrik/.scratch/mlebe/preprocessing/generic_collapsed/sub-4007/ses-ofMaF/func/sub-4007_ses-ofMaF_task-JogB_acq-EPIlowcov_run-0_bold.nii.gz,ofMaF,-0.512414,4007,-0.418384,-0.14616,Generic
21,EPIlowcov_run-1_cbv,/home/hendrik/.scratch/mlebe/preprocessing/generic_collapsed/sub-4007/ses-ofMaF/func/sub-4007_ses-ofMaF_task-JogB_acq-EPIlowcov_run-1_cbv.nii.gz,ofMaF,-0.491093,4007,-0.386084,-0.123246,Generic
22,EPIlowcov_run-0_bold,/home/hendrik/.scratch/mlebe/preprocessing/generic_collapsed/sub-4007/ses-ofMcF1/func/sub-4007_ses-ofMcF1_task-JogB_acq-EPIlowcov_run-0_bold.nii.gz,ofMcF1,-0.520771,4007,-0.394331,-0.150926,Generic
23,EPIlowcov_run-1_cbv,/home/hendrik/.scratch/mlebe/preprocessing/generic_collapsed/sub-4007/ses-ofMcF1/func/sub-4007_ses-ofMcF1_task-JogB_acq-EPIlowcov_run-1_cbv.nii.gz,ofMcF1,-0.512222,4007,-0.386076,-0.139783,Generic
24,EPIlowcov_run-0_bold,/home/hendrik/.scratch/mlebe/preprocessing/generic_collapsed/sub-4007/ses-ofMcF2/func/sub-4007_ses-ofMcF2_task-JogB_acq-EPIlowcov_run-0_bold.nii.gz,ofMcF2,-0.508498,4007,-0.43187,-0.169853,Generic
25,EPIlowcov_run-1_cbv,/home/hendrik/.scratch/mlebe/preprocessing/generic_collapsed/sub-4007/ses-ofMcF2/func/sub-4007_ses-ofMcF2_task-JogB_acq-EPIlowcov_run-1_cbv.nii.gz,ofMcF2,-0.491178,4007,-0.398306,-0.13516,Generic
26,EPIlowcov_run-0_bold,/home/hendrik/.scratch/mlebe/preprocessing/generic_collapsed/sub-4007/ses-ofMpF/func/sub-4007_ses-ofMpF_task-JogB_acq-EPIlowcov_run-0_bold.nii.gz,ofMpF,-0.506347,4007,-0.402651,-0.126646,Generic
27,EPIlowcov_run-1_cbv,/home/hendrik/.scratch/mlebe/preprocessing/generic_collapsed/sub-4007/ses-ofMpF/func/sub-4007_ses-ofMpF_task-JogB_acq-EPIlowcov_run-1_cbv.nii.gz,ofMpF,-0.494743,4007,-0.373146,-0.112328,Generic
28,EPIlowcov_run-0_bold,/home/hendrik/.scratch/mlebe/preprocessing/generic_collapsed/sub-4008/ses-ofM/func/sub-4008_ses-ofM_task-JogB_acq-EPIlowcov_run-0_bold.nii.gz,ofM,-0.516483,4008,-0.426047,-0.152969,Generic
29,EPIlowcov_run-1_cbv,/home/hendrik/.scratch/mlebe/preprocessing/generic_collapsed/sub-4008/ses-ofM/func/sub-4008_ses-ofM_task-JogB_acq-EPIlowcov_run-1_cbv.nii.gz,ofM,-0.484232,4008,-0.365778,-0.117747,Generic
30,EPIlowcov_run-0_bold,/home/hendrik/.scratch/mlebe/preprocessing/generic_collapsed/sub-4008/ses-ofMaF/func/sub-4008_ses-ofMaF_task-JogB_acq-EPIlowcov_run-0_bold.nii.gz,ofMaF,-0.521098,4008,-0.402745,-0.142879,Generic
31,EPIlowcov_run-1_cbv,/home/hendrik/.scratch/mlebe/preprocessing/generic_collapsed/sub-4008/ses-ofMaF/func/sub-4008_ses-ofMaF_task-JogB_acq-EPIlowcov_run-1_cbv.nii.gz,ofMaF,-0.497789,4008,-0.354781,-0.120185,Generic
32,EPIlowcov_run-0_bold,/home/hendrik/.scratch/mlebe/preprocessing/generic_collapsed/sub-4008/ses-ofMcF1/func/sub-4008_ses-ofMcF1_task-JogB_acq-EPIlowcov_run-0_bold.nii.gz,ofMcF1,-0.517496,4008,-0.410404,-0.135591,Generic
33,EPIlowcov_run-1_cbv,/home/hendrik/.scratch/mlebe/preprocessing/generic_collapsed/sub-4008/ses-ofMcF1/func/sub-4008_ses-ofMcF1_task-JogB_acq-EPIlowcov_run-1_cbv.nii.gz,ofMcF1,-0.504038,4008,-0.380911,-0.124559,Generic
34,EPIlowcov_run-0_bold,/home/hendrik/.scratch/mlebe/preprocessing/generic_collapsed/sub-4008/ses-ofMcF2/func/sub-4008_ses-ofMcF2_task-JogB_acq-EPIlowcov_run-0_bold.nii.gz,ofMcF2,-0.515346,4008,-0.40991,-0.146606,Generic
35,EPIlowcov_run-1_cbv,/home/hendrik/.scratch/mlebe/preprocessing/generic_collapsed/sub-4008/ses-ofMcF2/func/sub-4008_ses-ofMcF2_task-JogB_acq-EPIlowcov_run-1_cbv.nii.gz,ofMcF2,-0.493519,4008,-0.385625,-0.125877,Generic
36,EPIlowcov_run-0_bold,/home/hendrik/.scratch/mlebe/preprocessing/generic_collapsed/sub-4008/ses-ofMpF/func/sub-4008_ses-ofMpF_task-JogB_acq-EPIlowcov_run-0_bold.nii.gz,ofMpF,-0.528954,4008,-0.409986,-0.151085,Generic
37,EPIlowcov_run-1_cbv,/home/hendrik/.scratch/mlebe/preprocessing/generic_collapsed/sub-4008/ses-ofMpF/func/sub-4008_ses-ofMpF_task-JogB_acq-EPIlowcov_run-1_cbv.nii.gz,ofMpF,-0.475133,4008,-0.332846,-0.10732,Generic
38,EPIlowcov_run-0_bold,/home/hendrik/.scratch/mlebe/preprocessing/generic_collapsed/sub-4009/ses-ofM/func/sub-4009_ses-ofM_task-JogB_acq-EPIlowcov_run-0_bold.nii.gz,ofM,-0.516362,4009,-0.424632,-0.149298,Generic
39,EPIlowcov_run-1_cbv,/home/hendrik/.scratch/mlebe/preprocessing/generic_collapsed/sub-4009/ses-ofM/func/sub-4009_ses-ofM_task-JogB_acq-EPIlowcov_run-1_cbv.nii.gz,ofM,-0.483146,4009,-0.336331,-0.119232,Generic
40,EPIlowcov_run-0_bold,/home/hendrik/.scratch/mlebe/preprocessing/generic_collapsed/sub-4009/ses-ofMaF/func/sub-4009_ses-ofMaF_task-JogB_acq-EPIlowcov_run-0_bold.nii.gz,ofMaF,-0.517323,4009,-0.400877,-0.13898,Generic
41,EPIlowcov_run-1_cbv,/home/hendrik/.scratch/mlebe/preprocessing/generic_collapsed/sub-4009/ses-ofMaF/func/sub-4009_ses-ofMaF_task-JogB_acq-EPIlowcov_run-1_cbv.nii.gz,ofMaF,-0.488172,4009,-0.327577,-0.108768,Generic
42,EPIlowcov_run-0_bold,/home/hendrik/.scratch/mlebe/preprocessing/generic_collapsed/sub-4009/ses-ofMcF1/func/sub-4009_ses-ofMcF1_task-JogB_acq-EPIlowcov_run-0_bold.nii.gz,ofMcF1,-0.515978,4009,-0.403811,-0.137969,Generic
43,EPIlowcov_run-1_cbv,/home/hendrik/.scratch/mlebe/preprocessing/generic_collapsed/sub-4009/ses-ofMcF1/func/sub-4009_ses-ofMcF1_task-JogB_acq-EPIlowcov_run-1_cbv.nii.gz,ofMcF1,-0.492621,4009,-0.376971,-0.128212,Generic
44,EPIlowcov_run-0_bold,/home/hendrik/.scratch/mlebe/preprocessing/generic_collapsed/sub-4009/ses-ofMcF2/func/sub-4009_ses-ofMcF2_task-JogB_acq-EPIlowcov_run-0_bold.nii.gz,ofMcF2,-0.494226,4009,-0.351923,-0.106861,Generic
45,EPIlowcov_run-1_cbv,/home/hendrik/.scratch/mlebe/preprocessing/generic_collapsed/sub-4009/ses-ofMcF2/func/sub-4009_ses-ofMcF2_task-JogB_acq-EPIlowcov_run-1_cbv.nii.gz,ofMcF2,-0.456238,4009,-0.305889,-0.0878296,Generic
46,EPIlowcov_run-0_bold,/home/hendrik/.scratch/mlebe/preprocessing/generic_collapsed/sub-4009/ses-ofMpF/func/sub-4009_ses-ofMpF_task-JogB_acq-EPIlowcov_run-0_bold.nii.gz,ofMpF,-0.507995,4009,-0.418034,-0.142357,Generic
47,EPIlowcov_run-1_cbv,/home/hendrik/.scratch/mlebe/preprocessing/generic_collapsed/sub-4009/ses-ofMpF/func/sub-4009_ses-ofMpF_task-JogB_acq-EPIlowcov_run-1_cbv.nii.gz,ofMpF,-0.493016,4009,-0.379483,-0.122355,Generic
48,EPIlowcov_run-0_bold,/home/hendrik/.scratch/mlebe/preprocessing/generic_collapsed/sub-4011/ses-ofM/func/sub-4011_ses-ofM_task-JogB_acq-EPIlowcov_run-0_bold.nii.gz,ofM,-0.490521,4011,-0.388215,-0.126451,Generic
49,EPIlowcov_run-1_cbv,/home/hendrik/.scratch/mlebe/preprocessing/generic_collapsed/sub-4011/ses-ofM/func/sub-4011_ses-ofM_task-JogB_acq-EPIlowcov_run-1_cbv.nii.gz,ofM,-0.453465,4011,-0.317588,-0.0998672,Generic
50,EPIlowcov_run-0_bold,/home/hendrik/.scratch/mlebe/preprocessing/generic_collapsed/sub-4011/ses-ofMaF/func/sub-4011_ses-ofMaF_task-JogB_acq-EPIlowcov_run-0_bold.nii.gz,ofMaF,-0.486474,4011,-0.363741,-0.111906,Generic
51,EPIlowcov_run-1_cbv,/home/hendrik/.scratch/mlebe/preprocessing/generic_collapsed/sub-4011/ses-ofMaF/func/sub-4011_ses-ofMaF_task-JogB_acq-EPIlowcov_run-1_cbv.nii.gz,ofMaF,-0.457844,4011,-0.28728,-0.0770685,Generic
52,EPIlowcov_run-0_bold,/home/hendrik/.scratch/mlebe/preprocessing/generic_collapsed/sub-4011/ses-ofMcF1/func/sub-4011_ses-ofMcF1_task-JogB_acq-EPIlowcov_run-0_bold.nii.gz,ofMcF1,-0.524074,4011,-0.429497,-0.15971,Generic
53,EPIlowcov_run-1_cbv,/home/hendrik/.scratch/mlebe/preprocessing/generic_collapsed/sub-4011/ses-ofMcF1/func/sub-4011_ses-ofMcF1_task-JogB_acq-EPIlowcov_run-1_cbv.nii.gz,ofMcF1,-0.486254,4011,-0.349004,-0.116624,Generic
54,EPIlowcov_run-0_bold,/home/hendrik/.scratch/mlebe/preprocessing/generic_collapsed/sub-4011/ses-ofMcF2/func/sub-4011_ses-ofMcF2_task-JogB_acq-EPIlowcov_run-0_bold.nii.gz,ofMcF2,-0.494146,4011,-0.397902,-0.145954,Generic
55,EPIlowcov_run-1_cbv,/home/hendrik/.scratch/mlebe/preprocessing/generic_collapsed/sub-4011/ses-ofMcF2/func/sub-4011_ses-ofMcF2_task-JogB_acq-EPIlowcov_run-1_cbv.nii.gz,ofMcF2,-0.470132,4011,-0.300414,-0.0957968,Generic
56,EPIlowcov_run-0_bold,/home/hendrik/.scratch/mlebe/preprocessing/generic_collapsed/sub-4012/ses-ofM/func/sub-4012_ses-ofM_task-JogB_acq-EPIlowcov_run-0_bold.nii.gz,ofM,-0.471758,4012,-0.407639,-0.148019,Generic
57,EPIlowcov_run-1_cbv,/home/hendrik/.scratch/mlebe/preprocessing/generic_collapsed/sub-4012/ses-ofM/func/sub-4012_ses-ofM_task-JogB_acq-EPIlowcov_run-1_cbv.nii.gz,ofM,-0.416155,4012,-0.2235,-0.0773213,Generic
58,EPIlowcov_run-0_bold,/home/hendrik/.scratch/mlebe/preprocessing/generic_collapsed/sub-4012/ses-ofMaF/func/sub-4012_ses-ofMaF_task-JogB_acq-EPIlowcov_run-0_bold.nii.gz,ofMaF,-0.510939,4012,-0.418526,-0.138906,Generic
59,EPIlowcov_run-1_cbv,/home/hendrik/.scratch/mlebe/preprocessing/generic_collapsed/sub-4012/ses-ofMaF/func/sub-4012_ses-ofMaF_task-JogB_acq-EPIlowcov_run-1_cbv.nii.gz,ofMaF,-0.492602,4012,-0.380266,-0.124315,Generic
60,EPIlowcov_run-0_bold,/home/hendrik/.scratch/mlebe/preprocessing/generic_collapsed/sub-4012/ses-ofMcF1/func/sub-4012_ses-ofMcF1_task-JogB_acq-EPIlowcov_run-0_bold.nii.gz,ofMcF1,-0.523674,4012,-0.416091,-0.149901,Generic
61,EPIlowcov_run-1_cbv,/home/hendrik/.scratch/mlebe/preprocessing/generic_collapsed/sub-4012/ses-ofMcF1/func/sub-4012_ses-ofMcF1_task-JogB_acq-EPIlowcov_run-1_cbv.nii.gz,ofMcF1,-0.507557,4012,-0.377146,-0.130927,Generic
62,EPIlowcov_run-0_bold,/home/hendrik/.scratch/mlebe/preprocessing/generic_collapsed/sub-4012/ses-ofMcF2/func/sub-4012_ses-ofMcF2_task-JogB_acq-EPIlowcov_run-0_bold.nii.gz,ofMcF2,-0.513477,4012,-0.416024,-0.148117,Generic
63,EPIlowcov_run-1_cbv,/home/hendrik/.scratch/mlebe/preprocessing/generic_collapsed/sub-4012/ses-ofMcF2/func/sub-4012_ses-ofMcF2_task-JogB_acq-EPIlowcov_run-1_cbv.nii.gz,ofMcF2,-0.496343,4012,-0.383172,-0.133791,Generic
64,EPIlowcov_run-0_bold,/home/hendrik/.scratch/mlebe/preprocessing/generic_collapsed/sub-4012/ses-ofMpF/func/sub-4012_ses-ofMpF_task-JogB_acq-EPIlowcov_run-0_bold.nii.gz,ofMpF,-0.505215,4012,-0.393336,-0.134986,Generic
65,EPIlowcov_run-1_cbv,/home/hendrik/.scratch/mlebe/preprocessing/generic_collapsed/sub-4012/ses-ofMpF/func/sub-4012_ses-ofMpF_task-JogB_acq-EPIlowcov_run-1_cbv.nii.gz,ofMpF,-0.4763,4012,-0.336019,-0.098448,Generic
66,EPIlowcov_run-0_bold,/home/hendrik/.scratch/mlebe/preprocessing/generic_collapsed/sub-4013/ses-ofM/func/sub-4013_ses-ofM_task-JogB_acq-EPIlowcov_run-0_bold.nii.gz,ofM,-0.459916,4013,-0.372159,-0.110307,Generic
67,EPIlowcov_run-1_cbv,/home/hendrik/.scratch/mlebe/preprocessing/generic_collapsed/sub-4013/ses-ofM/func/sub-4013_ses-ofM_task-JogB_acq-EPIlowcov_run-1_cbv.nii.gz,ofM,-0.445172,4013,-0.321469,-0.086574,Generic
0,EPIlowcov_run-0_bold,/home/hendrik/.scratch/mlebe/preprocessing/masked_collapsed/sub-4001/ses-ofM/func/sub-4001_ses-ofM_task-JogB_acq-EPIlowcov_run-0_bold.nii.gz,ofM,-0.524207,4001,-0.413798,-0.126872,Masked
1,EPIlowcov_run-1_cbv,/home/hendrik/.scratch/mlebe/preprocessing/masked_collapsed/sub-4001/ses-ofM/func/sub-4001_ses-ofM_task-JogB_acq-EPIlowcov_run-1_cbv.nii.gz,ofM,-0.50153,4001,-0.367058,-0.123336,Masked
2,EPIlowcov_run-0_bold,/home/hendrik/.scratch/mlebe/preprocessing/masked_collapsed/sub-4001/ses-ofMaF/func/sub-4001_ses-ofMaF_task-JogB_acq-EPIlowcov_run-0_bold.nii.gz,ofMaF,-0.526637,4001,-0.411818,-0.129185,Masked
3,EPIlowcov_run-1_cbv,/home/hendrik/.scratch/mlebe/preprocessing/masked_collapsed/sub-4001/ses-ofMaF/func/sub-4001_ses-ofMaF_task-JogB_acq-EPIlowcov_run-1_cbv.nii.gz,ofMaF,-0.506631,4001,-0.38325,-0.120037,Masked
4,EPIlowcov_run-0_bold,/home/hendrik/.scratch/mlebe/preprocessing/masked_collapsed/sub-4001/ses-ofMcF1/func/sub-4001_ses-ofMcF1_task-JogB_acq-EPIlowcov_run-0_bold.nii.gz,ofMcF1,-0.528076,4001,-0.3972,-0.133125,Masked
5,EPIlowcov_run-1_cbv,/home/hendrik/.scratch/mlebe/preprocessing/masked_collapsed/sub-4001/ses-ofMcF1/func/sub-4001_ses-ofMcF1_task-JogB_acq-EPIlowcov_run-1_cbv.nii.gz,ofMcF1,-0.503734,4001,-0.374986,-0.11345,Masked
6,EPIlowcov_run-0_bold,/home/hendrik/.scratch/mlebe/preprocessing/masked_collapsed/sub-4001/ses-ofMcF2/func/sub-4001_ses-ofMcF2_task-JogB_acq-EPIlowcov_run-0_bold.nii.gz,ofMcF2,-0.513665,4001,-0.350293,-0.0875071,Masked
7,EPIlowcov_run-1_cbv,/home/hendrik/.scratch/mlebe/preprocessing/masked_collapsed/sub-4001/ses-ofMcF2/func/sub-4001_ses-ofMcF2_task-JogB_acq-EPIlowcov_run-1_cbv.nii.gz,ofMcF2,-0.490878,4001,-0.349512,-0.0981828,Masked
8,EPIlowcov_run-0_bold,/home/hendrik/.scratch/mlebe/preprocessing/masked_collapsed/sub-4002/ses-ofM/func/sub-4002_ses-ofM_task-JogB_acq-EPIlowcov_run-0_bold.nii.gz,ofM,-0.538597,4002,-0.405569,-0.137379,Masked
9,EPIlowcov_run-1_cbv,/home/hendrik/.scratch/mlebe/preprocessing/masked_collapsed/sub-4002/ses-ofM/func/sub-4002_ses-ofM_task-JogB_acq-EPIlowcov_run-1_cbv.nii.gz,ofM,-0.513567,4002,-0.368518,-0.125975,Masked
10,EPIlowcov_run-0_bold,/home/hendrik/.scratch/mlebe/preprocessing/masked_collapsed/sub-4004/ses-ofM/func/sub-4004_ses-ofM_task-JogB_acq-EPIlowcov_run-0_bold.nii.gz,ofM,-0.518268,4004,-0.390043,-0.138376,Masked
11,EPIlowcov_run-1_cbv,/home/hendrik/.scratch/mlebe/preprocessing/masked_collapsed/sub-4004/ses-ofM/func/sub-4004_ses-ofM_task-JogB_acq-EPIlowcov_run-1_cbv.nii.gz,ofM,-0.49369,4004,-0.348364,-0.115535,Masked
12,EPIlowcov_run-0_bold,/home/hendrik/.scratch/mlebe/preprocessing/masked_collapsed/sub-4005/ses-ofM/func/sub-4005_ses-ofM_task-JogB_acq-EPIlowcov_run-0_bold.nii.gz,ofM,-0.541932,4005,-0.396577,-0.13421,Masked
13,EPIlowcov_run-1_cbv,/home/hendrik/.scratch/mlebe/preprocessing/masked_collapsed/sub-4005/ses-ofM/func/sub-4005_ses-ofM_task-JogB_acq-EPIlowcov_run-1_cbv.nii.gz,ofM,-0.510624,4005,-0.348127,-0.111284,Masked
14,EPIlowcov_run-0_bold,/home/hendrik/.scratch/mlebe/preprocessing/masked_collapsed/sub-4005/ses-ofMaF/func/sub-4005_ses-ofMaF_task-JogB_acq-EPIlowcov_run-0_bold.nii.gz,ofMaF,-0.541644,4005,-0.407673,-0.139041,Masked
15,EPIlowcov_run-1_cbv,/home/hendrik/.scratch/mlebe/preprocessing/masked_collapsed/sub-4005/ses-ofMaF/func/sub-4005_ses-ofMaF_task-JogB_acq-EPIlowcov_run-1_cbv.nii.gz,ofMaF,-0.533713,4005,-0.381297,-0.118145,Masked
16,EPIlowcov_run-0_bold,/home/hendrik/.scratch/mlebe/preprocessing/masked_collapsed/sub-4006/ses-ofM/func/sub-4006_ses-ofM_task-JogB_acq-EPIlowcov_run-0_bold.nii.gz,ofM,-0.514647,4006,-0.389381,-0.130351,Masked
17,EPIlowcov_run-1_cbv,/home/hendrik/.scratch/mlebe/preprocessing/masked_collapsed/sub-4006/ses-ofM/func/sub-4006_ses-ofM_task-JogB_acq-EPIlowcov_run-1_cbv.nii.gz,ofM,-0.491905,4006,-0.337824,-0.112457,Masked
18,EPIlowcov_run-0_bold,/home/hendrik/.scratch/mlebe/preprocessing/masked_collapsed/sub-4007/ses-ofM/func/sub-4007_ses-ofM_task-JogB_acq-EPIlowcov_run-0_bold.nii.gz,ofM,-0.519973,4007,-0.400776,-0.128709,Masked
19,EPIlowcov_run-1_cbv,/home/hendrik/.scratch/mlebe/preprocessing/masked_collapsed/sub-4007/ses-ofM/func/sub-4007_ses-ofM_task-JogB_acq-EPIlowcov_run-1_cbv.nii.gz,ofM,-0.493056,4007,-0.353572,-0.114837,Masked
20,EPIlowcov_run-0_bold,/home/hendrik/.scratch/mlebe/preprocessing/masked_collapsed/sub-4007/ses-ofMaF/func/sub-4007_ses-ofMaF_task-JogB_acq-EPIlowcov_run-0_bold.nii.gz,ofMaF,-0.525099,4007,-0.404164,-0.14688,Masked
21,EPIlowcov_run-1_cbv,/home/hendrik/.scratch/mlebe/preprocessing/masked_collapsed/sub-4007/ses-ofMaF/func/sub-4007_ses-ofMaF_task-JogB_acq-EPIlowcov_run-1_cbv.nii.gz,ofMaF,-0.501994,4007,-0.354751,-0.115617,Masked
22,EPIlowcov_run-0_bold,/home/hendrik/.scratch/mlebe/preprocessing/masked_collapsed/sub-4007/ses-ofMcF1/func/sub-4007_ses-ofMcF1_task-JogB_acq-EPIlowcov_run-0_bold.nii.gz,ofMcF1,-0.532533,4007,-0.388034,-0.150403,Masked
23,EPIlowcov_run-1_cbv,/home/hendrik/.scratch/mlebe/preprocessing/masked_collapsed/sub-4007/ses-ofMcF1/func/sub-4007_ses-ofMcF1_task-JogB_acq-EPIlowcov_run-1_cbv.nii.gz,ofMcF1,-0.518809,4007,-0.366683,-0.133915,Masked
24,EPIlowcov_run-0_bold,/home/hendrik/.scratch/mlebe/preprocessing/masked_collapsed/sub-4007/ses-ofMcF2/func/sub-4007_ses-ofMcF2_task-JogB_acq-EPIlowcov_run-0_bold.nii.gz,ofMcF2,-0.525234,4007,-0.406833,-0.160242,Masked
25,EPIlowcov_run-1_cbv,/home/hendrik/.scratch/mlebe/preprocessing/masked_collapsed/sub-4007/ses-ofMcF2/func/sub-4007_ses-ofMcF2_task-JogB_acq-EPIlowcov_run-1_cbv.nii.gz,ofMcF2,-0.506309,4007,-0.374054,-0.121926,Masked
26,EPIlowcov_run-0_bold,/home/hendrik/.scratch/mlebe/preprocessing/masked_collapsed/sub-4007/ses-ofMpF/func/sub-4007_ses-ofMpF_task-JogB_acq-EPIlowcov_run-0_bold.nii.gz,ofMpF,-0.524329,4007,-0.400998,-0.130837,Masked
27,EPIlowcov_run-1_cbv,/home/hendrik/.scratch/mlebe/preprocessing/masked_collapsed/sub-4007/ses-ofMpF/func/sub-4007_ses-ofMpF_task-JogB_acq-EPIlowcov_run-1_cbv.nii.gz,ofMpF,-0.507196,4007,-0.364237,-0.113528,Masked
28,EPIlowcov_run-0_bold,/home/hendrik/.scratch/mlebe/preprocessing/masked_collapsed/sub-4008/ses-ofM/func/sub-4008_ses-ofM_task-JogB_acq-EPIlowcov_run-0_bold.nii.gz,ofM,-0.523521,4008,-0.406655,-0.14681,Masked
29,EPIlowcov_run-1_cbv,/home/hendrik/.scratch/mlebe/preprocessing/masked_collapsed/sub-4008/ses-ofM/func/sub-4008_ses-ofM_task-JogB_acq-EPIlowcov_run-1_cbv.nii.gz,ofM,-0.486406,4008,-0.324735,-0.105458,Masked
30,EPIlowcov_run-0_bold,/home/hendrik/.scratch/mlebe/preprocessing/masked_collapsed/sub-4008/ses-ofMaF/func/sub-4008_ses-ofMaF_task-JogB_acq-EPIlowcov_run-0_bold.nii.gz,ofMaF,-0.536185,4008,-0.396367,-0.140635,Masked
31,EPIlowcov_run-1_cbv,/home/hendrik/.scratch/mlebe/preprocessing/masked_collapsed/sub-4008/ses-ofMaF/func/sub-4008_ses-ofMaF_task-JogB_acq-EPIlowcov_run-1_cbv.nii.gz,ofMaF,-0.507583,4008,-0.336928,-0.11498,Masked
32,EPIlowcov_run-0_bold,/home/hendrik/.scratch/mlebe/preprocessing/masked_collapsed/sub-4008/ses-ofMcF1/func/sub-4008_ses-ofMcF1_task-JogB_acq-EPIlowcov_run-0_bold.nii.gz,ofMcF1,-0.498541,4008,-0.293528,-0.0990519,Masked
33,EPIlowcov_run-1_cbv,/home/hendrik/.scratch/mlebe/preprocessing/masked_collapsed/sub-4008/ses-ofMcF1/func/sub-4008_ses-ofMcF1_task-JogB_acq-EPIlowcov_run-1_cbv.nii.gz,ofMcF1,-0.511469,4008,-0.361822,-0.120466,Masked
34,EPIlowcov_run-0_bold,/home/hendrik/.scratch/mlebe/preprocessing/masked_collapsed/sub-4008/ses-ofMcF2/func/sub-4008_ses-ofMcF2_task-JogB_acq-EPIlowcov_run-0_bold.nii.gz,ofMcF2,-0.526629,4008,-0.372921,-0.131896,Masked
35,EPIlowcov_run-1_cbv,/home/hendrik/.scratch/mlebe/preprocessing/masked_collapsed/sub-4008/ses-ofMcF2/func/sub-4008_ses-ofMcF2_task-JogB_acq-EPIlowcov_run-1_cbv.nii.gz,ofMcF2,-0.512951,4008,-0.330889,-0.114472,Masked
36,EPIlowcov_run-0_bold,/home/hendrik/.scratch/mlebe/preprocessing/masked_collapsed/sub-4008/ses-ofMpF/func/sub-4008_ses-ofMpF_task-JogB_acq-EPIlowcov_run-0_bold.nii.gz,ofMpF,-0.531061,4008,-0.379196,-0.139725,Masked
37,EPIlowcov_run-1_cbv,/home/hendrik/.scratch/mlebe/preprocessing/masked_collapsed/sub-4008/ses-ofMpF/func/sub-4008_ses-ofMpF_task-JogB_acq-EPIlowcov_run-1_cbv.nii.gz,ofMpF,-0.470981,4008,-0.28826,-0.0969114,Masked
38,EPIlowcov_run-0_bold,/home/hendrik/.scratch/mlebe/preprocessing/masked_collapsed/sub-4009/ses-ofM/func/sub-4009_ses-ofM_task-JogB_acq-EPIlowcov_run-0_bold.nii.gz,ofM,-0.524238,4009,-0.402395,-0.140579,Masked
39,EPIlowcov_run-1_cbv,/home/hendrik/.scratch/mlebe/preprocessing/masked_collapsed/sub-4009/ses-ofM/func/sub-4009_ses-ofM_task-JogB_acq-EPIlowcov_run-1_cbv.nii.gz,ofM,-0.487823,4009,-0.315685,-0.113903,Masked
40,EPIlowcov_run-0_bold,/home/hendrik/.scratch/mlebe/preprocessing/masked_collapsed/sub-4009/ses-ofMaF/func/sub-4009_ses-ofMaF_task-JogB_acq-EPIlowcov_run-0_bold.nii.gz,ofMaF,-0.527791,4009,-0.369787,-0.130924,Masked
41,EPIlowcov_run-1_cbv,/home/hendrik/.scratch/mlebe/preprocessing/masked_collapsed/sub-4009/ses-ofMaF/func/sub-4009_ses-ofMaF_task-JogB_acq-EPIlowcov_run-1_cbv.nii.gz,ofMaF,-0.504864,4009,-0.310836,-0.104205,Masked
42,EPIlowcov_run-0_bold,/home/hendrik/.scratch/mlebe/preprocessing/masked_collapsed/sub-4009/ses-ofMcF1/func/sub-4009_ses-ofMcF1_task-JogB_acq-EPIlowcov_run-0_bold.nii.gz,ofMcF1,-0.526505,4009,-0.375068,-0.128792,Masked
43,EPIlowcov_run-1_cbv,/home/hendrik/.scratch/mlebe/preprocessing/masked_collapsed/sub-4009/ses-ofMcF1/func/sub-4009_ses-ofMcF1_task-JogB_acq-EPIlowcov_run-1_cbv.nii.gz,ofMcF1,-0.514241,4009,-0.325108,-0.111979,Masked
44,EPIlowcov_run-0_bold,/home/hendrik/.scratch/mlebe/preprocessing/masked_collapsed/sub-4009/ses-ofMcF2/func/sub-4009_ses-ofMcF2_task-JogB_acq-EPIlowcov_run-0_bold.nii.gz,ofMcF2,-0.505885,4009,-0.343815,-0.102889,Masked
45,EPIlowcov_run-1_cbv,/home/hendrik/.scratch/mlebe/preprocessing/masked_collapsed/sub-4009/ses-ofMcF2/func/sub-4009_ses-ofMcF2_task-JogB_acq-EPIlowcov_run-1_cbv.nii.gz,ofMcF2,-0.471432,4009,-0.264467,-0.08481,Masked
46,EPIlowcov_run-0_bold,/home/hendrik/.scratch/mlebe/preprocessing/masked_collapsed/sub-4009/ses-ofMpF/func/sub-4009_ses-ofMpF_task-JogB_acq-EPIlowcov_run-0_bold.nii.gz,ofMpF,-0.510889,4009,-0.391167,-0.134789,Masked
47,EPIlowcov_run-1_cbv,/home/hendrik/.scratch/mlebe/preprocessing/masked_collapsed/sub-4009/ses-ofMpF/func/sub-4009_ses-ofMpF_task-JogB_acq-EPIlowcov_run-1_cbv.nii.gz,ofMpF,-0.489166,4009,-0.342767,-0.111221,Masked
48,EPIlowcov_run-0_bold,/home/hendrik/.scratch/mlebe/preprocessing/masked_collapsed/sub-4011/ses-ofM/func/sub-4011_ses-ofM_task-JogB_acq-EPIlowcov_run-0_bold.nii.gz,ofM,-0.495883,4011,-0.364766,-0.122839,Masked
49,EPIlowcov_run-1_cbv,/home/hendrik/.scratch/mlebe/preprocessing/masked_collapsed/sub-4011/ses-ofM/func/sub-4011_ses-ofM_task-JogB_acq-EPIlowcov_run-1_cbv.nii.gz,ofM,-0.4564,4011,-0.26723,-0.0867329,Masked
50,EPIlowcov_run-0_bold,/home/hendrik/.scratch/mlebe/preprocessing/masked_collapsed/sub-4011/ses-ofMaF/func/sub-4011_ses-ofMaF_task-JogB_acq-EPIlowcov_run-0_bold.nii.gz,ofMaF,-0.5107,4011,-0.359657,-0.11278,Masked
51,EPIlowcov_run-1_cbv,/home/hendrik/.scratch/mlebe/preprocessing/masked_collapsed/sub-4011/ses-ofMaF/func/sub-4011_ses-ofMaF_task-JogB_acq-EPIlowcov_run-1_cbv.nii.gz,ofMaF,-0.479991,4011,-0.296535,-0.0791367,Masked
52,EPIlowcov_run-0_bold,/home/hendrik/.scratch/mlebe/preprocessing/masked_collapsed/sub-4011/ses-ofMcF1/func/sub-4011_ses-ofMcF1_task-JogB_acq-EPIlowcov_run-0_bold.nii.gz,ofMcF1,-0.534178,4011,-0.403913,-0.148927,Masked
53,EPIlowcov_run-1_cbv,/home/hendrik/.scratch/mlebe/preprocessing/masked_collapsed/sub-4011/ses-ofMcF1/func/sub-4011_ses-ofMcF1_task-JogB_acq-EPIlowcov_run-1_cbv.nii.gz,ofMcF1,-0.498727,4011,-0.341063,-0.112645,Masked
54,EPIlowcov_run-0_bold,/home/hendrik/.scratch/mlebe/preprocessing/masked_collapsed/sub-4011/ses-ofMcF2/func/sub-4011_ses-ofMcF2_task-JogB_acq-EPIlowcov_run-0_bold.nii.gz,ofMcF2,-0.525107,4011,-0.393749,-0.147191,Masked
55,EPIlowcov_run-1_cbv,/home/hendrik/.scratch/mlebe/preprocessing/masked_collapsed/sub-4011/ses-ofMcF2/func/sub-4011_ses-ofMcF2_task-JogB_acq-EPIlowcov_run-1_cbv.nii.gz,ofMcF2,-0.480642,4011,-0.279707,-0.0946076,Masked
56,EPIlowcov_run-0_bold,/home/hendrik/.scratch/mlebe/preprocessing/masked_collapsed/sub-4012/ses-ofM/func/sub-4012_ses-ofM_task-JogB_acq-EPIlowcov_run-0_bold.nii.gz,ofM,-0.498205,4012,-0.381281,-0.140326,Masked
57,EPIlowcov_run-1_cbv,/home/hendrik/.scratch/mlebe/preprocessing/masked_collapsed/sub-4012/ses-ofM/func/sub-4012_ses-ofM_task-JogB_acq-EPIlowcov_run-1_cbv.nii.gz,ofM,-0.444268,4012,-0.282991,-0.0966482,Masked
58,EPIlowcov_run-0_bold,/home/hendrik/.scratch/mlebe/preprocessing/masked_collapsed/sub-4012/ses-ofMaF/func/sub-4012_ses-ofMaF_task-JogB_acq-EPIlowcov_run-0_bold.nii.gz,ofMaF,-0.523685,4012,-0.394602,-0.13679,Masked
59,EPIlowcov_run-1_cbv,/home/hendrik/.scratch/mlebe/preprocessing/masked_collapsed/sub-4012/ses-ofMaF/func/sub-4012_ses-ofMaF_task-JogB_acq-EPIlowcov_run-1_cbv.nii.gz,ofMaF,-0.496065,4012,-0.332936,-0.110205,Masked
60,EPIlowcov_run-0_bold,/home/hendrik/.scratch/mlebe/preprocessing/masked_collapsed/sub-4012/ses-ofMcF1/func/sub-4012_ses-ofMcF1_task-JogB_acq-EPIlowcov_run-0_bold.nii.gz,ofMcF1,-0.525019,4012,-0.395877,-0.141292,Masked
61,EPIlowcov_run-1_cbv,/home/hendrik/.scratch/mlebe/preprocessing/masked_collapsed/sub-4012/ses-ofMcF1/func/sub-4012_ses-ofMcF1_task-JogB_acq-EPIlowcov_run-1_cbv.nii.gz,ofMcF1,-0.5064,4012,-0.34869,-0.124338,Masked
62,EPIlowcov_run-0_bold,/home/hendrik/.scratch/mlebe/preprocessing/masked_collapsed/sub-4012/ses-ofMcF2/func/sub-4012_ses-ofMcF2_task-JogB_acq-EPIlowcov_run-0_bold.nii.gz,ofMcF2,-0.514052,4012,-0.395129,-0.143102,Masked
63,EPIlowcov_run-1_cbv,/home/hendrik/.scratch/mlebe/preprocessing/masked_collapsed/sub-4012/ses-ofMcF2/func/sub-4012_ses-ofMcF2_task-JogB_acq-EPIlowcov_run-1_cbv.nii.gz,ofMcF2,-0.503129,4012,-0.364345,-0.128406,Masked
64,EPIlowcov_run-0_bold,/home/hendrik/.scratch/mlebe/preprocessing/masked_collapsed/sub-4012/ses-ofMpF/func/sub-4012_ses-ofMpF_task-JogB_acq-EPIlowcov_run-0_bold.nii.gz,ofMpF,-0.48334,4012,-0.300331,-0.100591,Masked
65,EPIlowcov_run-1_cbv,/home/hendrik/.scratch/mlebe/preprocessing/masked_collapsed/sub-4012/ses-ofMpF/func/sub-4012_ses-ofMpF_task-JogB_acq-EPIlowcov_run-1_cbv.nii.gz,ofMpF,-0.485481,4012,-0.287558,-0.092021,Masked
66,EPIlowcov_run-0_bold,/home/hendrik/.scratch/mlebe/preprocessing/masked_collapsed/sub-4013/ses-ofM/func/sub-4013_ses-ofM_task-JogB_acq-EPIlowcov_run-0_bold.nii.gz,ofM,-0.476316,4013,-0.361767,-0.112554,Masked
67,EPIlowcov_run-1_cbv,/home/hendrik/.scratch/mlebe/preprocessing/masked_collapsed/sub-4013/ses-ofM/func/sub-4013_ses-ofM_task-JogB_acq-EPIlowcov_run-1_cbv.nii.gz,ofM,-0.428028,4013,-0.29376,-0.0781489,Masked
