,acquisition,path,session,similarity,subject,Processing,Similarity Metric
0,EPIlowcov_run-0_bold,/home/chymera/data_scratch/irsabi/preprocessing/generic_collapsed/sub-4001/ses-ofM/func/sub-4001_ses-ofM_task-JogB_acq-EPIlowcov_run-0_bold.nii.gz,ofM,-0.530937,4001,Generic,CC
1,EPIlowcov_run-1_cbv,/home/chymera/data_scratch/irsabi/preprocessing/generic_collapsed/sub-4001/ses-ofM/func/sub-4001_ses-ofM_task-JogB_acq-EPIlowcov_run-1_cbv.nii.gz,ofM,-0.521519,4001,Generic,CC
2,EPIlowcov_run-0_bold,/home/chymera/data_scratch/irsabi/preprocessing/generic_collapsed/sub-4001/ses-ofMaF/func/sub-4001_ses-ofMaF_task-JogB_acq-EPIlowcov_run-0_bold.nii.gz,ofMaF,-0.543402,4001,Generic,CC
3,EPIlowcov_run-1_cbv,/home/chymera/data_scratch/irsabi/preprocessing/generic_collapsed/sub-4001/ses-ofMaF/func/sub-4001_ses-ofMaF_task-JogB_acq-EPIlowcov_run-1_cbv.nii.gz,ofMaF,-0.524602,4001,Generic,CC
4,EPIlowcov_run-0_bold,/home/chymera/data_scratch/irsabi/preprocessing/generic_collapsed/sub-4001/ses-ofMcF1/func/sub-4001_ses-ofMcF1_task-JogB_acq-EPIlowcov_run-0_bold.nii.gz,ofMcF1,-0.532073,4001,Generic,CC
5,EPIlowcov_run-1_cbv,/home/chymera/data_scratch/irsabi/preprocessing/generic_collapsed/sub-4001/ses-ofMcF1/func/sub-4001_ses-ofMcF1_task-JogB_acq-EPIlowcov_run-1_cbv.nii.gz,ofMcF1,-0.520379,4001,Generic,CC
6,EPIlowcov_run-0_bold,/home/chymera/data_scratch/irsabi/preprocessing/generic_collapsed/sub-4001/ses-ofMcF2/func/sub-4001_ses-ofMcF2_task-JogB_acq-EPIlowcov_run-0_bold.nii.gz,ofMcF2,-0.515939,4001,Generic,CC
7,EPIlowcov_run-1_cbv,/home/chymera/data_scratch/irsabi/preprocessing/generic_collapsed/sub-4001/ses-ofMcF2/func/sub-4001_ses-ofMcF2_task-JogB_acq-EPIlowcov_run-1_cbv.nii.gz,ofMcF2,-0.524926,4001,Generic,CC
8,EPIlowcov_run-0_bold,/home/chymera/data_scratch/irsabi/preprocessing/generic_collapsed/sub-4002/ses-ofM/func/sub-4002_ses-ofM_task-JogB_acq-EPIlowcov_run-0_bold.nii.gz,ofM,-0.524385,4002,Generic,CC
9,EPIlowcov_run-1_cbv,/home/chymera/data_scratch/irsabi/preprocessing/generic_collapsed/sub-4002/ses-ofM/func/sub-4002_ses-ofM_task-JogB_acq-EPIlowcov_run-1_cbv.nii.gz,ofM,-0.516648,4002,Generic,CC
10,EPIlowcov_run-0_bold,/home/chymera/data_scratch/irsabi/preprocessing/generic_collapsed/sub-4004/ses-ofM/func/sub-4004_ses-ofM_task-JogB_acq-EPIlowcov_run-0_bold.nii.gz,ofM,-0.523459,4004,Generic,CC
11,EPIlowcov_run-1_cbv,/home/chymera/data_scratch/irsabi/preprocessing/generic_collapsed/sub-4004/ses-ofM/func/sub-4004_ses-ofM_task-JogB_acq-EPIlowcov_run-1_cbv.nii.gz,ofM,-0.504792,4004,Generic,CC
12,EPIlowcov_run-0_bold,/home/chymera/data_scratch/irsabi/preprocessing/generic_collapsed/sub-4005/ses-ofM/func/sub-4005_ses-ofM_task-JogB_acq-EPIlowcov_run-0_bold.nii.gz,ofM,-0.530227,4005,Generic,CC
13,EPIlowcov_run-1_cbv,/home/chymera/data_scratch/irsabi/preprocessing/generic_collapsed/sub-4005/ses-ofM/func/sub-4005_ses-ofM_task-JogB_acq-EPIlowcov_run-1_cbv.nii.gz,ofM,-0.490903,4005,Generic,CC
14,EPIlowcov_run-0_bold,/home/chymera/data_scratch/irsabi/preprocessing/generic_collapsed/sub-4005/ses-ofMaF/func/sub-4005_ses-ofMaF_task-JogB_acq-EPIlowcov_run-0_bold.nii.gz,ofMaF,-0.544978,4005,Generic,CC
15,EPIlowcov_run-1_cbv,/home/chymera/data_scratch/irsabi/preprocessing/generic_collapsed/sub-4005/ses-ofMaF/func/sub-4005_ses-ofMaF_task-JogB_acq-EPIlowcov_run-1_cbv.nii.gz,ofMaF,-0.534524,4005,Generic,CC
16,EPIlowcov_run-0_bold,/home/chymera/data_scratch/irsabi/preprocessing/generic_collapsed/sub-4006/ses-ofM/func/sub-4006_ses-ofM_task-JogB_acq-EPIlowcov_run-0_bold.nii.gz,ofM,-0.52439,4006,Generic,CC
17,EPIlowcov_run-1_cbv,/home/chymera/data_scratch/irsabi/preprocessing/generic_collapsed/sub-4006/ses-ofM/func/sub-4006_ses-ofM_task-JogB_acq-EPIlowcov_run-1_cbv.nii.gz,ofM,-0.506833,4006,Generic,CC
18,EPIlowcov_run-0_bold,/home/chymera/data_scratch/irsabi/preprocessing/generic_collapsed/sub-4007/ses-ofM/func/sub-4007_ses-ofM_task-JogB_acq-EPIlowcov_run-0_bold.nii.gz,ofM,-0.532981,4007,Generic,CC
19,EPIlowcov_run-1_cbv,/home/chymera/data_scratch/irsabi/preprocessing/generic_collapsed/sub-4007/ses-ofM/func/sub-4007_ses-ofM_task-JogB_acq-EPIlowcov_run-1_cbv.nii.gz,ofM,-0.497804,4007,Generic,CC
20,EPIlowcov_run-0_bold,/home/chymera/data_scratch/irsabi/preprocessing/generic_collapsed/sub-4007/ses-ofMaF/func/sub-4007_ses-ofMaF_task-JogB_acq-EPIlowcov_run-0_bold.nii.gz,ofMaF,-0.535949,4007,Generic,CC
21,EPIlowcov_run-1_cbv,/home/chymera/data_scratch/irsabi/preprocessing/generic_collapsed/sub-4007/ses-ofMaF/func/sub-4007_ses-ofMaF_task-JogB_acq-EPIlowcov_run-1_cbv.nii.gz,ofMaF,-0.515031,4007,Generic,CC
22,EPIlowcov_run-0_bold,/home/chymera/data_scratch/irsabi/preprocessing/generic_collapsed/sub-4007/ses-ofMcF1/func/sub-4007_ses-ofMcF1_task-JogB_acq-EPIlowcov_run-0_bold.nii.gz,ofMcF1,-0.544757,4007,Generic,CC
23,EPIlowcov_run-1_cbv,/home/chymera/data_scratch/irsabi/preprocessing/generic_collapsed/sub-4007/ses-ofMcF1/func/sub-4007_ses-ofMcF1_task-JogB_acq-EPIlowcov_run-1_cbv.nii.gz,ofMcF1,-0.521652,4007,Generic,CC
24,EPIlowcov_run-0_bold,/home/chymera/data_scratch/irsabi/preprocessing/generic_collapsed/sub-4007/ses-ofMcF2/func/sub-4007_ses-ofMcF2_task-JogB_acq-EPIlowcov_run-0_bold.nii.gz,ofMcF2,-0.534943,4007,Generic,CC
25,EPIlowcov_run-1_cbv,/home/chymera/data_scratch/irsabi/preprocessing/generic_collapsed/sub-4007/ses-ofMcF2/func/sub-4007_ses-ofMcF2_task-JogB_acq-EPIlowcov_run-1_cbv.nii.gz,ofMcF2,-0.513989,4007,Generic,CC
26,EPIlowcov_run-0_bold,/home/chymera/data_scratch/irsabi/preprocessing/generic_collapsed/sub-4007/ses-ofMpF/func/sub-4007_ses-ofMpF_task-JogB_acq-EPIlowcov_run-0_bold.nii.gz,ofMpF,-0.533237,4007,Generic,CC
27,EPIlowcov_run-1_cbv,/home/chymera/data_scratch/irsabi/preprocessing/generic_collapsed/sub-4007/ses-ofMpF/func/sub-4007_ses-ofMpF_task-JogB_acq-EPIlowcov_run-1_cbv.nii.gz,ofMpF,-0.506583,4007,Generic,CC
28,EPIlowcov_run-0_bold,/home/chymera/data_scratch/irsabi/preprocessing/generic_collapsed/sub-4008/ses-ofM/func/sub-4008_ses-ofM_task-JogB_acq-EPIlowcov_run-0_bold.nii.gz,ofM,-0.530263,4008,Generic,CC
29,EPIlowcov_run-1_cbv,/home/chymera/data_scratch/irsabi/preprocessing/generic_collapsed/sub-4008/ses-ofM/func/sub-4008_ses-ofM_task-JogB_acq-EPIlowcov_run-1_cbv.nii.gz,ofM,-0.50313,4008,Generic,CC
30,EPIlowcov_run-0_bold,/home/chymera/data_scratch/irsabi/preprocessing/generic_collapsed/sub-4008/ses-ofMaF/func/sub-4008_ses-ofMaF_task-JogB_acq-EPIlowcov_run-0_bold.nii.gz,ofMaF,-0.539353,4008,Generic,CC
31,EPIlowcov_run-1_cbv,/home/chymera/data_scratch/irsabi/preprocessing/generic_collapsed/sub-4008/ses-ofMaF/func/sub-4008_ses-ofMaF_task-JogB_acq-EPIlowcov_run-1_cbv.nii.gz,ofMaF,-0.513173,4008,Generic,CC
32,EPIlowcov_run-0_bold,/home/chymera/data_scratch/irsabi/preprocessing/generic_collapsed/sub-4008/ses-ofMcF1/func/sub-4008_ses-ofMcF1_task-JogB_acq-EPIlowcov_run-0_bold.nii.gz,ofMcF1,-0.540416,4008,Generic,CC
33,EPIlowcov_run-1_cbv,/home/chymera/data_scratch/irsabi/preprocessing/generic_collapsed/sub-4008/ses-ofMcF1/func/sub-4008_ses-ofMcF1_task-JogB_acq-EPIlowcov_run-1_cbv.nii.gz,ofMcF1,-0.515832,4008,Generic,CC
34,EPIlowcov_run-0_bold,/home/chymera/data_scratch/irsabi/preprocessing/generic_collapsed/sub-4008/ses-ofMcF2/func/sub-4008_ses-ofMcF2_task-JogB_acq-EPIlowcov_run-0_bold.nii.gz,ofMcF2,-0.535603,4008,Generic,CC
35,EPIlowcov_run-1_cbv,/home/chymera/data_scratch/irsabi/preprocessing/generic_collapsed/sub-4008/ses-ofMcF2/func/sub-4008_ses-ofMcF2_task-JogB_acq-EPIlowcov_run-1_cbv.nii.gz,ofMcF2,-0.507653,4008,Generic,CC
36,EPIlowcov_run-0_bold,/home/chymera/data_scratch/irsabi/preprocessing/generic_collapsed/sub-4008/ses-ofMpF/func/sub-4008_ses-ofMpF_task-JogB_acq-EPIlowcov_run-0_bold.nii.gz,ofMpF,-0.540541,4008,Generic,CC
37,EPIlowcov_run-1_cbv,/home/chymera/data_scratch/irsabi/preprocessing/generic_collapsed/sub-4008/ses-ofMpF/func/sub-4008_ses-ofMpF_task-JogB_acq-EPIlowcov_run-1_cbv.nii.gz,ofMpF,-0.48323,4008,Generic,CC
38,EPIlowcov_run-0_bold,/home/chymera/data_scratch/irsabi/preprocessing/generic_collapsed/sub-4009/ses-ofM/func/sub-4009_ses-ofM_task-JogB_acq-EPIlowcov_run-0_bold.nii.gz,ofM,-0.522899,4009,Generic,CC
39,EPIlowcov_run-1_cbv,/home/chymera/data_scratch/irsabi/preprocessing/generic_collapsed/sub-4009/ses-ofM/func/sub-4009_ses-ofM_task-JogB_acq-EPIlowcov_run-1_cbv.nii.gz,ofM,-0.498346,4009,Generic,CC
40,EPIlowcov_run-0_bold,/home/chymera/data_scratch/irsabi/preprocessing/generic_collapsed/sub-4009/ses-ofMaF/func/sub-4009_ses-ofMaF_task-JogB_acq-EPIlowcov_run-0_bold.nii.gz,ofMaF,-0.527117,4009,Generic,CC
41,EPIlowcov_run-1_cbv,/home/chymera/data_scratch/irsabi/preprocessing/generic_collapsed/sub-4009/ses-ofMaF/func/sub-4009_ses-ofMaF_task-JogB_acq-EPIlowcov_run-1_cbv.nii.gz,ofMaF,-0.503797,4009,Generic,CC
42,EPIlowcov_run-0_bold,/home/chymera/data_scratch/irsabi/preprocessing/generic_collapsed/sub-4009/ses-ofMcF1/func/sub-4009_ses-ofMcF1_task-JogB_acq-EPIlowcov_run-0_bold.nii.gz,ofMcF1,-0.520657,4009,Generic,CC
43,EPIlowcov_run-1_cbv,/home/chymera/data_scratch/irsabi/preprocessing/generic_collapsed/sub-4009/ses-ofMcF1/func/sub-4009_ses-ofMcF1_task-JogB_acq-EPIlowcov_run-1_cbv.nii.gz,ofMcF1,-0.514595,4009,Generic,CC
44,EPIlowcov_run-0_bold,/home/chymera/data_scratch/irsabi/preprocessing/generic_collapsed/sub-4009/ses-ofMcF2/func/sub-4009_ses-ofMcF2_task-JogB_acq-EPIlowcov_run-0_bold.nii.gz,ofMcF2,-0.518484,4009,Generic,CC
45,EPIlowcov_run-1_cbv,/home/chymera/data_scratch/irsabi/preprocessing/generic_collapsed/sub-4009/ses-ofMcF2/func/sub-4009_ses-ofMcF2_task-JogB_acq-EPIlowcov_run-1_cbv.nii.gz,ofMcF2,-0.477502,4009,Generic,CC
46,EPIlowcov_run-0_bold,/home/chymera/data_scratch/irsabi/preprocessing/generic_collapsed/sub-4009/ses-ofMpF/func/sub-4009_ses-ofMpF_task-JogB_acq-EPIlowcov_run-0_bold.nii.gz,ofMpF,-0.526264,4009,Generic,CC
47,EPIlowcov_run-1_cbv,/home/chymera/data_scratch/irsabi/preprocessing/generic_collapsed/sub-4009/ses-ofMpF/func/sub-4009_ses-ofMpF_task-JogB_acq-EPIlowcov_run-1_cbv.nii.gz,ofMpF,-0.510628,4009,Generic,CC
48,EPIlowcov_run-0_bold,/home/chymera/data_scratch/irsabi/preprocessing/generic_collapsed/sub-4011/ses-ofM/func/sub-4011_ses-ofM_task-JogB_acq-EPIlowcov_run-0_bold.nii.gz,ofM,-0.494165,4011,Generic,CC
49,EPIlowcov_run-1_cbv,/home/chymera/data_scratch/irsabi/preprocessing/generic_collapsed/sub-4011/ses-ofM/func/sub-4011_ses-ofM_task-JogB_acq-EPIlowcov_run-1_cbv.nii.gz,ofM,-0.467313,4011,Generic,CC
50,EPIlowcov_run-0_bold,/home/chymera/data_scratch/irsabi/preprocessing/generic_collapsed/sub-4011/ses-ofMaF/func/sub-4011_ses-ofMaF_task-JogB_acq-EPIlowcov_run-0_bold.nii.gz,ofMaF,-0.512359,4011,Generic,CC
51,EPIlowcov_run-1_cbv,/home/chymera/data_scratch/irsabi/preprocessing/generic_collapsed/sub-4011/ses-ofMaF/func/sub-4011_ses-ofMaF_task-JogB_acq-EPIlowcov_run-1_cbv.nii.gz,ofMaF,-0.484231,4011,Generic,CC
52,EPIlowcov_run-0_bold,/home/chymera/data_scratch/irsabi/preprocessing/generic_collapsed/sub-4011/ses-ofMcF1/func/sub-4011_ses-ofMcF1_task-JogB_acq-EPIlowcov_run-0_bold.nii.gz,ofMcF1,-0.544463,4011,Generic,CC
53,EPIlowcov_run-1_cbv,/home/chymera/data_scratch/irsabi/preprocessing/generic_collapsed/sub-4011/ses-ofMcF1/func/sub-4011_ses-ofMcF1_task-JogB_acq-EPIlowcov_run-1_cbv.nii.gz,ofMcF1,-0.508401,4011,Generic,CC
54,EPIlowcov_run-0_bold,/home/chymera/data_scratch/irsabi/preprocessing/generic_collapsed/sub-4011/ses-ofMcF2/func/sub-4011_ses-ofMcF2_task-JogB_acq-EPIlowcov_run-0_bold.nii.gz,ofMcF2,-0.537096,4011,Generic,CC
55,EPIlowcov_run-1_cbv,/home/chymera/data_scratch/irsabi/preprocessing/generic_collapsed/sub-4011/ses-ofMcF2/func/sub-4011_ses-ofMcF2_task-JogB_acq-EPIlowcov_run-1_cbv.nii.gz,ofMcF2,-0.474419,4011,Generic,CC
56,EPIlowcov_run-0_bold,/home/chymera/data_scratch/irsabi/preprocessing/generic_collapsed/sub-4012/ses-ofM/func/sub-4012_ses-ofM_task-JogB_acq-EPIlowcov_run-0_bold.nii.gz,ofM,-0.502763,4012,Generic,CC
57,EPIlowcov_run-1_cbv,/home/chymera/data_scratch/irsabi/preprocessing/generic_collapsed/sub-4012/ses-ofM/func/sub-4012_ses-ofM_task-JogB_acq-EPIlowcov_run-1_cbv.nii.gz,ofM,-0.456735,4012,Generic,CC
58,EPIlowcov_run-0_bold,/home/chymera/data_scratch/irsabi/preprocessing/generic_collapsed/sub-4012/ses-ofMaF/func/sub-4012_ses-ofMaF_task-JogB_acq-EPIlowcov_run-0_bold.nii.gz,ofMaF,-0.532455,4012,Generic,CC
59,EPIlowcov_run-1_cbv,/home/chymera/data_scratch/irsabi/preprocessing/generic_collapsed/sub-4012/ses-ofMaF/func/sub-4012_ses-ofMaF_task-JogB_acq-EPIlowcov_run-1_cbv.nii.gz,ofMaF,-0.507423,4012,Generic,CC
60,EPIlowcov_run-0_bold,/home/chymera/data_scratch/irsabi/preprocessing/generic_collapsed/sub-4012/ses-ofMcF1/func/sub-4012_ses-ofMcF1_task-JogB_acq-EPIlowcov_run-0_bold.nii.gz,ofMcF1,-0.52614,4012,Generic,CC
61,EPIlowcov_run-1_cbv,/home/chymera/data_scratch/irsabi/preprocessing/generic_collapsed/sub-4012/ses-ofMcF1/func/sub-4012_ses-ofMcF1_task-JogB_acq-EPIlowcov_run-1_cbv.nii.gz,ofMcF1,-0.518222,4012,Generic,CC
62,EPIlowcov_run-0_bold,/home/chymera/data_scratch/irsabi/preprocessing/generic_collapsed/sub-4012/ses-ofMcF2/func/sub-4012_ses-ofMcF2_task-JogB_acq-EPIlowcov_run-0_bold.nii.gz,ofMcF2,-0.524228,4012,Generic,CC
63,EPIlowcov_run-1_cbv,/home/chymera/data_scratch/irsabi/preprocessing/generic_collapsed/sub-4012/ses-ofMcF2/func/sub-4012_ses-ofMcF2_task-JogB_acq-EPIlowcov_run-1_cbv.nii.gz,ofMcF2,-0.507923,4012,Generic,CC
64,EPIlowcov_run-0_bold,/home/chymera/data_scratch/irsabi/preprocessing/generic_collapsed/sub-4012/ses-ofMpF/func/sub-4012_ses-ofMpF_task-JogB_acq-EPIlowcov_run-0_bold.nii.gz,ofMpF,-0.514429,4012,Generic,CC
65,EPIlowcov_run-1_cbv,/home/chymera/data_scratch/irsabi/preprocessing/generic_collapsed/sub-4012/ses-ofMpF/func/sub-4012_ses-ofMpF_task-JogB_acq-EPIlowcov_run-1_cbv.nii.gz,ofMpF,-0.483534,4012,Generic,CC
66,EPIlowcov_run-0_bold,/home/chymera/data_scratch/irsabi/preprocessing/generic_collapsed/sub-4013/ses-ofM/func/sub-4013_ses-ofM_task-JogB_acq-EPIlowcov_run-0_bold.nii.gz,ofM,-0.491608,4013,Generic,CC
67,EPIlowcov_run-1_cbv,/home/chymera/data_scratch/irsabi/preprocessing/generic_collapsed/sub-4013/ses-ofM/func/sub-4013_ses-ofM_task-JogB_acq-EPIlowcov_run-1_cbv.nii.gz,ofM,-0.467515,4013,Generic,CC
0,EPIlowcov_run-0_bold,/home/chymera/data_scratch/irsabi/preprocessing/legacy_collapsed/sub-4001/ses-ofM/func/sub-4001_ses-ofM_task-JogB_acq-EPIlowcov_run-0_bold.nii.gz,ofM,-0.591128,4001,Legacy,CC
1,EPIlowcov_run-1_cbv,/home/chymera/data_scratch/irsabi/preprocessing/legacy_collapsed/sub-4001/ses-ofM/func/sub-4001_ses-ofM_task-JogB_acq-EPIlowcov_run-1_cbv.nii.gz,ofM,-0.468958,4001,Legacy,CC
2,EPIlowcov_run-0_bold,/home/chymera/data_scratch/irsabi/preprocessing/legacy_collapsed/sub-4001/ses-ofMaF/func/sub-4001_ses-ofMaF_task-JogB_acq-EPIlowcov_run-0_bold.nii.gz,ofMaF,-0.629864,4001,Legacy,CC
3,EPIlowcov_run-1_cbv,/home/chymera/data_scratch/irsabi/preprocessing/legacy_collapsed/sub-4001/ses-ofMaF/func/sub-4001_ses-ofMaF_task-JogB_acq-EPIlowcov_run-1_cbv.nii.gz,ofMaF,-0.539281,4001,Legacy,CC
4,EPIlowcov_run-0_bold,/home/chymera/data_scratch/irsabi/preprocessing/legacy_collapsed/sub-4001/ses-ofMcF1/func/sub-4001_ses-ofMcF1_task-JogB_acq-EPIlowcov_run-0_bold.nii.gz,ofMcF1,-0.625507,4001,Legacy,CC
5,EPIlowcov_run-1_cbv,/home/chymera/data_scratch/irsabi/preprocessing/legacy_collapsed/sub-4001/ses-ofMcF1/func/sub-4001_ses-ofMcF1_task-JogB_acq-EPIlowcov_run-1_cbv.nii.gz,ofMcF1,-0.451822,4001,Legacy,CC
6,EPIlowcov_run-0_bold,/home/chymera/data_scratch/irsabi/preprocessing/legacy_collapsed/sub-4001/ses-ofMcF2/func/sub-4001_ses-ofMcF2_task-JogB_acq-EPIlowcov_run-0_bold.nii.gz,ofMcF2,-0.660696,4001,Legacy,CC
7,EPIlowcov_run-1_cbv,/home/chymera/data_scratch/irsabi/preprocessing/legacy_collapsed/sub-4001/ses-ofMcF2/func/sub-4001_ses-ofMcF2_task-JogB_acq-EPIlowcov_run-1_cbv.nii.gz,ofMcF2,-0.593128,4001,Legacy,CC
8,EPIlowcov_run-0_bold,/home/chymera/data_scratch/irsabi/preprocessing/legacy_collapsed/sub-4002/ses-ofM/func/sub-4002_ses-ofM_task-JogB_acq-EPIlowcov_run-0_bold.nii.gz,ofM,-0.650102,4002,Legacy,CC
9,EPIlowcov_run-1_cbv,/home/chymera/data_scratch/irsabi/preprocessing/legacy_collapsed/sub-4002/ses-ofM/func/sub-4002_ses-ofM_task-JogB_acq-EPIlowcov_run-1_cbv.nii.gz,ofM,-0.510893,4002,Legacy,CC
10,EPIlowcov_run-0_bold,/home/chymera/data_scratch/irsabi/preprocessing/legacy_collapsed/sub-4004/ses-ofM/func/sub-4004_ses-ofM_task-JogB_acq-EPIlowcov_run-0_bold.nii.gz,ofM,-0.571744,4004,Legacy,CC
11,EPIlowcov_run-1_cbv,/home/chymera/data_scratch/irsabi/preprocessing/legacy_collapsed/sub-4004/ses-ofM/func/sub-4004_ses-ofM_task-JogB_acq-EPIlowcov_run-1_cbv.nii.gz,ofM,-0.483838,4004,Legacy,CC
12,EPIlowcov_run-0_bold,/home/chymera/data_scratch/irsabi/preprocessing/legacy_collapsed/sub-4005/ses-ofM/func/sub-4005_ses-ofM_task-JogB_acq-EPIlowcov_run-0_bold.nii.gz,ofM,-0.636634,4005,Legacy,CC
13,EPIlowcov_run-1_cbv,/home/chymera/data_scratch/irsabi/preprocessing/legacy_collapsed/sub-4005/ses-ofM/func/sub-4005_ses-ofM_task-JogB_acq-EPIlowcov_run-1_cbv.nii.gz,ofM,-0.651486,4005,Legacy,CC
14,EPIlowcov_run-0_bold,/home/chymera/data_scratch/irsabi/preprocessing/legacy_collapsed/sub-4005/ses-ofMaF/func/sub-4005_ses-ofMaF_task-JogB_acq-EPIlowcov_run-0_bold.nii.gz,ofMaF,-0.690865,4005,Legacy,CC
15,EPIlowcov_run-1_cbv,/home/chymera/data_scratch/irsabi/preprocessing/legacy_collapsed/sub-4005/ses-ofMaF/func/sub-4005_ses-ofMaF_task-JogB_acq-EPIlowcov_run-1_cbv.nii.gz,ofMaF,-0.459232,4005,Legacy,CC
16,EPIlowcov_run-0_bold,/home/chymera/data_scratch/irsabi/preprocessing/legacy_collapsed/sub-4006/ses-ofM/func/sub-4006_ses-ofM_task-JogB_acq-EPIlowcov_run-0_bold.nii.gz,ofM,-0.558864,4006,Legacy,CC
17,EPIlowcov_run-1_cbv,/home/chymera/data_scratch/irsabi/preprocessing/legacy_collapsed/sub-4006/ses-ofM/func/sub-4006_ses-ofM_task-JogB_acq-EPIlowcov_run-1_cbv.nii.gz,ofM,-0.512988,4006,Legacy,CC
18,EPIlowcov_run-0_bold,/home/chymera/data_scratch/irsabi/preprocessing/legacy_collapsed/sub-4007/ses-ofM/func/sub-4007_ses-ofM_task-JogB_acq-EPIlowcov_run-0_bold.nii.gz,ofM,-0.633881,4007,Legacy,CC
19,EPIlowcov_run-1_cbv,/home/chymera/data_scratch/irsabi/preprocessing/legacy_collapsed/sub-4007/ses-ofM/func/sub-4007_ses-ofM_task-JogB_acq-EPIlowcov_run-1_cbv.nii.gz,ofM,-0.455429,4007,Legacy,CC
20,EPIlowcov_run-0_bold,/home/chymera/data_scratch/irsabi/preprocessing/legacy_collapsed/sub-4007/ses-ofMaF/func/sub-4007_ses-ofMaF_task-JogB_acq-EPIlowcov_run-0_bold.nii.gz,ofMaF,-0.744411,4007,Legacy,CC
21,EPIlowcov_run-1_cbv,/home/chymera/data_scratch/irsabi/preprocessing/legacy_collapsed/sub-4007/ses-ofMaF/func/sub-4007_ses-ofMaF_task-JogB_acq-EPIlowcov_run-1_cbv.nii.gz,ofMaF,-0.52554,4007,Legacy,CC
22,EPIlowcov_run-0_bold,/home/chymera/data_scratch/irsabi/preprocessing/legacy_collapsed/sub-4007/ses-ofMcF1/func/sub-4007_ses-ofMcF1_task-JogB_acq-EPIlowcov_run-0_bold.nii.gz,ofMcF1,-0.608478,4007,Legacy,CC
23,EPIlowcov_run-1_cbv,/home/chymera/data_scratch/irsabi/preprocessing/legacy_collapsed/sub-4007/ses-ofMcF1/func/sub-4007_ses-ofMcF1_task-JogB_acq-EPIlowcov_run-1_cbv.nii.gz,ofMcF1,-0.470127,4007,Legacy,CC
24,EPIlowcov_run-0_bold,/home/chymera/data_scratch/irsabi/preprocessing/legacy_collapsed/sub-4007/ses-ofMcF2/func/sub-4007_ses-ofMcF2_task-JogB_acq-EPIlowcov_run-0_bold.nii.gz,ofMcF2,-0.74562,4007,Legacy,CC
25,EPIlowcov_run-1_cbv,/home/chymera/data_scratch/irsabi/preprocessing/legacy_collapsed/sub-4007/ses-ofMcF2/func/sub-4007_ses-ofMcF2_task-JogB_acq-EPIlowcov_run-1_cbv.nii.gz,ofMcF2,-0.654637,4007,Legacy,CC
26,EPIlowcov_run-0_bold,/home/chymera/data_scratch/irsabi/preprocessing/legacy_collapsed/sub-4007/ses-ofMpF/func/sub-4007_ses-ofMpF_task-JogB_acq-EPIlowcov_run-0_bold.nii.gz,ofMpF,-0.638742,4007,Legacy,CC
27,EPIlowcov_run-1_cbv,/home/chymera/data_scratch/irsabi/preprocessing/legacy_collapsed/sub-4007/ses-ofMpF/func/sub-4007_ses-ofMpF_task-JogB_acq-EPIlowcov_run-1_cbv.nii.gz,ofMpF,-0.586672,4007,Legacy,CC
28,EPIlowcov_run-0_bold,/home/chymera/data_scratch/irsabi/preprocessing/legacy_collapsed/sub-4008/ses-ofM/func/sub-4008_ses-ofM_task-JogB_acq-EPIlowcov_run-0_bold.nii.gz,ofM,-0.632171,4008,Legacy,CC
29,EPIlowcov_run-1_cbv,/home/chymera/data_scratch/irsabi/preprocessing/legacy_collapsed/sub-4008/ses-ofM/func/sub-4008_ses-ofM_task-JogB_acq-EPIlowcov_run-1_cbv.nii.gz,ofM,-0.538596,4008,Legacy,CC
30,EPIlowcov_run-0_bold,/home/chymera/data_scratch/irsabi/preprocessing/legacy_collapsed/sub-4008/ses-ofMaF/func/sub-4008_ses-ofMaF_task-JogB_acq-EPIlowcov_run-0_bold.nii.gz,ofMaF,-0.631151,4008,Legacy,CC
31,EPIlowcov_run-1_cbv,/home/chymera/data_scratch/irsabi/preprocessing/legacy_collapsed/sub-4008/ses-ofMaF/func/sub-4008_ses-ofMaF_task-JogB_acq-EPIlowcov_run-1_cbv.nii.gz,ofMaF,-0.485777,4008,Legacy,CC
32,EPIlowcov_run-0_bold,/home/chymera/data_scratch/irsabi/preprocessing/legacy_collapsed/sub-4008/ses-ofMcF1/func/sub-4008_ses-ofMcF1_task-JogB_acq-EPIlowcov_run-0_bold.nii.gz,ofMcF1,-0.605091,4008,Legacy,CC
33,EPIlowcov_run-1_cbv,/home/chymera/data_scratch/irsabi/preprocessing/legacy_collapsed/sub-4008/ses-ofMcF1/func/sub-4008_ses-ofMcF1_task-JogB_acq-EPIlowcov_run-1_cbv.nii.gz,ofMcF1,-0.64595,4008,Legacy,CC
34,EPIlowcov_run-0_bold,/home/chymera/data_scratch/irsabi/preprocessing/legacy_collapsed/sub-4008/ses-ofMcF2/func/sub-4008_ses-ofMcF2_task-JogB_acq-EPIlowcov_run-0_bold.nii.gz,ofMcF2,-0.609764,4008,Legacy,CC
35,EPIlowcov_run-1_cbv,/home/chymera/data_scratch/irsabi/preprocessing/legacy_collapsed/sub-4008/ses-ofMcF2/func/sub-4008_ses-ofMcF2_task-JogB_acq-EPIlowcov_run-1_cbv.nii.gz,ofMcF2,-0.593762,4008,Legacy,CC
36,EPIlowcov_run-0_bold,/home/chymera/data_scratch/irsabi/preprocessing/legacy_collapsed/sub-4008/ses-ofMpF/func/sub-4008_ses-ofMpF_task-JogB_acq-EPIlowcov_run-0_bold.nii.gz,ofMpF,-0.610632,4008,Legacy,CC
37,EPIlowcov_run-1_cbv,/home/chymera/data_scratch/irsabi/preprocessing/legacy_collapsed/sub-4008/ses-ofMpF/func/sub-4008_ses-ofMpF_task-JogB_acq-EPIlowcov_run-1_cbv.nii.gz,ofMpF,-0.435893,4008,Legacy,CC
38,EPIlowcov_run-0_bold,/home/chymera/data_scratch/irsabi/preprocessing/legacy_collapsed/sub-4009/ses-ofM/func/sub-4009_ses-ofM_task-JogB_acq-EPIlowcov_run-0_bold.nii.gz,ofM,-0.612177,4009,Legacy,CC
39,EPIlowcov_run-1_cbv,/home/chymera/data_scratch/irsabi/preprocessing/legacy_collapsed/sub-4009/ses-ofM/func/sub-4009_ses-ofM_task-JogB_acq-EPIlowcov_run-1_cbv.nii.gz,ofM,-0.565756,4009,Legacy,CC
40,EPIlowcov_run-0_bold,/home/chymera/data_scratch/irsabi/preprocessing/legacy_collapsed/sub-4009/ses-ofMaF/func/sub-4009_ses-ofMaF_task-JogB_acq-EPIlowcov_run-0_bold.nii.gz,ofMaF,-0.654209,4009,Legacy,CC
41,EPIlowcov_run-1_cbv,/home/chymera/data_scratch/irsabi/preprocessing/legacy_collapsed/sub-4009/ses-ofMaF/func/sub-4009_ses-ofMaF_task-JogB_acq-EPIlowcov_run-1_cbv.nii.gz,ofMaF,-0.551856,4009,Legacy,CC
42,EPIlowcov_run-0_bold,/home/chymera/data_scratch/irsabi/preprocessing/legacy_collapsed/sub-4009/ses-ofMcF1/func/sub-4009_ses-ofMcF1_task-JogB_acq-EPIlowcov_run-0_bold.nii.gz,ofMcF1,-0.703999,4009,Legacy,CC
43,EPIlowcov_run-1_cbv,/home/chymera/data_scratch/irsabi/preprocessing/legacy_collapsed/sub-4009/ses-ofMcF1/func/sub-4009_ses-ofMcF1_task-JogB_acq-EPIlowcov_run-1_cbv.nii.gz,ofMcF1,-0.517201,4009,Legacy,CC
44,EPIlowcov_run-0_bold,/home/chymera/data_scratch/irsabi/preprocessing/legacy_collapsed/sub-4009/ses-ofMcF2/func/sub-4009_ses-ofMcF2_task-JogB_acq-EPIlowcov_run-0_bold.nii.gz,ofMcF2,-0.604344,4009,Legacy,CC
45,EPIlowcov_run-1_cbv,/home/chymera/data_scratch/irsabi/preprocessing/legacy_collapsed/sub-4009/ses-ofMcF2/func/sub-4009_ses-ofMcF2_task-JogB_acq-EPIlowcov_run-1_cbv.nii.gz,ofMcF2,-0.475855,4009,Legacy,CC
46,EPIlowcov_run-0_bold,/home/chymera/data_scratch/irsabi/preprocessing/legacy_collapsed/sub-4009/ses-ofMpF/func/sub-4009_ses-ofMpF_task-JogB_acq-EPIlowcov_run-0_bold.nii.gz,ofMpF,-0.636691,4009,Legacy,CC
47,EPIlowcov_run-1_cbv,/home/chymera/data_scratch/irsabi/preprocessing/legacy_collapsed/sub-4009/ses-ofMpF/func/sub-4009_ses-ofMpF_task-JogB_acq-EPIlowcov_run-1_cbv.nii.gz,ofMpF,-0.462006,4009,Legacy,CC
48,EPIlowcov_run-0_bold,/home/chymera/data_scratch/irsabi/preprocessing/legacy_collapsed/sub-4011/ses-ofM/func/sub-4011_ses-ofM_task-JogB_acq-EPIlowcov_run-0_bold.nii.gz,ofM,-0.686344,4011,Legacy,CC
49,EPIlowcov_run-1_cbv,/home/chymera/data_scratch/irsabi/preprocessing/legacy_collapsed/sub-4011/ses-ofM/func/sub-4011_ses-ofM_task-JogB_acq-EPIlowcov_run-1_cbv.nii.gz,ofM,-0.630153,4011,Legacy,CC
50,EPIlowcov_run-0_bold,/home/chymera/data_scratch/irsabi/preprocessing/legacy_collapsed/sub-4011/ses-ofMaF/func/sub-4011_ses-ofMaF_task-JogB_acq-EPIlowcov_run-0_bold.nii.gz,ofMaF,-0.714418,4011,Legacy,CC
51,EPIlowcov_run-1_cbv,/home/chymera/data_scratch/irsabi/preprocessing/legacy_collapsed/sub-4011/ses-ofMaF/func/sub-4011_ses-ofMaF_task-JogB_acq-EPIlowcov_run-1_cbv.nii.gz,ofMaF,-0.443665,4011,Legacy,CC
52,EPIlowcov_run-0_bold,/home/chymera/data_scratch/irsabi/preprocessing/legacy_collapsed/sub-4011/ses-ofMcF1/func/sub-4011_ses-ofMcF1_task-JogB_acq-EPIlowcov_run-0_bold.nii.gz,ofMcF1,-0.635638,4011,Legacy,CC
53,EPIlowcov_run-1_cbv,/home/chymera/data_scratch/irsabi/preprocessing/legacy_collapsed/sub-4011/ses-ofMcF1/func/sub-4011_ses-ofMcF1_task-JogB_acq-EPIlowcov_run-1_cbv.nii.gz,ofMcF1,-0.514551,4011,Legacy,CC
54,EPIlowcov_run-0_bold,/home/chymera/data_scratch/irsabi/preprocessing/legacy_collapsed/sub-4011/ses-ofMcF2/func/sub-4011_ses-ofMcF2_task-JogB_acq-EPIlowcov_run-0_bold.nii.gz,ofMcF2,-0.681246,4011,Legacy,CC
55,EPIlowcov_run-1_cbv,/home/chymera/data_scratch/irsabi/preprocessing/legacy_collapsed/sub-4011/ses-ofMcF2/func/sub-4011_ses-ofMcF2_task-JogB_acq-EPIlowcov_run-1_cbv.nii.gz,ofMcF2,-0.504992,4011,Legacy,CC
56,EPIlowcov_run-0_bold,/home/chymera/data_scratch/irsabi/preprocessing/legacy_collapsed/sub-4012/ses-ofM/func/sub-4012_ses-ofM_task-JogB_acq-EPIlowcov_run-0_bold.nii.gz,ofM,-0.605864,4012,Legacy,CC
57,EPIlowcov_run-1_cbv,/home/chymera/data_scratch/irsabi/preprocessing/legacy_collapsed/sub-4012/ses-ofM/func/sub-4012_ses-ofM_task-JogB_acq-EPIlowcov_run-1_cbv.nii.gz,ofM,-0.50232,4012,Legacy,CC
58,EPIlowcov_run-0_bold,/home/chymera/data_scratch/irsabi/preprocessing/legacy_collapsed/sub-4012/ses-ofMaF/func/sub-4012_ses-ofMaF_task-JogB_acq-EPIlowcov_run-0_bold.nii.gz,ofMaF,-0.730345,4012,Legacy,CC
59,EPIlowcov_run-1_cbv,/home/chymera/data_scratch/irsabi/preprocessing/legacy_collapsed/sub-4012/ses-ofMaF/func/sub-4012_ses-ofMaF_task-JogB_acq-EPIlowcov_run-1_cbv.nii.gz,ofMaF,-0.657732,4012,Legacy,CC
60,EPIlowcov_run-0_bold,/home/chymera/data_scratch/irsabi/preprocessing/legacy_collapsed/sub-4012/ses-ofMcF1/func/sub-4012_ses-ofMcF1_task-JogB_acq-EPIlowcov_run-0_bold.nii.gz,ofMcF1,-0.632554,4012,Legacy,CC
61,EPIlowcov_run-1_cbv,/home/chymera/data_scratch/irsabi/preprocessing/legacy_collapsed/sub-4012/ses-ofMcF1/func/sub-4012_ses-ofMcF1_task-JogB_acq-EPIlowcov_run-1_cbv.nii.gz,ofMcF1,-0.537406,4012,Legacy,CC
62,EPIlowcov_run-0_bold,/home/chymera/data_scratch/irsabi/preprocessing/legacy_collapsed/sub-4012/ses-ofMcF2/func/sub-4012_ses-ofMcF2_task-JogB_acq-EPIlowcov_run-0_bold.nii.gz,ofMcF2,-0.615477,4012,Legacy,CC
63,EPIlowcov_run-1_cbv,/home/chymera/data_scratch/irsabi/preprocessing/legacy_collapsed/sub-4012/ses-ofMcF2/func/sub-4012_ses-ofMcF2_task-JogB_acq-EPIlowcov_run-1_cbv.nii.gz,ofMcF2,-0.563419,4012,Legacy,CC
64,EPIlowcov_run-0_bold,/home/chymera/data_scratch/irsabi/preprocessing/legacy_collapsed/sub-4012/ses-ofMpF/func/sub-4012_ses-ofMpF_task-JogB_acq-EPIlowcov_run-0_bold.nii.gz,ofMpF,-0.600128,4012,Legacy,CC
65,EPIlowcov_run-1_cbv,/home/chymera/data_scratch/irsabi/preprocessing/legacy_collapsed/sub-4012/ses-ofMpF/func/sub-4012_ses-ofMpF_task-JogB_acq-EPIlowcov_run-1_cbv.nii.gz,ofMpF,-0.467627,4012,Legacy,CC
66,EPIlowcov_run-0_bold,/home/chymera/data_scratch/irsabi/preprocessing/legacy_collapsed/sub-4013/ses-ofM/func/sub-4013_ses-ofM_task-JogB_acq-EPIlowcov_run-0_bold.nii.gz,ofM,-0.59579,4013,Legacy,CC
67,EPIlowcov_run-1_cbv,/home/chymera/data_scratch/irsabi/preprocessing/legacy_collapsed/sub-4013/ses-ofM/func/sub-4013_ses-ofM_task-JogB_acq-EPIlowcov_run-1_cbv.nii.gz,ofM,-0.524032,4013,Legacy,CC
0,EPIlowcov_run-0_bold,/home/chymera/data_scratch/irsabi/preprocessing/generic_collapsed/sub-4001/ses-ofM/func/sub-4001_ses-ofM_task-JogB_acq-EPIlowcov_run-0_bold.nii.gz,ofM,-0.423212,4001,Generic,GC
1,EPIlowcov_run-1_cbv,/home/chymera/data_scratch/irsabi/preprocessing/generic_collapsed/sub-4001/ses-ofM/func/sub-4001_ses-ofM_task-JogB_acq-EPIlowcov_run-1_cbv.nii.gz,ofM,-0.419425,4001,Generic,GC
2,EPIlowcov_run-0_bold,/home/chymera/data_scratch/irsabi/preprocessing/generic_collapsed/sub-4001/ses-ofMaF/func/sub-4001_ses-ofMaF_task-JogB_acq-EPIlowcov_run-0_bold.nii.gz,ofMaF,-0.437576,4001,Generic,GC
3,EPIlowcov_run-1_cbv,/home/chymera/data_scratch/irsabi/preprocessing/generic_collapsed/sub-4001/ses-ofMaF/func/sub-4001_ses-ofMaF_task-JogB_acq-EPIlowcov_run-1_cbv.nii.gz,ofMaF,-0.416328,4001,Generic,GC
4,EPIlowcov_run-0_bold,/home/chymera/data_scratch/irsabi/preprocessing/generic_collapsed/sub-4001/ses-ofMcF1/func/sub-4001_ses-ofMcF1_task-JogB_acq-EPIlowcov_run-0_bold.nii.gz,ofMcF1,-0.431675,4001,Generic,GC
5,EPIlowcov_run-1_cbv,/home/chymera/data_scratch/irsabi/preprocessing/generic_collapsed/sub-4001/ses-ofMcF1/func/sub-4001_ses-ofMcF1_task-JogB_acq-EPIlowcov_run-1_cbv.nii.gz,ofMcF1,-0.403094,4001,Generic,GC
6,EPIlowcov_run-0_bold,/home/chymera/data_scratch/irsabi/preprocessing/generic_collapsed/sub-4001/ses-ofMcF2/func/sub-4001_ses-ofMcF2_task-JogB_acq-EPIlowcov_run-0_bold.nii.gz,ofMcF2,-0.412209,4001,Generic,GC
7,EPIlowcov_run-1_cbv,/home/chymera/data_scratch/irsabi/preprocessing/generic_collapsed/sub-4001/ses-ofMcF2/func/sub-4001_ses-ofMcF2_task-JogB_acq-EPIlowcov_run-1_cbv.nii.gz,ofMcF2,-0.424652,4001,Generic,GC
8,EPIlowcov_run-0_bold,/home/chymera/data_scratch/irsabi/preprocessing/generic_collapsed/sub-4002/ses-ofM/func/sub-4002_ses-ofM_task-JogB_acq-EPIlowcov_run-0_bold.nii.gz,ofM,-0.445175,4002,Generic,GC
9,EPIlowcov_run-1_cbv,/home/chymera/data_scratch/irsabi/preprocessing/generic_collapsed/sub-4002/ses-ofM/func/sub-4002_ses-ofM_task-JogB_acq-EPIlowcov_run-1_cbv.nii.gz,ofM,-0.41849,4002,Generic,GC
10,EPIlowcov_run-0_bold,/home/chymera/data_scratch/irsabi/preprocessing/generic_collapsed/sub-4004/ses-ofM/func/sub-4004_ses-ofM_task-JogB_acq-EPIlowcov_run-0_bold.nii.gz,ofM,-0.408106,4004,Generic,GC
11,EPIlowcov_run-1_cbv,/home/chymera/data_scratch/irsabi/preprocessing/generic_collapsed/sub-4004/ses-ofM/func/sub-4004_ses-ofM_task-JogB_acq-EPIlowcov_run-1_cbv.nii.gz,ofM,-0.37647,4004,Generic,GC
12,EPIlowcov_run-0_bold,/home/chymera/data_scratch/irsabi/preprocessing/generic_collapsed/sub-4005/ses-ofM/func/sub-4005_ses-ofM_task-JogB_acq-EPIlowcov_run-0_bold.nii.gz,ofM,-0.39555,4005,Generic,GC
13,EPIlowcov_run-1_cbv,/home/chymera/data_scratch/irsabi/preprocessing/generic_collapsed/sub-4005/ses-ofM/func/sub-4005_ses-ofM_task-JogB_acq-EPIlowcov_run-1_cbv.nii.gz,ofM,-0.373784,4005,Generic,GC
14,EPIlowcov_run-0_bold,/home/chymera/data_scratch/irsabi/preprocessing/generic_collapsed/sub-4005/ses-ofMaF/func/sub-4005_ses-ofMaF_task-JogB_acq-EPIlowcov_run-0_bold.nii.gz,ofMaF,-0.429493,4005,Generic,GC
15,EPIlowcov_run-1_cbv,/home/chymera/data_scratch/irsabi/preprocessing/generic_collapsed/sub-4005/ses-ofMaF/func/sub-4005_ses-ofMaF_task-JogB_acq-EPIlowcov_run-1_cbv.nii.gz,ofMaF,-0.410743,4005,Generic,GC
16,EPIlowcov_run-0_bold,/home/chymera/data_scratch/irsabi/preprocessing/generic_collapsed/sub-4006/ses-ofM/func/sub-4006_ses-ofM_task-JogB_acq-EPIlowcov_run-0_bold.nii.gz,ofM,-0.394375,4006,Generic,GC
17,EPIlowcov_run-1_cbv,/home/chymera/data_scratch/irsabi/preprocessing/generic_collapsed/sub-4006/ses-ofM/func/sub-4006_ses-ofM_task-JogB_acq-EPIlowcov_run-1_cbv.nii.gz,ofM,-0.360181,4006,Generic,GC
18,EPIlowcov_run-0_bold,/home/chymera/data_scratch/irsabi/preprocessing/generic_collapsed/sub-4007/ses-ofM/func/sub-4007_ses-ofM_task-JogB_acq-EPIlowcov_run-0_bold.nii.gz,ofM,-0.440966,4007,Generic,GC
19,EPIlowcov_run-1_cbv,/home/chymera/data_scratch/irsabi/preprocessing/generic_collapsed/sub-4007/ses-ofM/func/sub-4007_ses-ofM_task-JogB_acq-EPIlowcov_run-1_cbv.nii.gz,ofM,-0.401366,4007,Generic,GC
20,EPIlowcov_run-0_bold,/home/chymera/data_scratch/irsabi/preprocessing/generic_collapsed/sub-4007/ses-ofMaF/func/sub-4007_ses-ofMaF_task-JogB_acq-EPIlowcov_run-0_bold.nii.gz,ofMaF,-0.444464,4007,Generic,GC
21,EPIlowcov_run-1_cbv,/home/chymera/data_scratch/irsabi/preprocessing/generic_collapsed/sub-4007/ses-ofMaF/func/sub-4007_ses-ofMaF_task-JogB_acq-EPIlowcov_run-1_cbv.nii.gz,ofMaF,-0.401499,4007,Generic,GC
22,EPIlowcov_run-0_bold,/home/chymera/data_scratch/irsabi/preprocessing/generic_collapsed/sub-4007/ses-ofMcF1/func/sub-4007_ses-ofMcF1_task-JogB_acq-EPIlowcov_run-0_bold.nii.gz,ofMcF1,-0.411943,4007,Generic,GC
23,EPIlowcov_run-1_cbv,/home/chymera/data_scratch/irsabi/preprocessing/generic_collapsed/sub-4007/ses-ofMcF1/func/sub-4007_ses-ofMcF1_task-JogB_acq-EPIlowcov_run-1_cbv.nii.gz,ofMcF1,-0.412246,4007,Generic,GC
24,EPIlowcov_run-0_bold,/home/chymera/data_scratch/irsabi/preprocessing/generic_collapsed/sub-4007/ses-ofMcF2/func/sub-4007_ses-ofMcF2_task-JogB_acq-EPIlowcov_run-0_bold.nii.gz,ofMcF2,-0.435031,4007,Generic,GC
25,EPIlowcov_run-1_cbv,/home/chymera/data_scratch/irsabi/preprocessing/generic_collapsed/sub-4007/ses-ofMcF2/func/sub-4007_ses-ofMcF2_task-JogB_acq-EPIlowcov_run-1_cbv.nii.gz,ofMcF2,-0.405613,4007,Generic,GC
26,EPIlowcov_run-0_bold,/home/chymera/data_scratch/irsabi/preprocessing/generic_collapsed/sub-4007/ses-ofMpF/func/sub-4007_ses-ofMpF_task-JogB_acq-EPIlowcov_run-0_bold.nii.gz,ofMpF,-0.428193,4007,Generic,GC
27,EPIlowcov_run-1_cbv,/home/chymera/data_scratch/irsabi/preprocessing/generic_collapsed/sub-4007/ses-ofMpF/func/sub-4007_ses-ofMpF_task-JogB_acq-EPIlowcov_run-1_cbv.nii.gz,ofMpF,-0.402617,4007,Generic,GC
28,EPIlowcov_run-0_bold,/home/chymera/data_scratch/irsabi/preprocessing/generic_collapsed/sub-4008/ses-ofM/func/sub-4008_ses-ofM_task-JogB_acq-EPIlowcov_run-0_bold.nii.gz,ofM,-0.425257,4008,Generic,GC
29,EPIlowcov_run-1_cbv,/home/chymera/data_scratch/irsabi/preprocessing/generic_collapsed/sub-4008/ses-ofM/func/sub-4008_ses-ofM_task-JogB_acq-EPIlowcov_run-1_cbv.nii.gz,ofM,-0.3837,4008,Generic,GC
30,EPIlowcov_run-0_bold,/home/chymera/data_scratch/irsabi/preprocessing/generic_collapsed/sub-4008/ses-ofMaF/func/sub-4008_ses-ofMaF_task-JogB_acq-EPIlowcov_run-0_bold.nii.gz,ofMaF,-0.426945,4008,Generic,GC
31,EPIlowcov_run-1_cbv,/home/chymera/data_scratch/irsabi/preprocessing/generic_collapsed/sub-4008/ses-ofMaF/func/sub-4008_ses-ofMaF_task-JogB_acq-EPIlowcov_run-1_cbv.nii.gz,ofMaF,-0.379343,4008,Generic,GC
32,EPIlowcov_run-0_bold,/home/chymera/data_scratch/irsabi/preprocessing/generic_collapsed/sub-4008/ses-ofMcF1/func/sub-4008_ses-ofMcF1_task-JogB_acq-EPIlowcov_run-0_bold.nii.gz,ofMcF1,-0.424904,4008,Generic,GC
33,EPIlowcov_run-1_cbv,/home/chymera/data_scratch/irsabi/preprocessing/generic_collapsed/sub-4008/ses-ofMcF1/func/sub-4008_ses-ofMcF1_task-JogB_acq-EPIlowcov_run-1_cbv.nii.gz,ofMcF1,-0.391639,4008,Generic,GC
34,EPIlowcov_run-0_bold,/home/chymera/data_scratch/irsabi/preprocessing/generic_collapsed/sub-4008/ses-ofMcF2/func/sub-4008_ses-ofMcF2_task-JogB_acq-EPIlowcov_run-0_bold.nii.gz,ofMcF2,-0.421921,4008,Generic,GC
35,EPIlowcov_run-1_cbv,/home/chymera/data_scratch/irsabi/preprocessing/generic_collapsed/sub-4008/ses-ofMcF2/func/sub-4008_ses-ofMcF2_task-JogB_acq-EPIlowcov_run-1_cbv.nii.gz,ofMcF2,-0.395281,4008,Generic,GC
36,EPIlowcov_run-0_bold,/home/chymera/data_scratch/irsabi/preprocessing/generic_collapsed/sub-4008/ses-ofMpF/func/sub-4008_ses-ofMpF_task-JogB_acq-EPIlowcov_run-0_bold.nii.gz,ofMpF,-0.429752,4008,Generic,GC
37,EPIlowcov_run-1_cbv,/home/chymera/data_scratch/irsabi/preprocessing/generic_collapsed/sub-4008/ses-ofMpF/func/sub-4008_ses-ofMpF_task-JogB_acq-EPIlowcov_run-1_cbv.nii.gz,ofMpF,-0.348682,4008,Generic,GC
38,EPIlowcov_run-0_bold,/home/chymera/data_scratch/irsabi/preprocessing/generic_collapsed/sub-4009/ses-ofM/func/sub-4009_ses-ofM_task-JogB_acq-EPIlowcov_run-0_bold.nii.gz,ofM,-0.423324,4009,Generic,GC
39,EPIlowcov_run-1_cbv,/home/chymera/data_scratch/irsabi/preprocessing/generic_collapsed/sub-4009/ses-ofM/func/sub-4009_ses-ofM_task-JogB_acq-EPIlowcov_run-1_cbv.nii.gz,ofM,-0.373517,4009,Generic,GC
40,EPIlowcov_run-0_bold,/home/chymera/data_scratch/irsabi/preprocessing/generic_collapsed/sub-4009/ses-ofMaF/func/sub-4009_ses-ofMaF_task-JogB_acq-EPIlowcov_run-0_bold.nii.gz,ofMaF,-0.422585,4009,Generic,GC
41,EPIlowcov_run-1_cbv,/home/chymera/data_scratch/irsabi/preprocessing/generic_collapsed/sub-4009/ses-ofMaF/func/sub-4009_ses-ofMaF_task-JogB_acq-EPIlowcov_run-1_cbv.nii.gz,ofMaF,-0.361894,4009,Generic,GC
42,EPIlowcov_run-0_bold,/home/chymera/data_scratch/irsabi/preprocessing/generic_collapsed/sub-4009/ses-ofMcF1/func/sub-4009_ses-ofMcF1_task-JogB_acq-EPIlowcov_run-0_bold.nii.gz,ofMcF1,-0.432959,4009,Generic,GC
43,EPIlowcov_run-1_cbv,/home/chymera/data_scratch/irsabi/preprocessing/generic_collapsed/sub-4009/ses-ofMcF1/func/sub-4009_ses-ofMcF1_task-JogB_acq-EPIlowcov_run-1_cbv.nii.gz,ofMcF1,-0.396055,4009,Generic,GC
44,EPIlowcov_run-0_bold,/home/chymera/data_scratch/irsabi/preprocessing/generic_collapsed/sub-4009/ses-ofMcF2/func/sub-4009_ses-ofMcF2_task-JogB_acq-EPIlowcov_run-0_bold.nii.gz,ofMcF2,-0.394389,4009,Generic,GC
45,EPIlowcov_run-1_cbv,/home/chymera/data_scratch/irsabi/preprocessing/generic_collapsed/sub-4009/ses-ofMcF2/func/sub-4009_ses-ofMcF2_task-JogB_acq-EPIlowcov_run-1_cbv.nii.gz,ofMcF2,-0.323475,4009,Generic,GC
46,EPIlowcov_run-0_bold,/home/chymera/data_scratch/irsabi/preprocessing/generic_collapsed/sub-4009/ses-ofMpF/func/sub-4009_ses-ofMpF_task-JogB_acq-EPIlowcov_run-0_bold.nii.gz,ofMpF,-0.429551,4009,Generic,GC
47,EPIlowcov_run-1_cbv,/home/chymera/data_scratch/irsabi/preprocessing/generic_collapsed/sub-4009/ses-ofMpF/func/sub-4009_ses-ofMpF_task-JogB_acq-EPIlowcov_run-1_cbv.nii.gz,ofMpF,-0.398173,4009,Generic,GC
48,EPIlowcov_run-0_bold,/home/chymera/data_scratch/irsabi/preprocessing/generic_collapsed/sub-4011/ses-ofM/func/sub-4011_ses-ofM_task-JogB_acq-EPIlowcov_run-0_bold.nii.gz,ofM,-0.382522,4011,Generic,GC
49,EPIlowcov_run-1_cbv,/home/chymera/data_scratch/irsabi/preprocessing/generic_collapsed/sub-4011/ses-ofM/func/sub-4011_ses-ofM_task-JogB_acq-EPIlowcov_run-1_cbv.nii.gz,ofM,-0.349153,4011,Generic,GC
50,EPIlowcov_run-0_bold,/home/chymera/data_scratch/irsabi/preprocessing/generic_collapsed/sub-4011/ses-ofMaF/func/sub-4011_ses-ofMaF_task-JogB_acq-EPIlowcov_run-0_bold.nii.gz,ofMaF,-0.389756,4011,Generic,GC
51,EPIlowcov_run-1_cbv,/home/chymera/data_scratch/irsabi/preprocessing/generic_collapsed/sub-4011/ses-ofMaF/func/sub-4011_ses-ofMaF_task-JogB_acq-EPIlowcov_run-1_cbv.nii.gz,ofMaF,-0.317452,4011,Generic,GC
52,EPIlowcov_run-0_bold,/home/chymera/data_scratch/irsabi/preprocessing/generic_collapsed/sub-4011/ses-ofMcF1/func/sub-4011_ses-ofMcF1_task-JogB_acq-EPIlowcov_run-0_bold.nii.gz,ofMcF1,-0.452547,4011,Generic,GC
53,EPIlowcov_run-1_cbv,/home/chymera/data_scratch/irsabi/preprocessing/generic_collapsed/sub-4011/ses-ofMcF1/func/sub-4011_ses-ofMcF1_task-JogB_acq-EPIlowcov_run-1_cbv.nii.gz,ofMcF1,-0.381486,4011,Generic,GC
54,EPIlowcov_run-0_bold,/home/chymera/data_scratch/irsabi/preprocessing/generic_collapsed/sub-4011/ses-ofMcF2/func/sub-4011_ses-ofMcF2_task-JogB_acq-EPIlowcov_run-0_bold.nii.gz,ofMcF2,-0.421165,4011,Generic,GC
55,EPIlowcov_run-1_cbv,/home/chymera/data_scratch/irsabi/preprocessing/generic_collapsed/sub-4011/ses-ofMcF2/func/sub-4011_ses-ofMcF2_task-JogB_acq-EPIlowcov_run-1_cbv.nii.gz,ofMcF2,-0.336115,4011,Generic,GC
56,EPIlowcov_run-0_bold,/home/chymera/data_scratch/irsabi/preprocessing/generic_collapsed/sub-4012/ses-ofM/func/sub-4012_ses-ofM_task-JogB_acq-EPIlowcov_run-0_bold.nii.gz,ofM,-0.41994,4012,Generic,GC
57,EPIlowcov_run-1_cbv,/home/chymera/data_scratch/irsabi/preprocessing/generic_collapsed/sub-4012/ses-ofM/func/sub-4012_ses-ofM_task-JogB_acq-EPIlowcov_run-1_cbv.nii.gz,ofM,-0.334967,4012,Generic,GC
58,EPIlowcov_run-0_bold,/home/chymera/data_scratch/irsabi/preprocessing/generic_collapsed/sub-4012/ses-ofMaF/func/sub-4012_ses-ofMaF_task-JogB_acq-EPIlowcov_run-0_bold.nii.gz,ofMaF,-0.425719,4012,Generic,GC
59,EPIlowcov_run-1_cbv,/home/chymera/data_scratch/irsabi/preprocessing/generic_collapsed/sub-4012/ses-ofMaF/func/sub-4012_ses-ofMaF_task-JogB_acq-EPIlowcov_run-1_cbv.nii.gz,ofMaF,-0.37657,4012,Generic,GC
60,EPIlowcov_run-0_bold,/home/chymera/data_scratch/irsabi/preprocessing/generic_collapsed/sub-4012/ses-ofMcF1/func/sub-4012_ses-ofMcF1_task-JogB_acq-EPIlowcov_run-0_bold.nii.gz,ofMcF1,-0.406219,4012,Generic,GC
61,EPIlowcov_run-1_cbv,/home/chymera/data_scratch/irsabi/preprocessing/generic_collapsed/sub-4012/ses-ofMcF1/func/sub-4012_ses-ofMcF1_task-JogB_acq-EPIlowcov_run-1_cbv.nii.gz,ofMcF1,-0.393009,4012,Generic,GC
62,EPIlowcov_run-0_bold,/home/chymera/data_scratch/irsabi/preprocessing/generic_collapsed/sub-4012/ses-ofMcF2/func/sub-4012_ses-ofMcF2_task-JogB_acq-EPIlowcov_run-0_bold.nii.gz,ofMcF2,-0.426646,4012,Generic,GC
63,EPIlowcov_run-1_cbv,/home/chymera/data_scratch/irsabi/preprocessing/generic_collapsed/sub-4012/ses-ofMcF2/func/sub-4012_ses-ofMcF2_task-JogB_acq-EPIlowcov_run-1_cbv.nii.gz,ofMcF2,-0.396956,4012,Generic,GC
64,EPIlowcov_run-0_bold,/home/chymera/data_scratch/irsabi/preprocessing/generic_collapsed/sub-4012/ses-ofMpF/func/sub-4012_ses-ofMpF_task-JogB_acq-EPIlowcov_run-0_bold.nii.gz,ofMpF,-0.407431,4012,Generic,GC
65,EPIlowcov_run-1_cbv,/home/chymera/data_scratch/irsabi/preprocessing/generic_collapsed/sub-4012/ses-ofMpF/func/sub-4012_ses-ofMpF_task-JogB_acq-EPIlowcov_run-1_cbv.nii.gz,ofMpF,-0.347566,4012,Generic,GC
66,EPIlowcov_run-0_bold,/home/chymera/data_scratch/irsabi/preprocessing/generic_collapsed/sub-4013/ses-ofM/func/sub-4013_ses-ofM_task-JogB_acq-EPIlowcov_run-0_bold.nii.gz,ofM,-0.413597,4013,Generic,GC
67,EPIlowcov_run-1_cbv,/home/chymera/data_scratch/irsabi/preprocessing/generic_collapsed/sub-4013/ses-ofM/func/sub-4013_ses-ofM_task-JogB_acq-EPIlowcov_run-1_cbv.nii.gz,ofM,-0.373647,4013,Generic,GC
0,EPIlowcov_run-0_bold,/home/chymera/data_scratch/irsabi/preprocessing/legacy_collapsed/sub-4001/ses-ofM/func/sub-4001_ses-ofM_task-JogB_acq-EPIlowcov_run-0_bold.nii.gz,ofM,-0.736057,4001,Legacy,GC
1,EPIlowcov_run-1_cbv,/home/chymera/data_scratch/irsabi/preprocessing/legacy_collapsed/sub-4001/ses-ofM/func/sub-4001_ses-ofM_task-JogB_acq-EPIlowcov_run-1_cbv.nii.gz,ofM,-0.584079,4001,Legacy,GC
2,EPIlowcov_run-0_bold,/home/chymera/data_scratch/irsabi/preprocessing/legacy_collapsed/sub-4001/ses-ofMaF/func/sub-4001_ses-ofMaF_task-JogB_acq-EPIlowcov_run-0_bold.nii.gz,ofMaF,-0.788254,4001,Legacy,GC
3,EPIlowcov_run-1_cbv,/home/chymera/data_scratch/irsabi/preprocessing/legacy_collapsed/sub-4001/ses-ofMaF/func/sub-4001_ses-ofMaF_task-JogB_acq-EPIlowcov_run-1_cbv.nii.gz,ofMaF,-0.577065,4001,Legacy,GC
4,EPIlowcov_run-0_bold,/home/chymera/data_scratch/irsabi/preprocessing/legacy_collapsed/sub-4001/ses-ofMcF1/func/sub-4001_ses-ofMcF1_task-JogB_acq-EPIlowcov_run-0_bold.nii.gz,ofMcF1,-0.791868,4001,Legacy,GC
5,EPIlowcov_run-1_cbv,/home/chymera/data_scratch/irsabi/preprocessing/legacy_collapsed/sub-4001/ses-ofMcF1/func/sub-4001_ses-ofMcF1_task-JogB_acq-EPIlowcov_run-1_cbv.nii.gz,ofMcF1,-0.554076,4001,Legacy,GC
6,EPIlowcov_run-0_bold,/home/chymera/data_scratch/irsabi/preprocessing/legacy_collapsed/sub-4001/ses-ofMcF2/func/sub-4001_ses-ofMcF2_task-JogB_acq-EPIlowcov_run-0_bold.nii.gz,ofMcF2,-0.712063,4001,Legacy,GC
7,EPIlowcov_run-1_cbv,/home/chymera/data_scratch/irsabi/preprocessing/legacy_collapsed/sub-4001/ses-ofMcF2/func/sub-4001_ses-ofMcF2_task-JogB_acq-EPIlowcov_run-1_cbv.nii.gz,ofMcF2,-0.599956,4001,Legacy,GC
8,EPIlowcov_run-0_bold,/home/chymera/data_scratch/irsabi/preprocessing/legacy_collapsed/sub-4002/ses-ofM/func/sub-4002_ses-ofM_task-JogB_acq-EPIlowcov_run-0_bold.nii.gz,ofM,-0.779723,4002,Legacy,GC
9,EPIlowcov_run-1_cbv,/home/chymera/data_scratch/irsabi/preprocessing/legacy_collapsed/sub-4002/ses-ofM/func/sub-4002_ses-ofM_task-JogB_acq-EPIlowcov_run-1_cbv.nii.gz,ofM,-0.637141,4002,Legacy,GC
10,EPIlowcov_run-0_bold,/home/chymera/data_scratch/irsabi/preprocessing/legacy_collapsed/sub-4004/ses-ofM/func/sub-4004_ses-ofM_task-JogB_acq-EPIlowcov_run-0_bold.nii.gz,ofM,-0.672176,4004,Legacy,GC
11,EPIlowcov_run-1_cbv,/home/chymera/data_scratch/irsabi/preprocessing/legacy_collapsed/sub-4004/ses-ofM/func/sub-4004_ses-ofM_task-JogB_acq-EPIlowcov_run-1_cbv.nii.gz,ofM,-0.592154,4004,Legacy,GC
12,EPIlowcov_run-0_bold,/home/chymera/data_scratch/irsabi/preprocessing/legacy_collapsed/sub-4005/ses-ofM/func/sub-4005_ses-ofM_task-JogB_acq-EPIlowcov_run-0_bold.nii.gz,ofM,-0.646588,4005,Legacy,GC
13,EPIlowcov_run-1_cbv,/home/chymera/data_scratch/irsabi/preprocessing/legacy_collapsed/sub-4005/ses-ofM/func/sub-4005_ses-ofM_task-JogB_acq-EPIlowcov_run-1_cbv.nii.gz,ofM,-0.507995,4005,Legacy,GC
14,EPIlowcov_run-0_bold,/home/chymera/data_scratch/irsabi/preprocessing/legacy_collapsed/sub-4005/ses-ofMaF/func/sub-4005_ses-ofMaF_task-JogB_acq-EPIlowcov_run-0_bold.nii.gz,ofMaF,-0.778125,4005,Legacy,GC
15,EPIlowcov_run-1_cbv,/home/chymera/data_scratch/irsabi/preprocessing/legacy_collapsed/sub-4005/ses-ofMaF/func/sub-4005_ses-ofMaF_task-JogB_acq-EPIlowcov_run-1_cbv.nii.gz,ofMaF,-0.567266,4005,Legacy,GC
16,EPIlowcov_run-0_bold,/home/chymera/data_scratch/irsabi/preprocessing/legacy_collapsed/sub-4006/ses-ofM/func/sub-4006_ses-ofM_task-JogB_acq-EPIlowcov_run-0_bold.nii.gz,ofM,-0.650508,4006,Legacy,GC
17,EPIlowcov_run-1_cbv,/home/chymera/data_scratch/irsabi/preprocessing/legacy_collapsed/sub-4006/ses-ofM/func/sub-4006_ses-ofM_task-JogB_acq-EPIlowcov_run-1_cbv.nii.gz,ofM,-0.550576,4006,Legacy,GC
18,EPIlowcov_run-0_bold,/home/chymera/data_scratch/irsabi/preprocessing/legacy_collapsed/sub-4007/ses-ofM/func/sub-4007_ses-ofM_task-JogB_acq-EPIlowcov_run-0_bold.nii.gz,ofM,-0.79481,4007,Legacy,GC
19,EPIlowcov_run-1_cbv,/home/chymera/data_scratch/irsabi/preprocessing/legacy_collapsed/sub-4007/ses-ofM/func/sub-4007_ses-ofM_task-JogB_acq-EPIlowcov_run-1_cbv.nii.gz,ofM,-0.563134,4007,Legacy,GC
20,EPIlowcov_run-0_bold,/home/chymera/data_scratch/irsabi/preprocessing/legacy_collapsed/sub-4007/ses-ofMaF/func/sub-4007_ses-ofMaF_task-JogB_acq-EPIlowcov_run-0_bold.nii.gz,ofMaF,-0.78241,4007,Legacy,GC
21,EPIlowcov_run-1_cbv,/home/chymera/data_scratch/irsabi/preprocessing/legacy_collapsed/sub-4007/ses-ofMaF/func/sub-4007_ses-ofMaF_task-JogB_acq-EPIlowcov_run-1_cbv.nii.gz,ofMaF,-0.647614,4007,Legacy,GC
22,EPIlowcov_run-0_bold,/home/chymera/data_scratch/irsabi/preprocessing/legacy_collapsed/sub-4007/ses-ofMcF1/func/sub-4007_ses-ofMcF1_task-JogB_acq-EPIlowcov_run-0_bold.nii.gz,ofMcF1,-0.792716,4007,Legacy,GC
23,EPIlowcov_run-1_cbv,/home/chymera/data_scratch/irsabi/preprocessing/legacy_collapsed/sub-4007/ses-ofMcF1/func/sub-4007_ses-ofMcF1_task-JogB_acq-EPIlowcov_run-1_cbv.nii.gz,ofMcF1,-0.584145,4007,Legacy,GC
24,EPIlowcov_run-0_bold,/home/chymera/data_scratch/irsabi/preprocessing/legacy_collapsed/sub-4007/ses-ofMcF2/func/sub-4007_ses-ofMcF2_task-JogB_acq-EPIlowcov_run-0_bold.nii.gz,ofMcF2,-0.785147,4007,Legacy,GC
25,EPIlowcov_run-1_cbv,/home/chymera/data_scratch/irsabi/preprocessing/legacy_collapsed/sub-4007/ses-ofMcF2/func/sub-4007_ses-ofMcF2_task-JogB_acq-EPIlowcov_run-1_cbv.nii.gz,ofMcF2,-0.670551,4007,Legacy,GC
26,EPIlowcov_run-0_bold,/home/chymera/data_scratch/irsabi/preprocessing/legacy_collapsed/sub-4007/ses-ofMpF/func/sub-4007_ses-ofMpF_task-JogB_acq-EPIlowcov_run-0_bold.nii.gz,ofMpF,-0.790707,4007,Legacy,GC
27,EPIlowcov_run-1_cbv,/home/chymera/data_scratch/irsabi/preprocessing/legacy_collapsed/sub-4007/ses-ofMpF/func/sub-4007_ses-ofMpF_task-JogB_acq-EPIlowcov_run-1_cbv.nii.gz,ofMpF,-0.569524,4007,Legacy,GC
28,EPIlowcov_run-0_bold,/home/chymera/data_scratch/irsabi/preprocessing/legacy_collapsed/sub-4008/ses-ofM/func/sub-4008_ses-ofM_task-JogB_acq-EPIlowcov_run-0_bold.nii.gz,ofM,-0.783166,4008,Legacy,GC
29,EPIlowcov_run-1_cbv,/home/chymera/data_scratch/irsabi/preprocessing/legacy_collapsed/sub-4008/ses-ofM/func/sub-4008_ses-ofM_task-JogB_acq-EPIlowcov_run-1_cbv.nii.gz,ofM,-0.642272,4008,Legacy,GC
30,EPIlowcov_run-0_bold,/home/chymera/data_scratch/irsabi/preprocessing/legacy_collapsed/sub-4008/ses-ofMaF/func/sub-4008_ses-ofMaF_task-JogB_acq-EPIlowcov_run-0_bold.nii.gz,ofMaF,-0.779036,4008,Legacy,GC
31,EPIlowcov_run-1_cbv,/home/chymera/data_scratch/irsabi/preprocessing/legacy_collapsed/sub-4008/ses-ofMaF/func/sub-4008_ses-ofMaF_task-JogB_acq-EPIlowcov_run-1_cbv.nii.gz,ofMaF,-0.589178,4008,Legacy,GC
32,EPIlowcov_run-0_bold,/home/chymera/data_scratch/irsabi/preprocessing/legacy_collapsed/sub-4008/ses-ofMcF1/func/sub-4008_ses-ofMcF1_task-JogB_acq-EPIlowcov_run-0_bold.nii.gz,ofMcF1,-0.765151,4008,Legacy,GC
33,EPIlowcov_run-1_cbv,/home/chymera/data_scratch/irsabi/preprocessing/legacy_collapsed/sub-4008/ses-ofMcF1/func/sub-4008_ses-ofMcF1_task-JogB_acq-EPIlowcov_run-1_cbv.nii.gz,ofMcF1,-0.661267,4008,Legacy,GC
34,EPIlowcov_run-0_bold,/home/chymera/data_scratch/irsabi/preprocessing/legacy_collapsed/sub-4008/ses-ofMcF2/func/sub-4008_ses-ofMcF2_task-JogB_acq-EPIlowcov_run-0_bold.nii.gz,ofMcF2,-0.764919,4008,Legacy,GC
35,EPIlowcov_run-1_cbv,/home/chymera/data_scratch/irsabi/preprocessing/legacy_collapsed/sub-4008/ses-ofMcF2/func/sub-4008_ses-ofMcF2_task-JogB_acq-EPIlowcov_run-1_cbv.nii.gz,ofMcF2,-0.666292,4008,Legacy,GC
36,EPIlowcov_run-0_bold,/home/chymera/data_scratch/irsabi/preprocessing/legacy_collapsed/sub-4008/ses-ofMpF/func/sub-4008_ses-ofMpF_task-JogB_acq-EPIlowcov_run-0_bold.nii.gz,ofMpF,-0.766051,4008,Legacy,GC
37,EPIlowcov_run-1_cbv,/home/chymera/data_scratch/irsabi/preprocessing/legacy_collapsed/sub-4008/ses-ofMpF/func/sub-4008_ses-ofMpF_task-JogB_acq-EPIlowcov_run-1_cbv.nii.gz,ofMpF,-0.525255,4008,Legacy,GC
38,EPIlowcov_run-0_bold,/home/chymera/data_scratch/irsabi/preprocessing/legacy_collapsed/sub-4009/ses-ofM/func/sub-4009_ses-ofM_task-JogB_acq-EPIlowcov_run-0_bold.nii.gz,ofM,-0.76621,4009,Legacy,GC
39,EPIlowcov_run-1_cbv,/home/chymera/data_scratch/irsabi/preprocessing/legacy_collapsed/sub-4009/ses-ofM/func/sub-4009_ses-ofM_task-JogB_acq-EPIlowcov_run-1_cbv.nii.gz,ofM,-0.585673,4009,Legacy,GC
40,EPIlowcov_run-0_bold,/home/chymera/data_scratch/irsabi/preprocessing/legacy_collapsed/sub-4009/ses-ofMaF/func/sub-4009_ses-ofMaF_task-JogB_acq-EPIlowcov_run-0_bold.nii.gz,ofMaF,-0.75685,4009,Legacy,GC
41,EPIlowcov_run-1_cbv,/home/chymera/data_scratch/irsabi/preprocessing/legacy_collapsed/sub-4009/ses-ofMaF/func/sub-4009_ses-ofMaF_task-JogB_acq-EPIlowcov_run-1_cbv.nii.gz,ofMaF,-0.616078,4009,Legacy,GC
42,EPIlowcov_run-0_bold,/home/chymera/data_scratch/irsabi/preprocessing/legacy_collapsed/sub-4009/ses-ofMcF1/func/sub-4009_ses-ofMcF1_task-JogB_acq-EPIlowcov_run-0_bold.nii.gz,ofMcF1,-0.760598,4009,Legacy,GC
43,EPIlowcov_run-1_cbv,/home/chymera/data_scratch/irsabi/preprocessing/legacy_collapsed/sub-4009/ses-ofMcF1/func/sub-4009_ses-ofMcF1_task-JogB_acq-EPIlowcov_run-1_cbv.nii.gz,ofMcF1,-0.631218,4009,Legacy,GC
44,EPIlowcov_run-0_bold,/home/chymera/data_scratch/irsabi/preprocessing/legacy_collapsed/sub-4009/ses-ofMcF2/func/sub-4009_ses-ofMcF2_task-JogB_acq-EPIlowcov_run-0_bold.nii.gz,ofMcF2,-0.758299,4009,Legacy,GC
45,EPIlowcov_run-1_cbv,/home/chymera/data_scratch/irsabi/preprocessing/legacy_collapsed/sub-4009/ses-ofMcF2/func/sub-4009_ses-ofMcF2_task-JogB_acq-EPIlowcov_run-1_cbv.nii.gz,ofMcF2,-0.555261,4009,Legacy,GC
46,EPIlowcov_run-0_bold,/home/chymera/data_scratch/irsabi/preprocessing/legacy_collapsed/sub-4009/ses-ofMpF/func/sub-4009_ses-ofMpF_task-JogB_acq-EPIlowcov_run-0_bold.nii.gz,ofMpF,-0.75347,4009,Legacy,GC
47,EPIlowcov_run-1_cbv,/home/chymera/data_scratch/irsabi/preprocessing/legacy_collapsed/sub-4009/ses-ofMpF/func/sub-4009_ses-ofMpF_task-JogB_acq-EPIlowcov_run-1_cbv.nii.gz,ofMpF,-0.578721,4009,Legacy,GC
48,EPIlowcov_run-0_bold,/home/chymera/data_scratch/irsabi/preprocessing/legacy_collapsed/sub-4011/ses-ofM/func/sub-4011_ses-ofM_task-JogB_acq-EPIlowcov_run-0_bold.nii.gz,ofM,-0.767645,4011,Legacy,GC
49,EPIlowcov_run-1_cbv,/home/chymera/data_scratch/irsabi/preprocessing/legacy_collapsed/sub-4011/ses-ofM/func/sub-4011_ses-ofM_task-JogB_acq-EPIlowcov_run-1_cbv.nii.gz,ofM,-0.538083,4011,Legacy,GC
50,EPIlowcov_run-0_bold,/home/chymera/data_scratch/irsabi/preprocessing/legacy_collapsed/sub-4011/ses-ofMaF/func/sub-4011_ses-ofMaF_task-JogB_acq-EPIlowcov_run-0_bold.nii.gz,ofMaF,-0.706908,4011,Legacy,GC
51,EPIlowcov_run-1_cbv,/home/chymera/data_scratch/irsabi/preprocessing/legacy_collapsed/sub-4011/ses-ofMaF/func/sub-4011_ses-ofMaF_task-JogB_acq-EPIlowcov_run-1_cbv.nii.gz,ofMaF,-0.520823,4011,Legacy,GC
52,EPIlowcov_run-0_bold,/home/chymera/data_scratch/irsabi/preprocessing/legacy_collapsed/sub-4011/ses-ofMcF1/func/sub-4011_ses-ofMcF1_task-JogB_acq-EPIlowcov_run-0_bold.nii.gz,ofMcF1,-0.783709,4011,Legacy,GC
53,EPIlowcov_run-1_cbv,/home/chymera/data_scratch/irsabi/preprocessing/legacy_collapsed/sub-4011/ses-ofMcF1/func/sub-4011_ses-ofMcF1_task-JogB_acq-EPIlowcov_run-1_cbv.nii.gz,ofMcF1,-0.630981,4011,Legacy,GC
54,EPIlowcov_run-0_bold,/home/chymera/data_scratch/irsabi/preprocessing/legacy_collapsed/sub-4011/ses-ofMcF2/func/sub-4011_ses-ofMcF2_task-JogB_acq-EPIlowcov_run-0_bold.nii.gz,ofMcF2,-0.769858,4011,Legacy,GC
55,EPIlowcov_run-1_cbv,/home/chymera/data_scratch/irsabi/preprocessing/legacy_collapsed/sub-4011/ses-ofMcF2/func/sub-4011_ses-ofMcF2_task-JogB_acq-EPIlowcov_run-1_cbv.nii.gz,ofMcF2,-0.568598,4011,Legacy,GC
56,EPIlowcov_run-0_bold,/home/chymera/data_scratch/irsabi/preprocessing/legacy_collapsed/sub-4012/ses-ofM/func/sub-4012_ses-ofM_task-JogB_acq-EPIlowcov_run-0_bold.nii.gz,ofM,-0.76755,4012,Legacy,GC
57,EPIlowcov_run-1_cbv,/home/chymera/data_scratch/irsabi/preprocessing/legacy_collapsed/sub-4012/ses-ofM/func/sub-4012_ses-ofM_task-JogB_acq-EPIlowcov_run-1_cbv.nii.gz,ofM,-0.576545,4012,Legacy,GC
58,EPIlowcov_run-0_bold,/home/chymera/data_scratch/irsabi/preprocessing/legacy_collapsed/sub-4012/ses-ofMaF/func/sub-4012_ses-ofMaF_task-JogB_acq-EPIlowcov_run-0_bold.nii.gz,ofMaF,-0.772747,4012,Legacy,GC
59,EPIlowcov_run-1_cbv,/home/chymera/data_scratch/irsabi/preprocessing/legacy_collapsed/sub-4012/ses-ofMaF/func/sub-4012_ses-ofMaF_task-JogB_acq-EPIlowcov_run-1_cbv.nii.gz,ofMaF,-0.571262,4012,Legacy,GC
60,EPIlowcov_run-0_bold,/home/chymera/data_scratch/irsabi/preprocessing/legacy_collapsed/sub-4012/ses-ofMcF1/func/sub-4012_ses-ofMcF1_task-JogB_acq-EPIlowcov_run-0_bold.nii.gz,ofMcF1,-0.772282,4012,Legacy,GC
61,EPIlowcov_run-1_cbv,/home/chymera/data_scratch/irsabi/preprocessing/legacy_collapsed/sub-4012/ses-ofMcF1/func/sub-4012_ses-ofMcF1_task-JogB_acq-EPIlowcov_run-1_cbv.nii.gz,ofMcF1,-0.65375,4012,Legacy,GC
62,EPIlowcov_run-0_bold,/home/chymera/data_scratch/irsabi/preprocessing/legacy_collapsed/sub-4012/ses-ofMcF2/func/sub-4012_ses-ofMcF2_task-JogB_acq-EPIlowcov_run-0_bold.nii.gz,ofMcF2,-0.781283,4012,Legacy,GC
63,EPIlowcov_run-1_cbv,/home/chymera/data_scratch/irsabi/preprocessing/legacy_collapsed/sub-4012/ses-ofMcF2/func/sub-4012_ses-ofMcF2_task-JogB_acq-EPIlowcov_run-1_cbv.nii.gz,ofMcF2,-0.664527,4012,Legacy,GC
64,EPIlowcov_run-0_bold,/home/chymera/data_scratch/irsabi/preprocessing/legacy_collapsed/sub-4012/ses-ofMpF/func/sub-4012_ses-ofMpF_task-JogB_acq-EPIlowcov_run-0_bold.nii.gz,ofMpF,-0.760732,4012,Legacy,GC
65,EPIlowcov_run-1_cbv,/home/chymera/data_scratch/irsabi/preprocessing/legacy_collapsed/sub-4012/ses-ofMpF/func/sub-4012_ses-ofMpF_task-JogB_acq-EPIlowcov_run-1_cbv.nii.gz,ofMpF,-0.55977,4012,Legacy,GC
66,EPIlowcov_run-0_bold,/home/chymera/data_scratch/irsabi/preprocessing/legacy_collapsed/sub-4013/ses-ofM/func/sub-4013_ses-ofM_task-JogB_acq-EPIlowcov_run-0_bold.nii.gz,ofM,-0.772335,4013,Legacy,GC
67,EPIlowcov_run-1_cbv,/home/chymera/data_scratch/irsabi/preprocessing/legacy_collapsed/sub-4013/ses-ofM/func/sub-4013_ses-ofM_task-JogB_acq-EPIlowcov_run-1_cbv.nii.gz,ofM,-0.590063,4013,Legacy,GC
0,EPIlowcov_run-0_bold,/home/chymera/data_scratch/irsabi/preprocessing/generic_collapsed/sub-4001/ses-ofM/func/sub-4001_ses-ofM_task-JogB_acq-EPIlowcov_run-0_bold.nii.gz,ofM,-0.110367,4001,Generic,MI
1,EPIlowcov_run-1_cbv,/home/chymera/data_scratch/irsabi/preprocessing/generic_collapsed/sub-4001/ses-ofM/func/sub-4001_ses-ofM_task-JogB_acq-EPIlowcov_run-1_cbv.nii.gz,ofM,-0.120911,4001,Generic,MI
2,EPIlowcov_run-0_bold,/home/chymera/data_scratch/irsabi/preprocessing/generic_collapsed/sub-4001/ses-ofMaF/func/sub-4001_ses-ofMaF_task-JogB_acq-EPIlowcov_run-0_bold.nii.gz,ofMaF,-0.12204,4001,Generic,MI
3,EPIlowcov_run-1_cbv,/home/chymera/data_scratch/irsabi/preprocessing/generic_collapsed/sub-4001/ses-ofMaF/func/sub-4001_ses-ofMaF_task-JogB_acq-EPIlowcov_run-1_cbv.nii.gz,ofMaF,-0.113491,4001,Generic,MI
4,EPIlowcov_run-0_bold,/home/chymera/data_scratch/irsabi/preprocessing/generic_collapsed/sub-4001/ses-ofMcF1/func/sub-4001_ses-ofMcF1_task-JogB_acq-EPIlowcov_run-0_bold.nii.gz,ofMcF1,-0.125384,4001,Generic,MI
5,EPIlowcov_run-1_cbv,/home/chymera/data_scratch/irsabi/preprocessing/generic_collapsed/sub-4001/ses-ofMcF1/func/sub-4001_ses-ofMcF1_task-JogB_acq-EPIlowcov_run-1_cbv.nii.gz,ofMcF1,-0.10678,4001,Generic,MI
6,EPIlowcov_run-0_bold,/home/chymera/data_scratch/irsabi/preprocessing/generic_collapsed/sub-4001/ses-ofMcF2/func/sub-4001_ses-ofMcF2_task-JogB_acq-EPIlowcov_run-0_bold.nii.gz,ofMcF2,-0.0909477,4001,Generic,MI
7,EPIlowcov_run-1_cbv,/home/chymera/data_scratch/irsabi/preprocessing/generic_collapsed/sub-4001/ses-ofMcF2/func/sub-4001_ses-ofMcF2_task-JogB_acq-EPIlowcov_run-1_cbv.nii.gz,ofMcF2,-0.111481,4001,Generic,MI
8,EPIlowcov_run-0_bold,/home/chymera/data_scratch/irsabi/preprocessing/generic_collapsed/sub-4002/ses-ofM/func/sub-4002_ses-ofM_task-JogB_acq-EPIlowcov_run-0_bold.nii.gz,ofM,-0.128153,4002,Generic,MI
9,EPIlowcov_run-1_cbv,/home/chymera/data_scratch/irsabi/preprocessing/generic_collapsed/sub-4002/ses-ofM/func/sub-4002_ses-ofM_task-JogB_acq-EPIlowcov_run-1_cbv.nii.gz,ofM,-0.118575,4002,Generic,MI
10,EPIlowcov_run-0_bold,/home/chymera/data_scratch/irsabi/preprocessing/generic_collapsed/sub-4004/ses-ofM/func/sub-4004_ses-ofM_task-JogB_acq-EPIlowcov_run-0_bold.nii.gz,ofM,-0.118725,4004,Generic,MI
11,EPIlowcov_run-1_cbv,/home/chymera/data_scratch/irsabi/preprocessing/generic_collapsed/sub-4004/ses-ofM/func/sub-4004_ses-ofM_task-JogB_acq-EPIlowcov_run-1_cbv.nii.gz,ofM,-0.101748,4004,Generic,MI
12,EPIlowcov_run-0_bold,/home/chymera/data_scratch/irsabi/preprocessing/generic_collapsed/sub-4005/ses-ofM/func/sub-4005_ses-ofM_task-JogB_acq-EPIlowcov_run-0_bold.nii.gz,ofM,-0.11107,4005,Generic,MI
13,EPIlowcov_run-1_cbv,/home/chymera/data_scratch/irsabi/preprocessing/generic_collapsed/sub-4005/ses-ofM/func/sub-4005_ses-ofM_task-JogB_acq-EPIlowcov_run-1_cbv.nii.gz,ofM,-0.102616,4005,Generic,MI
14,EPIlowcov_run-0_bold,/home/chymera/data_scratch/irsabi/preprocessing/generic_collapsed/sub-4005/ses-ofMaF/func/sub-4005_ses-ofMaF_task-JogB_acq-EPIlowcov_run-0_bold.nii.gz,ofMaF,-0.122896,4005,Generic,MI
15,EPIlowcov_run-1_cbv,/home/chymera/data_scratch/irsabi/preprocessing/generic_collapsed/sub-4005/ses-ofMaF/func/sub-4005_ses-ofMaF_task-JogB_acq-EPIlowcov_run-1_cbv.nii.gz,ofMaF,-0.111811,4005,Generic,MI
16,EPIlowcov_run-0_bold,/home/chymera/data_scratch/irsabi/preprocessing/generic_collapsed/sub-4006/ses-ofM/func/sub-4006_ses-ofM_task-JogB_acq-EPIlowcov_run-0_bold.nii.gz,ofM,-0.112248,4006,Generic,MI
17,EPIlowcov_run-1_cbv,/home/chymera/data_scratch/irsabi/preprocessing/generic_collapsed/sub-4006/ses-ofM/func/sub-4006_ses-ofM_task-JogB_acq-EPIlowcov_run-1_cbv.nii.gz,ofM,-0.102949,4006,Generic,MI
18,EPIlowcov_run-0_bold,/home/chymera/data_scratch/irsabi/preprocessing/generic_collapsed/sub-4007/ses-ofM/func/sub-4007_ses-ofM_task-JogB_acq-EPIlowcov_run-0_bold.nii.gz,ofM,-0.119813,4007,Generic,MI
19,EPIlowcov_run-1_cbv,/home/chymera/data_scratch/irsabi/preprocessing/generic_collapsed/sub-4007/ses-ofM/func/sub-4007_ses-ofM_task-JogB_acq-EPIlowcov_run-1_cbv.nii.gz,ofM,-0.104679,4007,Generic,MI
20,EPIlowcov_run-0_bold,/home/chymera/data_scratch/irsabi/preprocessing/generic_collapsed/sub-4007/ses-ofMaF/func/sub-4007_ses-ofMaF_task-JogB_acq-EPIlowcov_run-0_bold.nii.gz,ofMaF,-0.136654,4007,Generic,MI
21,EPIlowcov_run-1_cbv,/home/chymera/data_scratch/irsabi/preprocessing/generic_collapsed/sub-4007/ses-ofMaF/func/sub-4007_ses-ofMaF_task-JogB_acq-EPIlowcov_run-1_cbv.nii.gz,ofMaF,-0.113685,4007,Generic,MI
22,EPIlowcov_run-0_bold,/home/chymera/data_scratch/irsabi/preprocessing/generic_collapsed/sub-4007/ses-ofMcF1/func/sub-4007_ses-ofMcF1_task-JogB_acq-EPIlowcov_run-0_bold.nii.gz,ofMcF1,-0.131486,4007,Generic,MI
23,EPIlowcov_run-1_cbv,/home/chymera/data_scratch/irsabi/preprocessing/generic_collapsed/sub-4007/ses-ofMcF1/func/sub-4007_ses-ofMcF1_task-JogB_acq-EPIlowcov_run-1_cbv.nii.gz,ofMcF1,-0.128252,4007,Generic,MI
24,EPIlowcov_run-0_bold,/home/chymera/data_scratch/irsabi/preprocessing/generic_collapsed/sub-4007/ses-ofMcF2/func/sub-4007_ses-ofMcF2_task-JogB_acq-EPIlowcov_run-0_bold.nii.gz,ofMcF2,-0.145631,4007,Generic,MI
25,EPIlowcov_run-1_cbv,/home/chymera/data_scratch/irsabi/preprocessing/generic_collapsed/sub-4007/ses-ofMcF2/func/sub-4007_ses-ofMcF2_task-JogB_acq-EPIlowcov_run-1_cbv.nii.gz,ofMcF2,-0.115852,4007,Generic,MI
26,EPIlowcov_run-0_bold,/home/chymera/data_scratch/irsabi/preprocessing/generic_collapsed/sub-4007/ses-ofMpF/func/sub-4007_ses-ofMpF_task-JogB_acq-EPIlowcov_run-0_bold.nii.gz,ofMpF,-0.122716,4007,Generic,MI
27,EPIlowcov_run-1_cbv,/home/chymera/data_scratch/irsabi/preprocessing/generic_collapsed/sub-4007/ses-ofMpF/func/sub-4007_ses-ofMpF_task-JogB_acq-EPIlowcov_run-1_cbv.nii.gz,ofMpF,-0.10867,4007,Generic,MI
28,EPIlowcov_run-0_bold,/home/chymera/data_scratch/irsabi/preprocessing/generic_collapsed/sub-4008/ses-ofM/func/sub-4008_ses-ofM_task-JogB_acq-EPIlowcov_run-0_bold.nii.gz,ofM,-0.13123,4008,Generic,MI
29,EPIlowcov_run-1_cbv,/home/chymera/data_scratch/irsabi/preprocessing/generic_collapsed/sub-4008/ses-ofM/func/sub-4008_ses-ofM_task-JogB_acq-EPIlowcov_run-1_cbv.nii.gz,ofM,-0.104186,4008,Generic,MI
30,EPIlowcov_run-0_bold,/home/chymera/data_scratch/irsabi/preprocessing/generic_collapsed/sub-4008/ses-ofMaF/func/sub-4008_ses-ofMaF_task-JogB_acq-EPIlowcov_run-0_bold.nii.gz,ofMaF,-0.128603,4008,Generic,MI
31,EPIlowcov_run-1_cbv,/home/chymera/data_scratch/irsabi/preprocessing/generic_collapsed/sub-4008/ses-ofMaF/func/sub-4008_ses-ofMaF_task-JogB_acq-EPIlowcov_run-1_cbv.nii.gz,ofMaF,-0.105293,4008,Generic,MI
32,EPIlowcov_run-0_bold,/home/chymera/data_scratch/irsabi/preprocessing/generic_collapsed/sub-4008/ses-ofMcF1/func/sub-4008_ses-ofMcF1_task-JogB_acq-EPIlowcov_run-0_bold.nii.gz,ofMcF1,-0.120713,4008,Generic,MI
33,EPIlowcov_run-1_cbv,/home/chymera/data_scratch/irsabi/preprocessing/generic_collapsed/sub-4008/ses-ofMcF1/func/sub-4008_ses-ofMcF1_task-JogB_acq-EPIlowcov_run-1_cbv.nii.gz,ofMcF1,-0.110476,4008,Generic,MI
34,EPIlowcov_run-0_bold,/home/chymera/data_scratch/irsabi/preprocessing/generic_collapsed/sub-4008/ses-ofMcF2/func/sub-4008_ses-ofMcF2_task-JogB_acq-EPIlowcov_run-0_bold.nii.gz,ofMcF2,-0.129163,4008,Generic,MI
35,EPIlowcov_run-1_cbv,/home/chymera/data_scratch/irsabi/preprocessing/generic_collapsed/sub-4008/ses-ofMcF2/func/sub-4008_ses-ofMcF2_task-JogB_acq-EPIlowcov_run-1_cbv.nii.gz,ofMcF2,-0.109018,4008,Generic,MI
36,EPIlowcov_run-0_bold,/home/chymera/data_scratch/irsabi/preprocessing/generic_collapsed/sub-4008/ses-ofMpF/func/sub-4008_ses-ofMpF_task-JogB_acq-EPIlowcov_run-0_bold.nii.gz,ofMpF,-0.136009,4008,Generic,MI
37,EPIlowcov_run-1_cbv,/home/chymera/data_scratch/irsabi/preprocessing/generic_collapsed/sub-4008/ses-ofMpF/func/sub-4008_ses-ofMpF_task-JogB_acq-EPIlowcov_run-1_cbv.nii.gz,ofMpF,-0.0926032,4008,Generic,MI
38,EPIlowcov_run-0_bold,/home/chymera/data_scratch/irsabi/preprocessing/generic_collapsed/sub-4009/ses-ofM/func/sub-4009_ses-ofM_task-JogB_acq-EPIlowcov_run-0_bold.nii.gz,ofM,-0.126533,4009,Generic,MI
39,EPIlowcov_run-1_cbv,/home/chymera/data_scratch/irsabi/preprocessing/generic_collapsed/sub-4009/ses-ofM/func/sub-4009_ses-ofM_task-JogB_acq-EPIlowcov_run-1_cbv.nii.gz,ofM,-0.111682,4009,Generic,MI
40,EPIlowcov_run-0_bold,/home/chymera/data_scratch/irsabi/preprocessing/generic_collapsed/sub-4009/ses-ofMaF/func/sub-4009_ses-ofMaF_task-JogB_acq-EPIlowcov_run-0_bold.nii.gz,ofMaF,-0.126373,4009,Generic,MI
41,EPIlowcov_run-1_cbv,/home/chymera/data_scratch/irsabi/preprocessing/generic_collapsed/sub-4009/ses-ofMaF/func/sub-4009_ses-ofMaF_task-JogB_acq-EPIlowcov_run-1_cbv.nii.gz,ofMaF,-0.0981304,4009,Generic,MI
42,EPIlowcov_run-0_bold,/home/chymera/data_scratch/irsabi/preprocessing/generic_collapsed/sub-4009/ses-ofMcF1/func/sub-4009_ses-ofMcF1_task-JogB_acq-EPIlowcov_run-0_bold.nii.gz,ofMcF1,-0.126281,4009,Generic,MI
43,EPIlowcov_run-1_cbv,/home/chymera/data_scratch/irsabi/preprocessing/generic_collapsed/sub-4009/ses-ofMcF1/func/sub-4009_ses-ofMcF1_task-JogB_acq-EPIlowcov_run-1_cbv.nii.gz,ofMcF1,-0.112584,4009,Generic,MI
44,EPIlowcov_run-0_bold,/home/chymera/data_scratch/irsabi/preprocessing/generic_collapsed/sub-4009/ses-ofMcF2/func/sub-4009_ses-ofMcF2_task-JogB_acq-EPIlowcov_run-0_bold.nii.gz,ofMcF2,-0.104567,4009,Generic,MI
45,EPIlowcov_run-1_cbv,/home/chymera/data_scratch/irsabi/preprocessing/generic_collapsed/sub-4009/ses-ofMcF2/func/sub-4009_ses-ofMcF2_task-JogB_acq-EPIlowcov_run-1_cbv.nii.gz,ofMcF2,-0.078172,4009,Generic,MI
46,EPIlowcov_run-0_bold,/home/chymera/data_scratch/irsabi/preprocessing/generic_collapsed/sub-4009/ses-ofMpF/func/sub-4009_ses-ofMpF_task-JogB_acq-EPIlowcov_run-0_bold.nii.gz,ofMpF,-0.124674,4009,Generic,MI
47,EPIlowcov_run-1_cbv,/home/chymera/data_scratch/irsabi/preprocessing/generic_collapsed/sub-4009/ses-ofMpF/func/sub-4009_ses-ofMpF_task-JogB_acq-EPIlowcov_run-1_cbv.nii.gz,ofMpF,-0.10751,4009,Generic,MI
48,EPIlowcov_run-0_bold,/home/chymera/data_scratch/irsabi/preprocessing/generic_collapsed/sub-4011/ses-ofM/func/sub-4011_ses-ofM_task-JogB_acq-EPIlowcov_run-0_bold.nii.gz,ofM,-0.10655,4011,Generic,MI
49,EPIlowcov_run-1_cbv,/home/chymera/data_scratch/irsabi/preprocessing/generic_collapsed/sub-4011/ses-ofM/func/sub-4011_ses-ofM_task-JogB_acq-EPIlowcov_run-1_cbv.nii.gz,ofM,-0.0945521,4011,Generic,MI
50,EPIlowcov_run-0_bold,/home/chymera/data_scratch/irsabi/preprocessing/generic_collapsed/sub-4011/ses-ofMaF/func/sub-4011_ses-ofMaF_task-JogB_acq-EPIlowcov_run-0_bold.nii.gz,ofMaF,-0.104669,4011,Generic,MI
51,EPIlowcov_run-1_cbv,/home/chymera/data_scratch/irsabi/preprocessing/generic_collapsed/sub-4011/ses-ofMaF/func/sub-4011_ses-ofMaF_task-JogB_acq-EPIlowcov_run-1_cbv.nii.gz,ofMaF,-0.0745524,4011,Generic,MI
52,EPIlowcov_run-0_bold,/home/chymera/data_scratch/irsabi/preprocessing/generic_collapsed/sub-4011/ses-ofMcF1/func/sub-4011_ses-ofMcF1_task-JogB_acq-EPIlowcov_run-0_bold.nii.gz,ofMcF1,-0.146624,4011,Generic,MI
53,EPIlowcov_run-1_cbv,/home/chymera/data_scratch/irsabi/preprocessing/generic_collapsed/sub-4011/ses-ofMcF1/func/sub-4011_ses-ofMcF1_task-JogB_acq-EPIlowcov_run-1_cbv.nii.gz,ofMcF1,-0.107329,4011,Generic,MI
54,EPIlowcov_run-0_bold,/home/chymera/data_scratch/irsabi/preprocessing/generic_collapsed/sub-4011/ses-ofMcF2/func/sub-4011_ses-ofMcF2_task-JogB_acq-EPIlowcov_run-0_bold.nii.gz,ofMcF2,-0.130987,4011,Generic,MI
55,EPIlowcov_run-1_cbv,/home/chymera/data_scratch/irsabi/preprocessing/generic_collapsed/sub-4011/ses-ofMcF2/func/sub-4011_ses-ofMcF2_task-JogB_acq-EPIlowcov_run-1_cbv.nii.gz,ofMcF2,-0.0898066,4011,Generic,MI
56,EPIlowcov_run-0_bold,/home/chymera/data_scratch/irsabi/preprocessing/generic_collapsed/sub-4012/ses-ofM/func/sub-4012_ses-ofM_task-JogB_acq-EPIlowcov_run-0_bold.nii.gz,ofM,-0.131493,4012,Generic,MI
57,EPIlowcov_run-1_cbv,/home/chymera/data_scratch/irsabi/preprocessing/generic_collapsed/sub-4012/ses-ofM/func/sub-4012_ses-ofM_task-JogB_acq-EPIlowcov_run-1_cbv.nii.gz,ofM,-0.0915792,4012,Generic,MI
58,EPIlowcov_run-0_bold,/home/chymera/data_scratch/irsabi/preprocessing/generic_collapsed/sub-4012/ses-ofMaF/func/sub-4012_ses-ofMaF_task-JogB_acq-EPIlowcov_run-0_bold.nii.gz,ofMaF,-0.125884,4012,Generic,MI
59,EPIlowcov_run-1_cbv,/home/chymera/data_scratch/irsabi/preprocessing/generic_collapsed/sub-4012/ses-ofMaF/func/sub-4012_ses-ofMaF_task-JogB_acq-EPIlowcov_run-1_cbv.nii.gz,ofMaF,-0.104401,4012,Generic,MI
60,EPIlowcov_run-0_bold,/home/chymera/data_scratch/irsabi/preprocessing/generic_collapsed/sub-4012/ses-ofMcF1/func/sub-4012_ses-ofMcF1_task-JogB_acq-EPIlowcov_run-0_bold.nii.gz,ofMcF1,-0.124269,4012,Generic,MI
61,EPIlowcov_run-1_cbv,/home/chymera/data_scratch/irsabi/preprocessing/generic_collapsed/sub-4012/ses-ofMcF1/func/sub-4012_ses-ofMcF1_task-JogB_acq-EPIlowcov_run-1_cbv.nii.gz,ofMcF1,-0.115461,4012,Generic,MI
62,EPIlowcov_run-0_bold,/home/chymera/data_scratch/irsabi/preprocessing/generic_collapsed/sub-4012/ses-ofMcF2/func/sub-4012_ses-ofMcF2_task-JogB_acq-EPIlowcov_run-0_bold.nii.gz,ofMcF2,-0.136064,4012,Generic,MI
63,EPIlowcov_run-1_cbv,/home/chymera/data_scratch/irsabi/preprocessing/generic_collapsed/sub-4012/ses-ofMcF2/func/sub-4012_ses-ofMcF2_task-JogB_acq-EPIlowcov_run-1_cbv.nii.gz,ofMcF2,-0.1191,4012,Generic,MI
64,EPIlowcov_run-0_bold,/home/chymera/data_scratch/irsabi/preprocessing/generic_collapsed/sub-4012/ses-ofMpF/func/sub-4012_ses-ofMpF_task-JogB_acq-EPIlowcov_run-0_bold.nii.gz,ofMpF,-0.120147,4012,Generic,MI
65,EPIlowcov_run-1_cbv,/home/chymera/data_scratch/irsabi/preprocessing/generic_collapsed/sub-4012/ses-ofMpF/func/sub-4012_ses-ofMpF_task-JogB_acq-EPIlowcov_run-1_cbv.nii.gz,ofMpF,-0.0863193,4012,Generic,MI
66,EPIlowcov_run-0_bold,/home/chymera/data_scratch/irsabi/preprocessing/generic_collapsed/sub-4013/ses-ofM/func/sub-4013_ses-ofM_task-JogB_acq-EPIlowcov_run-0_bold.nii.gz,ofM,-0.11235,4013,Generic,MI
67,EPIlowcov_run-1_cbv,/home/chymera/data_scratch/irsabi/preprocessing/generic_collapsed/sub-4013/ses-ofM/func/sub-4013_ses-ofM_task-JogB_acq-EPIlowcov_run-1_cbv.nii.gz,ofM,-0.0895202,4013,Generic,MI
0,EPIlowcov_run-0_bold,/home/chymera/data_scratch/irsabi/preprocessing/legacy_collapsed/sub-4001/ses-ofM/func/sub-4001_ses-ofM_task-JogB_acq-EPIlowcov_run-0_bold.nii.gz,ofM,-0.253709,4001,Legacy,MI
1,EPIlowcov_run-1_cbv,/home/chymera/data_scratch/irsabi/preprocessing/legacy_collapsed/sub-4001/ses-ofM/func/sub-4001_ses-ofM_task-JogB_acq-EPIlowcov_run-1_cbv.nii.gz,ofM,-0.19911,4001,Legacy,MI
2,EPIlowcov_run-0_bold,/home/chymera/data_scratch/irsabi/preprocessing/legacy_collapsed/sub-4001/ses-ofMaF/func/sub-4001_ses-ofMaF_task-JogB_acq-EPIlowcov_run-0_bold.nii.gz,ofMaF,-0.273626,4001,Legacy,MI
3,EPIlowcov_run-1_cbv,/home/chymera/data_scratch/irsabi/preprocessing/legacy_collapsed/sub-4001/ses-ofMaF/func/sub-4001_ses-ofMaF_task-JogB_acq-EPIlowcov_run-1_cbv.nii.gz,ofMaF,-0.192004,4001,Legacy,MI
4,EPIlowcov_run-0_bold,/home/chymera/data_scratch/irsabi/preprocessing/legacy_collapsed/sub-4001/ses-ofMcF1/func/sub-4001_ses-ofMcF1_task-JogB_acq-EPIlowcov_run-0_bold.nii.gz,ofMcF1,-0.285433,4001,Legacy,MI
5,EPIlowcov_run-1_cbv,/home/chymera/data_scratch/irsabi/preprocessing/legacy_collapsed/sub-4001/ses-ofMcF1/func/sub-4001_ses-ofMcF1_task-JogB_acq-EPIlowcov_run-1_cbv.nii.gz,ofMcF1,-0.183562,4001,Legacy,MI
6,EPIlowcov_run-0_bold,/home/chymera/data_scratch/irsabi/preprocessing/legacy_collapsed/sub-4001/ses-ofMcF2/func/sub-4001_ses-ofMcF2_task-JogB_acq-EPIlowcov_run-0_bold.nii.gz,ofMcF2,-0.205206,4001,Legacy,MI
7,EPIlowcov_run-1_cbv,/home/chymera/data_scratch/irsabi/preprocessing/legacy_collapsed/sub-4001/ses-ofMcF2/func/sub-4001_ses-ofMcF2_task-JogB_acq-EPIlowcov_run-1_cbv.nii.gz,ofMcF2,-0.194094,4001,Legacy,MI
8,EPIlowcov_run-0_bold,/home/chymera/data_scratch/irsabi/preprocessing/legacy_collapsed/sub-4002/ses-ofM/func/sub-4002_ses-ofM_task-JogB_acq-EPIlowcov_run-0_bold.nii.gz,ofM,-0.268263,4002,Legacy,MI
9,EPIlowcov_run-1_cbv,/home/chymera/data_scratch/irsabi/preprocessing/legacy_collapsed/sub-4002/ses-ofM/func/sub-4002_ses-ofM_task-JogB_acq-EPIlowcov_run-1_cbv.nii.gz,ofM,-0.221109,4002,Legacy,MI
10,EPIlowcov_run-0_bold,/home/chymera/data_scratch/irsabi/preprocessing/legacy_collapsed/sub-4004/ses-ofM/func/sub-4004_ses-ofM_task-JogB_acq-EPIlowcov_run-0_bold.nii.gz,ofM,-0.237929,4004,Legacy,MI
11,EPIlowcov_run-1_cbv,/home/chymera/data_scratch/irsabi/preprocessing/legacy_collapsed/sub-4004/ses-ofM/func/sub-4004_ses-ofM_task-JogB_acq-EPIlowcov_run-1_cbv.nii.gz,ofM,-0.19492,4004,Legacy,MI
12,EPIlowcov_run-0_bold,/home/chymera/data_scratch/irsabi/preprocessing/legacy_collapsed/sub-4005/ses-ofM/func/sub-4005_ses-ofM_task-JogB_acq-EPIlowcov_run-0_bold.nii.gz,ofM,-0.217321,4005,Legacy,MI
13,EPIlowcov_run-1_cbv,/home/chymera/data_scratch/irsabi/preprocessing/legacy_collapsed/sub-4005/ses-ofM/func/sub-4005_ses-ofM_task-JogB_acq-EPIlowcov_run-1_cbv.nii.gz,ofM,-0.165468,4005,Legacy,MI
14,EPIlowcov_run-0_bold,/home/chymera/data_scratch/irsabi/preprocessing/legacy_collapsed/sub-4005/ses-ofMaF/func/sub-4005_ses-ofMaF_task-JogB_acq-EPIlowcov_run-0_bold.nii.gz,ofMaF,-0.268776,4005,Legacy,MI
15,EPIlowcov_run-1_cbv,/home/chymera/data_scratch/irsabi/preprocessing/legacy_collapsed/sub-4005/ses-ofMaF/func/sub-4005_ses-ofMaF_task-JogB_acq-EPIlowcov_run-1_cbv.nii.gz,ofMaF,-0.185303,4005,Legacy,MI
16,EPIlowcov_run-0_bold,/home/chymera/data_scratch/irsabi/preprocessing/legacy_collapsed/sub-4006/ses-ofM/func/sub-4006_ses-ofM_task-JogB_acq-EPIlowcov_run-0_bold.nii.gz,ofM,-0.210666,4006,Legacy,MI
17,EPIlowcov_run-1_cbv,/home/chymera/data_scratch/irsabi/preprocessing/legacy_collapsed/sub-4006/ses-ofM/func/sub-4006_ses-ofM_task-JogB_acq-EPIlowcov_run-1_cbv.nii.gz,ofM,-0.185137,4006,Legacy,MI
18,EPIlowcov_run-0_bold,/home/chymera/data_scratch/irsabi/preprocessing/legacy_collapsed/sub-4007/ses-ofM/func/sub-4007_ses-ofM_task-JogB_acq-EPIlowcov_run-0_bold.nii.gz,ofM,-0.276655,4007,Legacy,MI
19,EPIlowcov_run-1_cbv,/home/chymera/data_scratch/irsabi/preprocessing/legacy_collapsed/sub-4007/ses-ofM/func/sub-4007_ses-ofM_task-JogB_acq-EPIlowcov_run-1_cbv.nii.gz,ofM,-0.195351,4007,Legacy,MI
20,EPIlowcov_run-0_bold,/home/chymera/data_scratch/irsabi/preprocessing/legacy_collapsed/sub-4007/ses-ofMaF/func/sub-4007_ses-ofMaF_task-JogB_acq-EPIlowcov_run-0_bold.nii.gz,ofMaF,-0.293102,4007,Legacy,MI
21,EPIlowcov_run-1_cbv,/home/chymera/data_scratch/irsabi/preprocessing/legacy_collapsed/sub-4007/ses-ofMaF/func/sub-4007_ses-ofMaF_task-JogB_acq-EPIlowcov_run-1_cbv.nii.gz,ofMaF,-0.222322,4007,Legacy,MI
22,EPIlowcov_run-0_bold,/home/chymera/data_scratch/irsabi/preprocessing/legacy_collapsed/sub-4007/ses-ofMcF1/func/sub-4007_ses-ofMcF1_task-JogB_acq-EPIlowcov_run-0_bold.nii.gz,ofMcF1,-0.316107,4007,Legacy,MI
23,EPIlowcov_run-1_cbv,/home/chymera/data_scratch/irsabi/preprocessing/legacy_collapsed/sub-4007/ses-ofMcF1/func/sub-4007_ses-ofMcF1_task-JogB_acq-EPIlowcov_run-1_cbv.nii.gz,ofMcF1,-0.212474,4007,Legacy,MI
24,EPIlowcov_run-0_bold,/home/chymera/data_scratch/irsabi/preprocessing/legacy_collapsed/sub-4007/ses-ofMcF2/func/sub-4007_ses-ofMcF2_task-JogB_acq-EPIlowcov_run-0_bold.nii.gz,ofMcF2,-0.313967,4007,Legacy,MI
25,EPIlowcov_run-1_cbv,/home/chymera/data_scratch/irsabi/preprocessing/legacy_collapsed/sub-4007/ses-ofMcF2/func/sub-4007_ses-ofMcF2_task-JogB_acq-EPIlowcov_run-1_cbv.nii.gz,ofMcF2,-0.25806,4007,Legacy,MI
26,EPIlowcov_run-0_bold,/home/chymera/data_scratch/irsabi/preprocessing/legacy_collapsed/sub-4007/ses-ofMpF/func/sub-4007_ses-ofMpF_task-JogB_acq-EPIlowcov_run-0_bold.nii.gz,ofMpF,-0.276295,4007,Legacy,MI
27,EPIlowcov_run-1_cbv,/home/chymera/data_scratch/irsabi/preprocessing/legacy_collapsed/sub-4007/ses-ofMpF/func/sub-4007_ses-ofMpF_task-JogB_acq-EPIlowcov_run-1_cbv.nii.gz,ofMpF,-0.189719,4007,Legacy,MI
28,EPIlowcov_run-0_bold,/home/chymera/data_scratch/irsabi/preprocessing/legacy_collapsed/sub-4008/ses-ofM/func/sub-4008_ses-ofM_task-JogB_acq-EPIlowcov_run-0_bold.nii.gz,ofM,-0.283507,4008,Legacy,MI
29,EPIlowcov_run-1_cbv,/home/chymera/data_scratch/irsabi/preprocessing/legacy_collapsed/sub-4008/ses-ofM/func/sub-4008_ses-ofM_task-JogB_acq-EPIlowcov_run-1_cbv.nii.gz,ofM,-0.205579,4008,Legacy,MI
30,EPIlowcov_run-0_bold,/home/chymera/data_scratch/irsabi/preprocessing/legacy_collapsed/sub-4008/ses-ofMaF/func/sub-4008_ses-ofMaF_task-JogB_acq-EPIlowcov_run-0_bold.nii.gz,ofMaF,-0.288675,4008,Legacy,MI
31,EPIlowcov_run-1_cbv,/home/chymera/data_scratch/irsabi/preprocessing/legacy_collapsed/sub-4008/ses-ofMaF/func/sub-4008_ses-ofMaF_task-JogB_acq-EPIlowcov_run-1_cbv.nii.gz,ofMaF,-0.202634,4008,Legacy,MI
32,EPIlowcov_run-0_bold,/home/chymera/data_scratch/irsabi/preprocessing/legacy_collapsed/sub-4008/ses-ofMcF1/func/sub-4008_ses-ofMcF1_task-JogB_acq-EPIlowcov_run-0_bold.nii.gz,ofMcF1,-0.279979,4008,Legacy,MI
33,EPIlowcov_run-1_cbv,/home/chymera/data_scratch/irsabi/preprocessing/legacy_collapsed/sub-4008/ses-ofMcF1/func/sub-4008_ses-ofMcF1_task-JogB_acq-EPIlowcov_run-1_cbv.nii.gz,ofMcF1,-0.232817,4008,Legacy,MI
34,EPIlowcov_run-0_bold,/home/chymera/data_scratch/irsabi/preprocessing/legacy_collapsed/sub-4008/ses-ofMcF2/func/sub-4008_ses-ofMcF2_task-JogB_acq-EPIlowcov_run-0_bold.nii.gz,ofMcF2,-0.273368,4008,Legacy,MI
35,EPIlowcov_run-1_cbv,/home/chymera/data_scratch/irsabi/preprocessing/legacy_collapsed/sub-4008/ses-ofMcF2/func/sub-4008_ses-ofMcF2_task-JogB_acq-EPIlowcov_run-1_cbv.nii.gz,ofMcF2,-0.243304,4008,Legacy,MI
36,EPIlowcov_run-0_bold,/home/chymera/data_scratch/irsabi/preprocessing/legacy_collapsed/sub-4008/ses-ofMpF/func/sub-4008_ses-ofMpF_task-JogB_acq-EPIlowcov_run-0_bold.nii.gz,ofMpF,-0.280835,4008,Legacy,MI
37,EPIlowcov_run-1_cbv,/home/chymera/data_scratch/irsabi/preprocessing/legacy_collapsed/sub-4008/ses-ofMpF/func/sub-4008_ses-ofMpF_task-JogB_acq-EPIlowcov_run-1_cbv.nii.gz,ofMpF,-0.16653,4008,Legacy,MI
38,EPIlowcov_run-0_bold,/home/chymera/data_scratch/irsabi/preprocessing/legacy_collapsed/sub-4009/ses-ofM/func/sub-4009_ses-ofM_task-JogB_acq-EPIlowcov_run-0_bold.nii.gz,ofM,-0.277109,4009,Legacy,MI
39,EPIlowcov_run-1_cbv,/home/chymera/data_scratch/irsabi/preprocessing/legacy_collapsed/sub-4009/ses-ofM/func/sub-4009_ses-ofM_task-JogB_acq-EPIlowcov_run-1_cbv.nii.gz,ofM,-0.211487,4009,Legacy,MI
40,EPIlowcov_run-0_bold,/home/chymera/data_scratch/irsabi/preprocessing/legacy_collapsed/sub-4009/ses-ofMaF/func/sub-4009_ses-ofMaF_task-JogB_acq-EPIlowcov_run-0_bold.nii.gz,ofMaF,-0.274988,4009,Legacy,MI
41,EPIlowcov_run-1_cbv,/home/chymera/data_scratch/irsabi/preprocessing/legacy_collapsed/sub-4009/ses-ofMaF/func/sub-4009_ses-ofMaF_task-JogB_acq-EPIlowcov_run-1_cbv.nii.gz,ofMaF,-0.209005,4009,Legacy,MI
42,EPIlowcov_run-0_bold,/home/chymera/data_scratch/irsabi/preprocessing/legacy_collapsed/sub-4009/ses-ofMcF1/func/sub-4009_ses-ofMcF1_task-JogB_acq-EPIlowcov_run-0_bold.nii.gz,ofMcF1,-0.279317,4009,Legacy,MI
43,EPIlowcov_run-1_cbv,/home/chymera/data_scratch/irsabi/preprocessing/legacy_collapsed/sub-4009/ses-ofMcF1/func/sub-4009_ses-ofMcF1_task-JogB_acq-EPIlowcov_run-1_cbv.nii.gz,ofMcF1,-0.229177,4009,Legacy,MI
44,EPIlowcov_run-0_bold,/home/chymera/data_scratch/irsabi/preprocessing/legacy_collapsed/sub-4009/ses-ofMcF2/func/sub-4009_ses-ofMcF2_task-JogB_acq-EPIlowcov_run-0_bold.nii.gz,ofMcF2,-0.273319,4009,Legacy,MI
45,EPIlowcov_run-1_cbv,/home/chymera/data_scratch/irsabi/preprocessing/legacy_collapsed/sub-4009/ses-ofMcF2/func/sub-4009_ses-ofMcF2_task-JogB_acq-EPIlowcov_run-1_cbv.nii.gz,ofMcF2,-0.176509,4009,Legacy,MI
46,EPIlowcov_run-0_bold,/home/chymera/data_scratch/irsabi/preprocessing/legacy_collapsed/sub-4009/ses-ofMpF/func/sub-4009_ses-ofMpF_task-JogB_acq-EPIlowcov_run-0_bold.nii.gz,ofMpF,-0.267712,4009,Legacy,MI
47,EPIlowcov_run-1_cbv,/home/chymera/data_scratch/irsabi/preprocessing/legacy_collapsed/sub-4009/ses-ofMpF/func/sub-4009_ses-ofMpF_task-JogB_acq-EPIlowcov_run-1_cbv.nii.gz,ofMpF,-0.187392,4009,Legacy,MI
48,EPIlowcov_run-0_bold,/home/chymera/data_scratch/irsabi/preprocessing/legacy_collapsed/sub-4011/ses-ofM/func/sub-4011_ses-ofM_task-JogB_acq-EPIlowcov_run-0_bold.nii.gz,ofM,-0.273558,4011,Legacy,MI
49,EPIlowcov_run-1_cbv,/home/chymera/data_scratch/irsabi/preprocessing/legacy_collapsed/sub-4011/ses-ofM/func/sub-4011_ses-ofM_task-JogB_acq-EPIlowcov_run-1_cbv.nii.gz,ofM,-0.176344,4011,Legacy,MI
50,EPIlowcov_run-0_bold,/home/chymera/data_scratch/irsabi/preprocessing/legacy_collapsed/sub-4011/ses-ofMaF/func/sub-4011_ses-ofMaF_task-JogB_acq-EPIlowcov_run-0_bold.nii.gz,ofMaF,-0.245572,4011,Legacy,MI
51,EPIlowcov_run-1_cbv,/home/chymera/data_scratch/irsabi/preprocessing/legacy_collapsed/sub-4011/ses-ofMaF/func/sub-4011_ses-ofMaF_task-JogB_acq-EPIlowcov_run-1_cbv.nii.gz,ofMaF,-0.155237,4011,Legacy,MI
52,EPIlowcov_run-0_bold,/home/chymera/data_scratch/irsabi/preprocessing/legacy_collapsed/sub-4011/ses-ofMcF1/func/sub-4011_ses-ofMcF1_task-JogB_acq-EPIlowcov_run-0_bold.nii.gz,ofMcF1,-0.300626,4011,Legacy,MI
53,EPIlowcov_run-1_cbv,/home/chymera/data_scratch/irsabi/preprocessing/legacy_collapsed/sub-4011/ses-ofMcF1/func/sub-4011_ses-ofMcF1_task-JogB_acq-EPIlowcov_run-1_cbv.nii.gz,ofMcF1,-0.22111,4011,Legacy,MI
54,EPIlowcov_run-0_bold,/home/chymera/data_scratch/irsabi/preprocessing/legacy_collapsed/sub-4011/ses-ofMcF2/func/sub-4011_ses-ofMcF2_task-JogB_acq-EPIlowcov_run-0_bold.nii.gz,ofMcF2,-0.287013,4011,Legacy,MI
55,EPIlowcov_run-1_cbv,/home/chymera/data_scratch/irsabi/preprocessing/legacy_collapsed/sub-4011/ses-ofMcF2/func/sub-4011_ses-ofMcF2_task-JogB_acq-EPIlowcov_run-1_cbv.nii.gz,ofMcF2,-0.188434,4011,Legacy,MI
56,EPIlowcov_run-0_bold,/home/chymera/data_scratch/irsabi/preprocessing/legacy_collapsed/sub-4012/ses-ofM/func/sub-4012_ses-ofM_task-JogB_acq-EPIlowcov_run-0_bold.nii.gz,ofM,-0.288803,4012,Legacy,MI
57,EPIlowcov_run-1_cbv,/home/chymera/data_scratch/irsabi/preprocessing/legacy_collapsed/sub-4012/ses-ofM/func/sub-4012_ses-ofM_task-JogB_acq-EPIlowcov_run-1_cbv.nii.gz,ofM,-0.214602,4012,Legacy,MI
58,EPIlowcov_run-0_bold,/home/chymera/data_scratch/irsabi/preprocessing/legacy_collapsed/sub-4012/ses-ofMaF/func/sub-4012_ses-ofMaF_task-JogB_acq-EPIlowcov_run-0_bold.nii.gz,ofMaF,-0.272435,4012,Legacy,MI
59,EPIlowcov_run-1_cbv,/home/chymera/data_scratch/irsabi/preprocessing/legacy_collapsed/sub-4012/ses-ofMaF/func/sub-4012_ses-ofMaF_task-JogB_acq-EPIlowcov_run-1_cbv.nii.gz,ofMaF,-0.197196,4012,Legacy,MI
60,EPIlowcov_run-0_bold,/home/chymera/data_scratch/irsabi/preprocessing/legacy_collapsed/sub-4012/ses-ofMcF1/func/sub-4012_ses-ofMcF1_task-JogB_acq-EPIlowcov_run-0_bold.nii.gz,ofMcF1,-0.285644,4012,Legacy,MI
61,EPIlowcov_run-1_cbv,/home/chymera/data_scratch/irsabi/preprocessing/legacy_collapsed/sub-4012/ses-ofMcF1/func/sub-4012_ses-ofMcF1_task-JogB_acq-EPIlowcov_run-1_cbv.nii.gz,ofMcF1,-0.235974,4012,Legacy,MI
62,EPIlowcov_run-0_bold,/home/chymera/data_scratch/irsabi/preprocessing/legacy_collapsed/sub-4012/ses-ofMcF2/func/sub-4012_ses-ofMcF2_task-JogB_acq-EPIlowcov_run-0_bold.nii.gz,ofMcF2,-0.292353,4012,Legacy,MI
63,EPIlowcov_run-1_cbv,/home/chymera/data_scratch/irsabi/preprocessing/legacy_collapsed/sub-4012/ses-ofMcF2/func/sub-4012_ses-ofMcF2_task-JogB_acq-EPIlowcov_run-1_cbv.nii.gz,ofMcF2,-0.2437,4012,Legacy,MI
64,EPIlowcov_run-0_bold,/home/chymera/data_scratch/irsabi/preprocessing/legacy_collapsed/sub-4012/ses-ofMpF/func/sub-4012_ses-ofMpF_task-JogB_acq-EPIlowcov_run-0_bold.nii.gz,ofMpF,-0.276694,4012,Legacy,MI
65,EPIlowcov_run-1_cbv,/home/chymera/data_scratch/irsabi/preprocessing/legacy_collapsed/sub-4012/ses-ofMpF/func/sub-4012_ses-ofMpF_task-JogB_acq-EPIlowcov_run-1_cbv.nii.gz,ofMpF,-0.183776,4012,Legacy,MI
66,EPIlowcov_run-0_bold,/home/chymera/data_scratch/irsabi/preprocessing/legacy_collapsed/sub-4013/ses-ofM/func/sub-4013_ses-ofM_task-JogB_acq-EPIlowcov_run-0_bold.nii.gz,ofM,-0.267166,4013,Legacy,MI
67,EPIlowcov_run-1_cbv,/home/chymera/data_scratch/irsabi/preprocessing/legacy_collapsed/sub-4013/ses-ofM/func/sub-4013_ses-ofM_task-JogB_acq-EPIlowcov_run-1_cbv.nii.gz,ofM,-0.202954,4013,Legacy,MI
