,Path,Acq,Acquisition,Type,Run,Session,Subject,Task,Contrast,Uid,Processing,Template,Threshold,Thresholded Volume,Volume Change Factor
0,/home/chymera/data_scratch/irsabi/bids_collapsed/sub-4011/ses-ofMcF1/func/sub-4011_ses-ofMcF1_task-JogB_acq-EPIlowcov_run-1_cbv.nii.gz,EPIlowcov,EPIlowcov,func,1,ofMcF1,4011,JogB,CBV,4011_ofMcF1_cbv,Unprocessed,Unprocessed,15.787374570034446,557.375,-1.0
1,/home/chymera/data_scratch/irsabi/bids_collapsed/sub-4011/ses-ofMcF1/func/sub-4011_ses-ofMcF1_task-JogB_acq-EPIlowcov_run-0_bold.nii.gz,EPIlowcov,EPIlowcov,func,0,ofMcF1,4011,JogB,BOLD,4011_ofMcF1_bold,Unprocessed,Unprocessed,8.522747204336339,557.375,-1.0
3,/home/chymera/data_scratch/irsabi/bids_collapsed/sub-4011/ses-ofMcF2/func/sub-4011_ses-ofMcF2_task-JogB_acq-EPIlowcov_run-1_cbv.nii.gz,EPIlowcov,EPIlowcov,func,1,ofMcF2,4011,JogB,CBV,4011_ofMcF2_cbv,Unprocessed,Unprocessed,11.634222518792377,557.298,-1.0
4,/home/chymera/data_scratch/irsabi/bids_collapsed/sub-4011/ses-ofMcF2/func/sub-4011_ses-ofMcF2_task-JogB_acq-EPIlowcov_run-0_bold.nii.gz,EPIlowcov,EPIlowcov,func,0,ofMcF2,4011,JogB,BOLD,4011_ofMcF2_bold,Unprocessed,Unprocessed,6.085530829965139,557.298,-1.0
6,/home/chymera/data_scratch/irsabi/bids_collapsed/sub-4011/ses-ofMaF/func/sub-4011_ses-ofMaF_task-JogB_acq-EPIlowcov_run-0_bold.nii.gz,EPIlowcov,EPIlowcov,func,0,ofMaF,4011,JogB,BOLD,4011_ofMaF_bold,Unprocessed,Unprocessed,9.722257490623747,566.616,-1.0
7,/home/chymera/data_scratch/irsabi/bids_collapsed/sub-4011/ses-ofMaF/func/sub-4011_ses-ofMaF_task-JogB_acq-EPIlowcov_run-1_cbv.nii.gz,EPIlowcov,EPIlowcov,func,1,ofMaF,4011,JogB,CBV,4011_ofMaF_cbv,Unprocessed,Unprocessed,15.387464227769527,566.616,-1.0
9,/home/chymera/data_scratch/irsabi/bids_collapsed/sub-4011/ses-ofM/func/sub-4011_ses-ofM_task-JogB_acq-EPIlowcov_run-1_cbv.nii.gz,EPIlowcov,EPIlowcov,func,1,ofM,4011,JogB,CBV,4011_ofM_cbv,Unprocessed,Unprocessed,16.823312208503488,557.306,-1.0
10,/home/chymera/data_scratch/irsabi/bids_collapsed/sub-4011/ses-ofM/func/sub-4011_ses-ofM_task-JogB_acq-EPIlowcov_run-0_bold.nii.gz,EPIlowcov,EPIlowcov,func,0,ofM,4011,JogB,BOLD,4011_ofM_bold,Unprocessed,Unprocessed,8.016892031738536,557.306,-1.0
12,/home/chymera/data_scratch/irsabi/bids_collapsed/sub-4013/ses-ofM/func/sub-4013_ses-ofM_task-JogB_acq-EPIlowcov_run-1_cbv.nii.gz,EPIlowcov,EPIlowcov,func,1,ofM,4013,JogB,CBV,4013_ofM_cbv,Unprocessed,Unprocessed,19.75711251282599,566.616,-1.0
13,/home/chymera/data_scratch/irsabi/bids_collapsed/sub-4013/ses-ofM/func/sub-4013_ses-ofM_task-JogB_acq-EPIlowcov_run-0_bold.nii.gz,EPIlowcov,EPIlowcov,func,0,ofM,4013,JogB,BOLD,4013_ofM_bold,Unprocessed,Unprocessed,10.122064032796773,566.616,-1.0
15,/home/chymera/data_scratch/irsabi/bids_collapsed/sub-4012/ses-ofMcF1/func/sub-4012_ses-ofMcF1_task-JogB_acq-EPIlowcov_run-0_bold.nii.gz,EPIlowcov,EPIlowcov,func,0,ofMcF1,4012,JogB,BOLD,4012_ofMcF1_bold,Unprocessed,Unprocessed,5.832127338580323,557.301,-1.0
16,/home/chymera/data_scratch/irsabi/bids_collapsed/sub-4012/ses-ofMcF1/func/sub-4012_ses-ofMcF1_task-JogB_acq-EPIlowcov_run-1_cbv.nii.gz,EPIlowcov,EPIlowcov,func,1,ofMcF1,4012,JogB,CBV,4012_ofMcF1_cbv,Unprocessed,Unprocessed,11.321552565763705,557.301,-1.0
18,/home/chymera/data_scratch/irsabi/bids_collapsed/sub-4012/ses-ofMcF2/func/sub-4012_ses-ofMcF2_task-JogB_acq-EPIlowcov_run-0_bold.nii.gz,EPIlowcov,EPIlowcov,func,0,ofMcF2,4012,JogB,BOLD,4012_ofMcF2_bold,Unprocessed,Unprocessed,5.7781872241129175,557.827,-1.0
19,/home/chymera/data_scratch/irsabi/bids_collapsed/sub-4012/ses-ofMcF2/func/sub-4012_ses-ofMcF2_task-JogB_acq-EPIlowcov_run-1_cbv.nii.gz,EPIlowcov,EPIlowcov,func,1,ofMcF2,4012,JogB,CBV,4012_ofMcF2_cbv,Unprocessed,Unprocessed,12.320964620290328,557.827,-1.0
21,/home/chymera/data_scratch/irsabi/bids_collapsed/sub-4012/ses-ofMaF/func/sub-4012_ses-ofMaF_task-JogB_acq-EPIlowcov_run-1_cbv.nii.gz,EPIlowcov,EPIlowcov,func,1,ofMaF,4012,JogB,CBV,4012_ofMaF_cbv,Unprocessed,Unprocessed,15.088497343249625,558.621,-1.0
22,/home/chymera/data_scratch/irsabi/bids_collapsed/sub-4012/ses-ofMaF/func/sub-4012_ses-ofMaF_task-JogB_acq-EPIlowcov_run-0_bold.nii.gz,EPIlowcov,EPIlowcov,func,0,ofMaF,4012,JogB,BOLD,4012_ofMaF_bold,Unprocessed,Unprocessed,7.402939622197302,558.621,-1.0
24,/home/chymera/data_scratch/irsabi/bids_collapsed/sub-4012/ses-ofM/func/sub-4012_ses-ofM_task-JogB_acq-EPIlowcov_run-0_bold.nii.gz,EPIlowcov,EPIlowcov,func,0,ofM,4012,JogB,BOLD,4012_ofM_bold,Unprocessed,Unprocessed,10.018076512496918,566.558,-1.0
25,/home/chymera/data_scratch/irsabi/bids_collapsed/sub-4012/ses-ofM/func/sub-4012_ses-ofM_task-JogB_acq-EPIlowcov_run-1_cbv.nii.gz,EPIlowcov,EPIlowcov,func,1,ofM,4012,JogB,CBV,4012_ofM_cbv,Unprocessed,Unprocessed,16.443046606937425,566.616,-1.0
28,/home/chymera/data_scratch/irsabi/bids_collapsed/sub-4012/ses-ofMpF/func/sub-4012_ses-ofMpF_task-JogB_acq-EPIlowcov_run-1_cbv.nii.gz,EPIlowcov,EPIlowcov,func,1,ofMpF,4012,JogB,CBV,4012_ofMpF_cbv,Unprocessed,Unprocessed,11.196024809565863,557.831,-1.0
29,/home/chymera/data_scratch/irsabi/bids_collapsed/sub-4012/ses-ofMpF/func/sub-4012_ses-ofMpF_task-JogB_acq-EPIlowcov_run-0_bold.nii.gz,EPIlowcov,EPIlowcov,func,0,ofMpF,4012,JogB,BOLD,4012_ofMpF_bold,Unprocessed,Unprocessed,6.066190205747262,557.716,-1.0
32,/home/chymera/data_scratch/irsabi/bids_collapsed/sub-4006/ses-ofM/func/sub-4006_ses-ofM_task-JogB_acq-EPIlowcov_run-1_cbv.nii.gz,EPIlowcov,EPIlowcov,func,1,ofM,4006,JogB,CBV,4006_ofM_cbv,Unprocessed,Unprocessed,14.505311960652472,566.603,-1.0
33,/home/chymera/data_scratch/irsabi/bids_collapsed/sub-4006/ses-ofM/func/sub-4006_ses-ofM_task-JogB_acq-EPIlowcov_run-0_bold.nii.gz,EPIlowcov,EPIlowcov,func,0,ofM,4006,JogB,BOLD,4006_ofM_bold,Unprocessed,Unprocessed,8.817855184348304,566.603,-1.0
35,/home/chymera/data_scratch/irsabi/bids_collapsed/sub-4008/ses-ofMcF1/func/sub-4008_ses-ofMcF1_task-JogB_acq-EPIlowcov_run-0_bold.nii.gz,EPIlowcov,EPIlowcov,func,0,ofMcF1,4008,JogB,BOLD,4008_ofMcF1_bold,Unprocessed,Unprocessed,8.581853088573553,558.43,-1.0
36,/home/chymera/data_scratch/irsabi/bids_collapsed/sub-4008/ses-ofMcF1/func/sub-4008_ses-ofMcF1_task-JogB_acq-EPIlowcov_run-1_cbv.nii.gz,EPIlowcov,EPIlowcov,func,1,ofMcF1,4008,JogB,CBV,4008_ofMcF1_cbv,Unprocessed,Unprocessed,16.444044701247478,558.43,-1.0
38,/home/chymera/data_scratch/irsabi/bids_collapsed/sub-4008/ses-ofMcF2/func/sub-4008_ses-ofMcF2_task-JogB_acq-EPIlowcov_run-1_cbv.nii.gz,EPIlowcov,EPIlowcov,func,1,ofMcF2,4008,JogB,CBV,4008_ofMcF2_cbv,Unprocessed,Unprocessed,13.742691470179714,557.452,-1.0
39,/home/chymera/data_scratch/irsabi/bids_collapsed/sub-4008/ses-ofMcF2/func/sub-4008_ses-ofMcF2_task-JogB_acq-EPIlowcov_run-0_bold.nii.gz,EPIlowcov,EPIlowcov,func,0,ofMcF2,4008,JogB,BOLD,4008_ofMcF2_bold,Unprocessed,Unprocessed,6.380042915507222,557.452,-1.0
41,/home/chymera/data_scratch/irsabi/bids_collapsed/sub-4008/ses-ofMaF/func/sub-4008_ses-ofMaF_task-JogB_acq-EPIlowcov_run-0_bold.nii.gz,EPIlowcov,EPIlowcov,func,0,ofMaF,4008,JogB,BOLD,4008_ofMaF_bold,Unprocessed,Unprocessed,8.373740390082823,560.234,-1.0
42,/home/chymera/data_scratch/irsabi/bids_collapsed/sub-4008/ses-ofMaF/func/sub-4008_ses-ofMaF_task-JogB_acq-EPIlowcov_run-1_cbv.nii.gz,EPIlowcov,EPIlowcov,func,1,ofMaF,4008,JogB,CBV,4008_ofMaF_cbv,Unprocessed,Unprocessed,16.391013907641188,560.234,-1.0
44,/home/chymera/data_scratch/irsabi/bids_collapsed/sub-4008/ses-ofM/func/sub-4008_ses-ofM_task-JogB_acq-EPIlowcov_run-1_cbv.nii.gz,EPIlowcov,EPIlowcov,func,1,ofM,4008,JogB,CBV,4008_ofM_cbv,Unprocessed,Unprocessed,11.338922575144098,566.603,-1.0
45,/home/chymera/data_scratch/irsabi/bids_collapsed/sub-4008/ses-ofM/func/sub-4008_ses-ofM_task-JogB_acq-EPIlowcov_run-0_bold.nii.gz,EPIlowcov,EPIlowcov,func,0,ofM,4008,JogB,BOLD,4008_ofM_bold,Unprocessed,Unprocessed,6.250913191267755,566.603,-1.0
47,/home/chymera/data_scratch/irsabi/bids_collapsed/sub-4008/ses-ofMpF/func/sub-4008_ses-ofMpF_task-JogB_acq-EPIlowcov_run-0_bold.nii.gz,EPIlowcov,EPIlowcov,func,0,ofMpF,4008,JogB,BOLD,4008_ofMpF_bold,Unprocessed,Unprocessed,7.9592456470150506,561.759,-1.0
48,/home/chymera/data_scratch/irsabi/bids_collapsed/sub-4008/ses-ofMpF/func/sub-4008_ses-ofMpF_task-JogB_acq-EPIlowcov_run-1_cbv.nii.gz,EPIlowcov,EPIlowcov,func,1,ofMpF,4008,JogB,CBV,4008_ofMpF_cbv,Unprocessed,Unprocessed,16.80722113698721,561.701,-1.0
50,/home/chymera/data_scratch/irsabi/bids_collapsed/sub-4004/ses-ofM/func/sub-4004_ses-ofM_task-JogB_acq-EPIlowcov_run-0_bold.nii.gz,EPIlowcov,EPIlowcov,func,0,ofM,4004,JogB,BOLD,4004_ofM_bold,Unprocessed,Unprocessed,8.282602289458737,566.558,-1.0
51,/home/chymera/data_scratch/irsabi/bids_collapsed/sub-4004/ses-ofM/func/sub-4004_ses-ofM_task-JogB_acq-EPIlowcov_run-1_cbv.nii.gz,EPIlowcov,EPIlowcov,func,1,ofM,4004,JogB,CBV,4004_ofM_cbv,Unprocessed,Unprocessed,16.334813465364277,566.558,-1.0
53,/home/chymera/data_scratch/irsabi/bids_collapsed/sub-4002/ses-ofM/func/sub-4002_ses-ofM_task-JogB_acq-EPIlowcov_run-1_cbv.nii.gz,EPIlowcov,EPIlowcov,func,1,ofM,4002,JogB,CBV,4002_ofM_cbv,Unprocessed,Unprocessed,13.65185357011855,566.602,-1.0
54,/home/chymera/data_scratch/irsabi/bids_collapsed/sub-4002/ses-ofM/func/sub-4002_ses-ofM_task-JogB_acq-EPIlowcov_run-0_bold.nii.gz,EPIlowcov,EPIlowcov,func,0,ofM,4002,JogB,BOLD,4002_ofM_bold,Unprocessed,Unprocessed,6.698819908546284,566.427,-1.0
56,/home/chymera/data_scratch/irsabi/bids_collapsed/sub-4001/ses-ofMcF1/func/sub-4001_ses-ofMcF1_task-JogB_acq-EPIlowcov_run-1_cbv.nii.gz,EPIlowcov,EPIlowcov,func,1,ofMcF1,4001,JogB,CBV,4001_ofMcF1_cbv,Unprocessed,Unprocessed,11.806942053502429,558.114,-1.0
57,/home/chymera/data_scratch/irsabi/bids_collapsed/sub-4001/ses-ofMcF1/func/sub-4001_ses-ofMcF1_task-JogB_acq-EPIlowcov_run-0_bold.nii.gz,EPIlowcov,EPIlowcov,func,0,ofMcF1,4001,JogB,BOLD,4001_ofMcF1_bold,Unprocessed,Unprocessed,6.805492992703804,558.114,-1.0
59,/home/chymera/data_scratch/irsabi/bids_collapsed/sub-4001/ses-ofMcF2/func/sub-4001_ses-ofMcF2_task-JogB_acq-EPIlowcov_run-0_bold.nii.gz,EPIlowcov,EPIlowcov,func,0,ofMcF2,4001,JogB,BOLD,4001_ofMcF2_bold,Unprocessed,Unprocessed,6.373974516987801,559.595,-1.0
60,/home/chymera/data_scratch/irsabi/bids_collapsed/sub-4001/ses-ofMcF2/func/sub-4001_ses-ofMcF2_task-JogB_acq-EPIlowcov_run-1_cbv.nii.gz,EPIlowcov,EPIlowcov,func,1,ofMcF2,4001,JogB,CBV,4001_ofMcF2_cbv,Unprocessed,Unprocessed,13.768319586436265,559.652,-1.0
62,/home/chymera/data_scratch/irsabi/bids_collapsed/sub-4001/ses-ofMaF/func/sub-4001_ses-ofMaF_task-JogB_acq-EPIlowcov_run-0_bold.nii.gz,EPIlowcov,EPIlowcov,func,0,ofMaF,4001,JogB,BOLD,4001_ofMaF_bold,Unprocessed,Unprocessed,8.875134223140776,561.765,-1.0
63,/home/chymera/data_scratch/irsabi/bids_collapsed/sub-4001/ses-ofMaF/func/sub-4001_ses-ofMaF_task-JogB_acq-EPIlowcov_run-1_cbv.nii.gz,EPIlowcov,EPIlowcov,func,1,ofMaF,4001,JogB,CBV,4001_ofMaF_cbv,Unprocessed,Unprocessed,16.741276453314352,561.822,-1.0
65,/home/chymera/data_scratch/irsabi/bids_collapsed/sub-4001/ses-ofM/func/sub-4001_ses-ofM_task-JogB_acq-EPIlowcov_run-1_cbv.nii.gz,EPIlowcov,EPIlowcov,func,1,ofM,4001,JogB,CBV,4001_ofM_cbv,Unprocessed,Unprocessed,18.2600571885705,566.486,-1.0
66,/home/chymera/data_scratch/irsabi/bids_collapsed/sub-4001/ses-ofM/func/sub-4001_ses-ofM_task-JogB_acq-EPIlowcov_run-0_bold.nii.gz,EPIlowcov,EPIlowcov,func,0,ofM,4001,JogB,BOLD,4001_ofM_bold,Unprocessed,Unprocessed,8.10789917036891,566.544,-1.0
68,/home/chymera/data_scratch/irsabi/bids_collapsed/sub-4005/ses-ofMaF/func/sub-4005_ses-ofMaF_task-JogB_acq-EPIlowcov_run-1_cbv.nii.gz,EPIlowcov,EPIlowcov,func,1,ofMaF,4005,JogB,CBV,4005_ofMaF_cbv,Unprocessed,Unprocessed,15.426039486490193,558.374,-1.0
69,/home/chymera/data_scratch/irsabi/bids_collapsed/sub-4005/ses-ofMaF/func/sub-4005_ses-ofMaF_task-JogB_acq-EPIlowcov_run-0_bold.nii.gz,EPIlowcov,EPIlowcov,func,0,ofMaF,4005,JogB,BOLD,4005_ofMaF_bold,Unprocessed,Unprocessed,7.062445865161718,558.374,-1.0
71,/home/chymera/data_scratch/irsabi/bids_collapsed/sub-4005/ses-ofM/func/sub-4005_ses-ofM_task-JogB_acq-EPIlowcov_run-0_bold.nii.gz,EPIlowcov,EPIlowcov,func,0,ofM,4005,JogB,BOLD,4005_ofM_bold,Unprocessed,Unprocessed,9.028439881280065,559.297,-1.0
72,/home/chymera/data_scratch/irsabi/bids_collapsed/sub-4005/ses-ofM/func/sub-4005_ses-ofM_task-JogB_acq-EPIlowcov_run-1_cbv.nii.gz,EPIlowcov,EPIlowcov,func,1,ofM,4005,JogB,CBV,4005_ofM_cbv,Unprocessed,Unprocessed,15.687664725370709,559.411,-1.0
74,/home/chymera/data_scratch/irsabi/bids_collapsed/sub-4007/ses-ofMcF1/func/sub-4007_ses-ofMcF1_task-JogB_acq-EPIlowcov_run-1_cbv.nii.gz,EPIlowcov,EPIlowcov,func,1,ofMcF1,4007,JogB,CBV,4007_ofMcF1_cbv,Unprocessed,Unprocessed,15.2850985750556,557.651,-1.0
75,/home/chymera/data_scratch/irsabi/bids_collapsed/sub-4007/ses-ofMcF1/func/sub-4007_ses-ofMcF1_task-JogB_acq-EPIlowcov_run-0_bold.nii.gz,EPIlowcov,EPIlowcov,func,0,ofMcF1,4007,JogB,BOLD,4007_ofMcF1_bold,Unprocessed,Unprocessed,8.306339861154557,557.765,-1.0
77,/home/chymera/data_scratch/irsabi/bids_collapsed/sub-4007/ses-ofMcF2/func/sub-4007_ses-ofMcF2_task-JogB_acq-EPIlowcov_run-0_bold.nii.gz,EPIlowcov,EPIlowcov,func,0,ofMcF2,4007,JogB,BOLD,4007_ofMcF2_bold,Unprocessed,Unprocessed,7.686653916381767,557.647,-1.0
78,/home/chymera/data_scratch/irsabi/bids_collapsed/sub-4007/ses-ofMcF2/func/sub-4007_ses-ofMcF2_task-JogB_acq-EPIlowcov_run-1_cbv.nii.gz,EPIlowcov,EPIlowcov,func,1,ofMcF2,4007,JogB,CBV,4007_ofMcF2_cbv,Unprocessed,Unprocessed,14.049526875838637,557.59,-1.0
80,/home/chymera/data_scratch/irsabi/bids_collapsed/sub-4007/ses-ofMaF/func/sub-4007_ses-ofMaF_task-JogB_acq-EPIlowcov_run-0_bold.nii.gz,EPIlowcov,EPIlowcov,func,0,ofMaF,4007,JogB,BOLD,4007_ofMaF_bold,Unprocessed,Unprocessed,9.000608548275197,566.616,-1.0
81,/home/chymera/data_scratch/irsabi/bids_collapsed/sub-4007/ses-ofMaF/func/sub-4007_ses-ofMaF_task-JogB_acq-EPIlowcov_run-1_cbv.nii.gz,EPIlowcov,EPIlowcov,func,1,ofMaF,4007,JogB,CBV,4007_ofMaF_cbv,Unprocessed,Unprocessed,16.98559802832548,566.616,-1.0
83,/home/chymera/data_scratch/irsabi/bids_collapsed/sub-4007/ses-ofM/func/sub-4007_ses-ofM_task-JogB_acq-EPIlowcov_run-1_cbv.nii.gz,EPIlowcov,EPIlowcov,func,1,ofM,4007,JogB,CBV,4007_ofM_cbv,Unprocessed,Unprocessed,18.396059730779385,566.61,-1.0
84,/home/chymera/data_scratch/irsabi/bids_collapsed/sub-4007/ses-ofM/func/sub-4007_ses-ofM_task-JogB_acq-EPIlowcov_run-0_bold.nii.gz,EPIlowcov,EPIlowcov,func,0,ofM,4007,JogB,BOLD,4007_ofM_bold,Unprocessed,Unprocessed,10.658326071221381,566.552,-1.0
86,/home/chymera/data_scratch/irsabi/bids_collapsed/sub-4007/ses-ofMpF/func/sub-4007_ses-ofMpF_task-JogB_acq-EPIlowcov_run-1_cbv.nii.gz,EPIlowcov,EPIlowcov,func,1,ofMpF,4007,JogB,CBV,4007_ofMpF_cbv,Unprocessed,Unprocessed,13.134875692743812,560.125,-1.0
87,/home/chymera/data_scratch/irsabi/bids_collapsed/sub-4007/ses-ofMpF/func/sub-4007_ses-ofMpF_task-JogB_acq-EPIlowcov_run-0_bold.nii.gz,EPIlowcov,EPIlowcov,func,0,ofMpF,4007,JogB,BOLD,4007_ofMpF_bold,Unprocessed,Unprocessed,7.860122910668144,560.125,-1.0
89,/home/chymera/data_scratch/irsabi/bids_collapsed/sub-4009/ses-ofMcF1/func/sub-4009_ses-ofMcF1_task-JogB_acq-EPIlowcov_run-0_bold.nii.gz,EPIlowcov,EPIlowcov,func,0,ofMcF1,4009,JogB,BOLD,4009_ofMcF1_bold,Unprocessed,Unprocessed,6.594329581845087,557.196,-1.0
90,/home/chymera/data_scratch/irsabi/bids_collapsed/sub-4009/ses-ofMcF1/func/sub-4009_ses-ofMcF1_task-JogB_acq-EPIlowcov_run-1_cbv.nii.gz,EPIlowcov,EPIlowcov,func,1,ofMcF1,4009,JogB,CBV,4009_ofMcF1_cbv,Unprocessed,Unprocessed,13.079402402276175,557.196,-1.0
92,/home/chymera/data_scratch/irsabi/bids_collapsed/sub-4009/ses-ofMcF2/func/sub-4009_ses-ofMcF2_task-JogB_acq-EPIlowcov_run-0_bold.nii.gz,EPIlowcov,EPIlowcov,func,0,ofMcF2,4009,JogB,BOLD,4009_ofMcF2_bold,Unprocessed,Unprocessed,7.191804826958105,566.546,-1.0
93,/home/chymera/data_scratch/irsabi/bids_collapsed/sub-4009/ses-ofMcF2/func/sub-4009_ses-ofMcF2_task-JogB_acq-EPIlowcov_run-1_cbv.nii.gz,EPIlowcov,EPIlowcov,func,1,ofMcF2,4009,JogB,CBV,4009_ofMcF2_cbv,Unprocessed,Unprocessed,13.502189164049923,566.546,-1.0
95,/home/chymera/data_scratch/irsabi/bids_collapsed/sub-4009/ses-ofMaF/func/sub-4009_ses-ofMaF_task-JogB_acq-EPIlowcov_run-0_bold.nii.gz,EPIlowcov,EPIlowcov,func,0,ofMaF,4009,JogB,BOLD,4009_ofMaF_bold,Unprocessed,Unprocessed,7.893669863464311,557.743,-1.0
96,/home/chymera/data_scratch/irsabi/bids_collapsed/sub-4009/ses-ofMaF/func/sub-4009_ses-ofMaF_task-JogB_acq-EPIlowcov_run-1_cbv.nii.gz,EPIlowcov,EPIlowcov,func,1,ofMaF,4009,JogB,CBV,4009_ofMaF_cbv,Unprocessed,Unprocessed,14.100244160215372,557.8,-1.0
98,/home/chymera/data_scratch/irsabi/bids_collapsed/sub-4009/ses-ofM/func/sub-4009_ses-ofM_task-JogB_acq-EPIlowcov_run-0_bold.nii.gz,EPIlowcov,EPIlowcov,func,0,ofM,4009,JogB,BOLD,4009_ofM_bold,Unprocessed,Unprocessed,7.281733891551849,558.68,-1.0
99,/home/chymera/data_scratch/irsabi/bids_collapsed/sub-4009/ses-ofM/func/sub-4009_ses-ofM_task-JogB_acq-EPIlowcov_run-1_cbv.nii.gz,EPIlowcov,EPIlowcov,func,1,ofM,4009,JogB,CBV,4009_ofM_cbv,Unprocessed,Unprocessed,14.356415686742404,558.68,-1.0
101,/home/chymera/data_scratch/irsabi/bids_collapsed/sub-4009/ses-ofMpF/func/sub-4009_ses-ofMpF_task-JogB_acq-EPIlowcov_run-1_cbv.nii.gz,EPIlowcov,EPIlowcov,func,1,ofMpF,4009,JogB,CBV,4009_ofMpF_cbv,Unprocessed,Unprocessed,14.175524762985297,559.357,-1.0
102,/home/chymera/data_scratch/irsabi/bids_collapsed/sub-4009/ses-ofMpF/func/sub-4009_ses-ofMpF_task-JogB_acq-EPIlowcov_run-0_bold.nii.gz,EPIlowcov,EPIlowcov,func,0,ofMpF,4009,JogB,BOLD,4009_ofMpF_bold,Unprocessed,Unprocessed,7.3888524481887,559.357,-1.0
0,/home/chymera/data_scratch/irsabi/preprocessing/generic_collapsed/sub-4011/ses-ofMcF1/func/sub-4011_ses-ofMcF1_task-JogB_acq-EPIlowcov_run-1_cbv.nii.gz,EPIlowcov,EPIlowcov,func,1,ofMcF1,4011,JogB,CBV,4011_ofMcF1_cbv,Generic,Generic,15.787374570034446,589.592,1.0578013007400762
1,/home/chymera/data_scratch/irsabi/preprocessing/generic_collapsed/sub-4011/ses-ofMcF1/func/sub-4011_ses-ofMcF1_task-JogB_acq-EPIlowcov_run-0_bold.nii.gz,EPIlowcov,EPIlowcov,func,0,ofMcF1,4011,JogB,BOLD,4011_ofMcF1_bold,Generic,Generic,8.522747204336339,614.664,1.1027835837631756
3,/home/chymera/data_scratch/irsabi/preprocessing/generic_collapsed/sub-4011/ses-ofMcF2/func/sub-4011_ses-ofMcF2_task-JogB_acq-EPIlowcov_run-1_cbv.nii.gz,EPIlowcov,EPIlowcov,func,1,ofMcF2,4011,JogB,CBV,4011_ofMcF2_cbv,Generic,Generic,11.634222518792377,601.56,1.0794224992732793
4,/home/chymera/data_scratch/irsabi/preprocessing/generic_collapsed/sub-4011/ses-ofMcF2/func/sub-4011_ses-ofMcF2_task-JogB_acq-EPIlowcov_run-0_bold.nii.gz,EPIlowcov,EPIlowcov,func,0,ofMcF2,4011,JogB,BOLD,4011_ofMcF2_bold,Generic,Generic,6.085530829965139,586.168,1.051803523429117
6,/home/chymera/data_scratch/irsabi/preprocessing/generic_collapsed/sub-4011/ses-ofMaF/func/sub-4011_ses-ofMaF_task-JogB_acq-EPIlowcov_run-0_bold.nii.gz,EPIlowcov,EPIlowcov,func,0,ofMaF,4011,JogB,BOLD,4011_ofMaF_bold,Generic,Generic,9.722257490623747,570.152,1.0062405579793017
7,/home/chymera/data_scratch/irsabi/preprocessing/generic_collapsed/sub-4011/ses-ofMaF/func/sub-4011_ses-ofMaF_task-JogB_acq-EPIlowcov_run-1_cbv.nii.gz,EPIlowcov,EPIlowcov,func,1,ofMaF,4011,JogB,CBV,4011_ofMaF_cbv,Generic,Generic,15.387464227769527,542.888,0.9581233145551838
9,/home/chymera/data_scratch/irsabi/preprocessing/generic_collapsed/sub-4011/ses-ofM/func/sub-4011_ses-ofM_task-JogB_acq-EPIlowcov_run-1_cbv.nii.gz,EPIlowcov,EPIlowcov,func,1,ofM,4011,JogB,CBV,4011_ofM_cbv,Generic,Generic,16.823312208503488,529.488,0.9500848725834641
10,/home/chymera/data_scratch/irsabi/preprocessing/generic_collapsed/sub-4011/ses-ofM/func/sub-4011_ses-ofM_task-JogB_acq-EPIlowcov_run-0_bold.nii.gz,EPIlowcov,EPIlowcov,func,0,ofM,4011,JogB,BOLD,4011_ofM_bold,Generic,Generic,8.016892031738536,541.92,0.9723921866981513
12,/home/chymera/data_scratch/irsabi/preprocessing/generic_collapsed/sub-4013/ses-ofM/func/sub-4013_ses-ofM_task-JogB_acq-EPIlowcov_run-1_cbv.nii.gz,EPIlowcov,EPIlowcov,func,1,ofM,4013,JogB,CBV,4013_ofM_cbv,Generic,Generic,19.75711251282599,554.304,0.9782709983480876
13,/home/chymera/data_scratch/irsabi/preprocessing/generic_collapsed/sub-4013/ses-ofM/func/sub-4013_ses-ofM_task-JogB_acq-EPIlowcov_run-0_bold.nii.gz,EPIlowcov,EPIlowcov,func,0,ofM,4013,JogB,BOLD,4013_ofM_bold,Generic,Generic,10.122064032796773,568.664,1.003614440820591
15,/home/chymera/data_scratch/irsabi/preprocessing/generic_collapsed/sub-4012/ses-ofMcF1/func/sub-4012_ses-ofMcF1_task-JogB_acq-EPIlowcov_run-0_bold.nii.gz,EPIlowcov,EPIlowcov,func,0,ofMcF1,4012,JogB,BOLD,4012_ofMcF1_bold,Generic,Generic,5.832127338580323,587.512,1.0542094846411543
16,/home/chymera/data_scratch/irsabi/preprocessing/generic_collapsed/sub-4012/ses-ofMcF1/func/sub-4012_ses-ofMcF1_task-JogB_acq-EPIlowcov_run-1_cbv.nii.gz,EPIlowcov,EPIlowcov,func,1,ofMcF1,4012,JogB,CBV,4012_ofMcF1_cbv,Generic,Generic,11.321552565763705,563.08,1.0103696207256043
18,/home/chymera/data_scratch/irsabi/preprocessing/generic_collapsed/sub-4012/ses-ofMcF2/func/sub-4012_ses-ofMcF2_task-JogB_acq-EPIlowcov_run-0_bold.nii.gz,EPIlowcov,EPIlowcov,func,0,ofMcF2,4012,JogB,BOLD,4012_ofMcF2_bold,Generic,Generic,5.7781872241129175,573.616,1.0283044743262697
19,/home/chymera/data_scratch/irsabi/preprocessing/generic_collapsed/sub-4012/ses-ofMcF2/func/sub-4012_ses-ofMcF2_task-JogB_acq-EPIlowcov_run-1_cbv.nii.gz,EPIlowcov,EPIlowcov,func,1,ofMcF2,4012,JogB,CBV,4012_ofMcF2_cbv,Generic,Generic,12.320964620290328,557.752,0.9998655497134415
21,/home/chymera/data_scratch/irsabi/preprocessing/generic_collapsed/sub-4012/ses-ofMaF/func/sub-4012_ses-ofMaF_task-JogB_acq-EPIlowcov_run-1_cbv.nii.gz,EPIlowcov,EPIlowcov,func,1,ofMaF,4012,JogB,CBV,4012_ofMaF_cbv,Generic,Generic,15.088497343249625,547.44,0.9799846407492738
22,/home/chymera/data_scratch/irsabi/preprocessing/generic_collapsed/sub-4012/ses-ofMaF/func/sub-4012_ses-ofMaF_task-JogB_acq-EPIlowcov_run-0_bold.nii.gz,EPIlowcov,EPIlowcov,func,0,ofMaF,4012,JogB,BOLD,4012_ofMaF_bold,Generic,Generic,7.402939622197302,567.976,1.0167465956346073
24,/home/chymera/data_scratch/irsabi/preprocessing/generic_collapsed/sub-4012/ses-ofM/func/sub-4012_ses-ofM_task-JogB_acq-EPIlowcov_run-0_bold.nii.gz,EPIlowcov,EPIlowcov,func,0,ofM,4012,JogB,BOLD,4012_ofM_bold,Generic,Generic,10.018076512496918,556.952,0.9830449839204459
25,/home/chymera/data_scratch/irsabi/preprocessing/generic_collapsed/sub-4012/ses-ofM/func/sub-4012_ses-ofM_task-JogB_acq-EPIlowcov_run-1_cbv.nii.gz,EPIlowcov,EPIlowcov,func,1,ofM,4012,JogB,CBV,4012_ofM_cbv,Generic,Generic,16.443046606937425,535.4,0.9449080153048979
27,/home/chymera/data_scratch/irsabi/preprocessing/generic_collapsed/sub-4012/ses-ofMpF/func/sub-4012_ses-ofMpF_task-JogB_acq-EPIlowcov_run-1_cbv.nii.gz,EPIlowcov,EPIlowcov,func,1,ofMpF,4012,JogB,CBV,4012_ofMpF_cbv,Generic,Generic,11.196024809565863,550.632,0.9870946577009881
28,/home/chymera/data_scratch/irsabi/preprocessing/generic_collapsed/sub-4012/ses-ofMpF/func/sub-4012_ses-ofMpF_task-JogB_acq-EPIlowcov_run-0_bold.nii.gz,EPIlowcov,EPIlowcov,func,0,ofMpF,4012,JogB,BOLD,4012_ofMpF_bold,Generic,Generic,6.066190205747262,590.992,1.0596647756205666
30,/home/chymera/data_scratch/irsabi/preprocessing/generic_collapsed/sub-4006/ses-ofM/func/sub-4006_ses-ofM_task-JogB_acq-EPIlowcov_run-1_cbv.nii.gz,EPIlowcov,EPIlowcov,func,1,ofM,4006,JogB,CBV,4006_ofM_cbv,Generic,Generic,14.505311960652472,548.12,0.967379276142202
31,/home/chymera/data_scratch/irsabi/preprocessing/generic_collapsed/sub-4006/ses-ofM/func/sub-4006_ses-ofM_task-JogB_acq-EPIlowcov_run-0_bold.nii.gz,EPIlowcov,EPIlowcov,func,0,ofM,4006,JogB,BOLD,4006_ofM_bold,Generic,Generic,8.817855184348304,570.0,1.0059953794808711
33,/home/chymera/data_scratch/irsabi/preprocessing/generic_collapsed/sub-4008/ses-ofMcF1/func/sub-4008_ses-ofMcF1_task-JogB_acq-EPIlowcov_run-0_bold.nii.gz,EPIlowcov,EPIlowcov,func,0,ofMcF1,4008,JogB,BOLD,4008_ofMcF1_bold,Generic,Generic,8.581853088573553,572.96,1.0260193757498703
34,/home/chymera/data_scratch/irsabi/preprocessing/generic_collapsed/sub-4008/ses-ofMcF1/func/sub-4008_ses-ofMcF1_task-JogB_acq-EPIlowcov_run-1_cbv.nii.gz,EPIlowcov,EPIlowcov,func,1,ofMcF1,4008,JogB,CBV,4008_ofMcF1_cbv,Generic,Generic,16.444044701247478,560.624,1.0039288720161883
36,/home/chymera/data_scratch/irsabi/preprocessing/generic_collapsed/sub-4008/ses-ofMcF2/func/sub-4008_ses-ofMcF2_task-JogB_acq-EPIlowcov_run-1_cbv.nii.gz,EPIlowcov,EPIlowcov,func,1,ofMcF2,4008,JogB,CBV,4008_ofMcF2_cbv,Generic,Generic,13.742691470179714,555.688,0.9968356019890502
37,/home/chymera/data_scratch/irsabi/preprocessing/generic_collapsed/sub-4008/ses-ofMcF2/func/sub-4008_ses-ofMcF2_task-JogB_acq-EPIlowcov_run-0_bold.nii.gz,EPIlowcov,EPIlowcov,func,0,ofMcF2,4008,JogB,BOLD,4008_ofMcF2_bold,Generic,Generic,6.380042915507222,572.816,1.0275611173697468
39,/home/chymera/data_scratch/irsabi/preprocessing/generic_collapsed/sub-4008/ses-ofMaF/func/sub-4008_ses-ofMaF_task-JogB_acq-EPIlowcov_run-0_bold.nii.gz,EPIlowcov,EPIlowcov,func,0,ofMaF,4008,JogB,BOLD,4008_ofMaF_bold,Generic,Generic,8.373740390082823,574.8,1.0259998500626522
40,/home/chymera/data_scratch/irsabi/preprocessing/generic_collapsed/sub-4008/ses-ofMaF/func/sub-4008_ses-ofMaF_task-JogB_acq-EPIlowcov_run-1_cbv.nii.gz,EPIlowcov,EPIlowcov,func,1,ofMaF,4008,JogB,CBV,4008_ofMaF_cbv,Generic,Generic,16.391013907641188,556.808,0.9938846981796892
42,/home/chymera/data_scratch/irsabi/preprocessing/generic_collapsed/sub-4008/ses-ofM/func/sub-4008_ses-ofM_task-JogB_acq-EPIlowcov_run-1_cbv.nii.gz,EPIlowcov,EPIlowcov,func,1,ofM,4008,JogB,CBV,4008_ofM_cbv,Generic,Generic,11.338922575144098,554.752,0.9790841206276705
43,/home/chymera/data_scratch/irsabi/preprocessing/generic_collapsed/sub-4008/ses-ofM/func/sub-4008_ses-ofM_task-JogB_acq-EPIlowcov_run-0_bold.nii.gz,EPIlowcov,EPIlowcov,func,0,ofM,4008,JogB,BOLD,4008_ofM_bold,Generic,Generic,6.250913191267755,575.008,1.0148340195869068
45,/home/chymera/data_scratch/irsabi/preprocessing/generic_collapsed/sub-4008/ses-ofMpF/func/sub-4008_ses-ofMpF_task-JogB_acq-EPIlowcov_run-0_bold.nii.gz,EPIlowcov,EPIlowcov,func,0,ofMpF,4008,JogB,BOLD,4008_ofMpF_bold,Generic,Generic,7.9592456470150506,604.384,1.0758777340460945
46,/home/chymera/data_scratch/irsabi/preprocessing/generic_collapsed/sub-4008/ses-ofMpF/func/sub-4008_ses-ofMpF_task-JogB_acq-EPIlowcov_run-1_cbv.nii.gz,EPIlowcov,EPIlowcov,func,1,ofMpF,4008,JogB,CBV,4008_ofMpF_cbv,Generic,Generic,16.80722113698721,560.144,0.9972280626169439
48,/home/chymera/data_scratch/irsabi/preprocessing/generic_collapsed/sub-4004/ses-ofM/func/sub-4004_ses-ofM_task-JogB_acq-EPIlowcov_run-0_bold.nii.gz,EPIlowcov,EPIlowcov,func,0,ofM,4004,JogB,BOLD,4004_ofM_bold,Generic,Generic,8.282602289458737,568.312,1.0030958877996605
49,/home/chymera/data_scratch/irsabi/preprocessing/generic_collapsed/sub-4004/ses-ofM/func/sub-4004_ses-ofM_task-JogB_acq-EPIlowcov_run-1_cbv.nii.gz,EPIlowcov,EPIlowcov,func,1,ofM,4004,JogB,CBV,4004_ofM_cbv,Generic,Generic,16.334813465364277,562.152,0.9922232145693822
51,/home/chymera/data_scratch/irsabi/preprocessing/generic_collapsed/sub-4002/ses-ofM/func/sub-4002_ses-ofM_task-JogB_acq-EPIlowcov_run-1_cbv.nii.gz,EPIlowcov,EPIlowcov,func,1,ofM,4002,JogB,CBV,4002_ofM_cbv,Generic,Generic,13.65185357011855,555.112,0.9797212152445632
52,/home/chymera/data_scratch/irsabi/preprocessing/generic_collapsed/sub-4002/ses-ofM/func/sub-4002_ses-ofM_task-JogB_acq-EPIlowcov_run-0_bold.nii.gz,EPIlowcov,EPIlowcov,func,0,ofM,4002,JogB,BOLD,4002_ofM_bold,Generic,Generic,6.698819908546284,559.12,0.9870998381079997
54,/home/chymera/data_scratch/irsabi/preprocessing/generic_collapsed/sub-4001/ses-ofMcF1/func/sub-4001_ses-ofMcF1_task-JogB_acq-EPIlowcov_run-1_cbv.nii.gz,EPIlowcov,EPIlowcov,func,1,ofMcF1,4001,JogB,CBV,4001_ofMcF1_cbv,Generic,Generic,11.806942053502429,548.608,0.9829676374360792
55,/home/chymera/data_scratch/irsabi/preprocessing/generic_collapsed/sub-4001/ses-ofMcF1/func/sub-4001_ses-ofMcF1_task-JogB_acq-EPIlowcov_run-0_bold.nii.gz,EPIlowcov,EPIlowcov,func,0,ofMcF1,4001,JogB,BOLD,4001_ofMcF1_bold,Generic,Generic,6.805492992703804,561.12,1.0053859964093357
57,/home/chymera/data_scratch/irsabi/preprocessing/generic_collapsed/sub-4001/ses-ofMcF2/func/sub-4001_ses-ofMcF2_task-JogB_acq-EPIlowcov_run-0_bold.nii.gz,EPIlowcov,EPIlowcov,func,0,ofMcF2,4001,JogB,BOLD,4001_ofMcF2_bold,Generic,Generic,6.373974516987801,594.0,1.0614819646351379
58,/home/chymera/data_scratch/irsabi/preprocessing/generic_collapsed/sub-4001/ses-ofMcF2/func/sub-4001_ses-ofMcF2_task-JogB_acq-EPIlowcov_run-1_cbv.nii.gz,EPIlowcov,EPIlowcov,func,1,ofMcF2,4001,JogB,CBV,4001_ofMcF2_cbv,Generic,Generic,13.768319586436265,566.288,1.0118573685075725
60,/home/chymera/data_scratch/irsabi/preprocessing/generic_collapsed/sub-4001/ses-ofMaF/func/sub-4001_ses-ofMaF_task-JogB_acq-EPIlowcov_run-0_bold.nii.gz,EPIlowcov,EPIlowcov,func,0,ofMaF,4001,JogB,BOLD,4001_ofMaF_bold,Generic,Generic,8.875134223140776,557.744,0.9928422027004175
61,/home/chymera/data_scratch/irsabi/preprocessing/generic_collapsed/sub-4001/ses-ofMaF/func/sub-4001_ses-ofMaF_task-JogB_acq-EPIlowcov_run-1_cbv.nii.gz,EPIlowcov,EPIlowcov,func,1,ofMaF,4001,JogB,CBV,4001_ofMaF_cbv,Generic,Generic,16.741276453314352,552.832,0.9839984906251446
63,/home/chymera/data_scratch/irsabi/preprocessing/generic_collapsed/sub-4001/ses-ofM/func/sub-4001_ses-ofM_task-JogB_acq-EPIlowcov_run-1_cbv.nii.gz,EPIlowcov,EPIlowcov,func,1,ofM,4001,JogB,CBV,4001_ofM_cbv,Generic,Generic,18.2600571885705,558.92,0.9866439770797513
64,/home/chymera/data_scratch/irsabi/preprocessing/generic_collapsed/sub-4001/ses-ofM/func/sub-4001_ses-ofM_task-JogB_acq-EPIlowcov_run-0_bold.nii.gz,EPIlowcov,EPIlowcov,func,0,ofM,4001,JogB,BOLD,4001_ofM_bold,Generic,Generic,8.10789917036891,562.808,0.9934056313366658
66,/home/chymera/data_scratch/irsabi/preprocessing/generic_collapsed/sub-4005/ses-ofMaF/func/sub-4005_ses-ofMaF_task-JogB_acq-EPIlowcov_run-1_cbv.nii.gz,EPIlowcov,EPIlowcov,func,1,ofMaF,4005,JogB,CBV,4005_ofMaF_cbv,Generic,Generic,15.426039486490193,484.76,0.8681636322608144
67,/home/chymera/data_scratch/irsabi/preprocessing/generic_collapsed/sub-4005/ses-ofMaF/func/sub-4005_ses-ofMaF_task-JogB_acq-EPIlowcov_run-0_bold.nii.gz,EPIlowcov,EPIlowcov,func,0,ofMaF,4005,JogB,BOLD,4005_ofMaF_bold,Generic,Generic,7.062445865161718,506.576,0.9072342193583512
69,/home/chymera/data_scratch/irsabi/preprocessing/generic_collapsed/sub-4005/ses-ofM/func/sub-4005_ses-ofM_task-JogB_acq-EPIlowcov_run-0_bold.nii.gz,EPIlowcov,EPIlowcov,func,0,ofM,4005,JogB,BOLD,4005_ofM_bold,Generic,Generic,9.028439881280065,505.752,0.9042637453803614
70,/home/chymera/data_scratch/irsabi/preprocessing/generic_collapsed/sub-4005/ses-ofM/func/sub-4005_ses-ofM_task-JogB_acq-EPIlowcov_run-1_cbv.nii.gz,EPIlowcov,EPIlowcov,func,1,ofM,4005,JogB,CBV,4005_ofM_cbv,Generic,Generic,15.687664725370709,515.064,0.9207255488361866
72,/home/chymera/data_scratch/irsabi/preprocessing/generic_collapsed/sub-4007/ses-ofMcF1/func/sub-4007_ses-ofMcF1_task-JogB_acq-EPIlowcov_run-1_cbv.nii.gz,EPIlowcov,EPIlowcov,func,1,ofMcF1,4007,JogB,CBV,4007_ofMcF1_cbv,Generic,Generic,15.2850985750556,553.888,0.9932520519106037
73,/home/chymera/data_scratch/irsabi/preprocessing/generic_collapsed/sub-4007/ses-ofMcF1/func/sub-4007_ses-ofMcF1_task-JogB_acq-EPIlowcov_run-0_bold.nii.gz,EPIlowcov,EPIlowcov,func,0,ofMcF1,4007,JogB,BOLD,4007_ofMcF1_bold,Generic,Generic,8.306339861154557,562.168,1.0078940055399677
75,/home/chymera/data_scratch/irsabi/preprocessing/generic_collapsed/sub-4007/ses-ofMcF2/func/sub-4007_ses-ofMcF2_task-JogB_acq-EPIlowcov_run-0_bold.nii.gz,EPIlowcov,EPIlowcov,func,0,ofMcF2,4007,JogB,BOLD,4007_ofMcF2_bold,Generic,Generic,7.686653916381767,562.512,1.008724157038413
76,/home/chymera/data_scratch/irsabi/preprocessing/generic_collapsed/sub-4007/ses-ofMcF2/func/sub-4007_ses-ofMcF2_task-JogB_acq-EPIlowcov_run-1_cbv.nii.gz,EPIlowcov,EPIlowcov,func,1,ofMcF2,4007,JogB,CBV,4007_ofMcF2_cbv,Generic,Generic,14.049526875838637,561.592,1.0071773166663678
78,/home/chymera/data_scratch/irsabi/preprocessing/generic_collapsed/sub-4007/ses-ofMaF/func/sub-4007_ses-ofMaF_task-JogB_acq-EPIlowcov_run-0_bold.nii.gz,EPIlowcov,EPIlowcov,func,0,ofMaF,4007,JogB,BOLD,4007_ofMaF_bold,Generic,Generic,9.000608548275197,570.152,1.0062405579793017
79,/home/chymera/data_scratch/irsabi/preprocessing/generic_collapsed/sub-4007/ses-ofMaF/func/sub-4007_ses-ofMaF_task-JogB_acq-EPIlowcov_run-1_cbv.nii.gz,EPIlowcov,EPIlowcov,func,1,ofMaF,4007,JogB,CBV,4007_ofMaF_cbv,Generic,Generic,16.98559802832548,553.6,0.9770285343160094
81,/home/chymera/data_scratch/irsabi/preprocessing/generic_collapsed/sub-4007/ses-ofM/func/sub-4007_ses-ofM_task-JogB_acq-EPIlowcov_run-1_cbv.nii.gz,EPIlowcov,EPIlowcov,func,1,ofM,4007,JogB,CBV,4007_ofM_cbv,Generic,Generic,18.396059730779385,530.992,0.9371384197243253
82,/home/chymera/data_scratch/irsabi/preprocessing/generic_collapsed/sub-4007/ses-ofM/func/sub-4007_ses-ofM_task-JogB_acq-EPIlowcov_run-0_bold.nii.gz,EPIlowcov,EPIlowcov,func,0,ofM,4007,JogB,BOLD,4007_ofM_bold,Generic,Generic,10.658326071221381,549.128,0.9692455414507407
84,/home/chymera/data_scratch/irsabi/preprocessing/generic_collapsed/sub-4007/ses-ofMpF/func/sub-4007_ses-ofMpF_task-JogB_acq-EPIlowcov_run-1_cbv.nii.gz,EPIlowcov,EPIlowcov,func,1,ofMpF,4007,JogB,CBV,4007_ofMpF_cbv,Generic,Generic,13.134875692743812,545.528,0.9739397455925017
85,/home/chymera/data_scratch/irsabi/preprocessing/generic_collapsed/sub-4007/ses-ofMpF/func/sub-4007_ses-ofMpF_task-JogB_acq-EPIlowcov_run-0_bold.nii.gz,EPIlowcov,EPIlowcov,func,0,ofMpF,4007,JogB,BOLD,4007_ofMpF_bold,Generic,Generic,7.860122910668144,551.6,0.9847801829948672
87,/home/chymera/data_scratch/irsabi/preprocessing/generic_collapsed/sub-4009/ses-ofMcF1/func/sub-4009_ses-ofMcF1_task-JogB_acq-EPIlowcov_run-0_bold.nii.gz,EPIlowcov,EPIlowcov,func,0,ofMcF1,4009,JogB,BOLD,4009_ofMcF1_bold,Generic,Generic,6.594329581845087,576.424,1.034508503291481
88,/home/chymera/data_scratch/irsabi/preprocessing/generic_collapsed/sub-4009/ses-ofMcF1/func/sub-4009_ses-ofMcF1_task-JogB_acq-EPIlowcov_run-1_cbv.nii.gz,EPIlowcov,EPIlowcov,func,1,ofMcF1,4009,JogB,CBV,4009_ofMcF1_cbv,Generic,Generic,13.079402402276175,557.128,0.999877960358653
90,/home/chymera/data_scratch/irsabi/preprocessing/generic_collapsed/sub-4009/ses-ofMcF2/func/sub-4009_ses-ofMcF2_task-JogB_acq-EPIlowcov_run-0_bold.nii.gz,EPIlowcov,EPIlowcov,func,0,ofMcF2,4009,JogB,BOLD,4009_ofMcF2_bold,Generic,Generic,7.191804826958105,568.784,1.0039502529362134
91,/home/chymera/data_scratch/irsabi/preprocessing/generic_collapsed/sub-4009/ses-ofMcF2/func/sub-4009_ses-ofMcF2_task-JogB_acq-EPIlowcov_run-1_cbv.nii.gz,EPIlowcov,EPIlowcov,func,1,ofMcF2,4009,JogB,CBV,4009_ofMcF2_cbv,Generic,Generic,13.502189164049923,561.76,0.991552318787883
93,/home/chymera/data_scratch/irsabi/preprocessing/generic_collapsed/sub-4009/ses-ofMaF/func/sub-4009_ses-ofMaF_task-JogB_acq-EPIlowcov_run-0_bold.nii.gz,EPIlowcov,EPIlowcov,func,0,ofMaF,4009,JogB,BOLD,4009_ofMaF_bold,Generic,Generic,7.893669863464311,574.136,1.0293916732258404
94,/home/chymera/data_scratch/irsabi/preprocessing/generic_collapsed/sub-4009/ses-ofMaF/func/sub-4009_ses-ofMaF_task-JogB_acq-EPIlowcov_run-1_cbv.nii.gz,EPIlowcov,EPIlowcov,func,1,ofMaF,4009,JogB,CBV,4009_ofMaF_cbv,Generic,Generic,14.100244160215372,561.56,1.0067407673001076
96,/home/chymera/data_scratch/irsabi/preprocessing/generic_collapsed/sub-4009/ses-ofM/func/sub-4009_ses-ofM_task-JogB_acq-EPIlowcov_run-0_bold.nii.gz,EPIlowcov,EPIlowcov,func,0,ofM,4009,JogB,BOLD,4009_ofM_bold,Generic,Generic,7.281733891551849,576.2,1.0313596334216368
97,/home/chymera/data_scratch/irsabi/preprocessing/generic_collapsed/sub-4009/ses-ofM/func/sub-4009_ses-ofM_task-JogB_acq-EPIlowcov_run-1_cbv.nii.gz,EPIlowcov,EPIlowcov,func,1,ofM,4009,JogB,CBV,4009_ofM_cbv,Generic,Generic,14.356415686742404,570.744,1.0215937567122504
99,/home/chymera/data_scratch/irsabi/preprocessing/generic_collapsed/sub-4009/ses-ofMpF/func/sub-4009_ses-ofMpF_task-JogB_acq-EPIlowcov_run-1_cbv.nii.gz,EPIlowcov,EPIlowcov,func,1,ofMpF,4009,JogB,CBV,4009_ofMpF_cbv,Generic,Generic,14.175524762985297,554.368,0.9910808303105174
100,/home/chymera/data_scratch/irsabi/preprocessing/generic_collapsed/sub-4009/ses-ofMpF/func/sub-4009_ses-ofMpF_task-JogB_acq-EPIlowcov_run-0_bold.nii.gz,EPIlowcov,EPIlowcov,func,0,ofMpF,4009,JogB,BOLD,4009_ofMpF_bold,Generic,Generic,7.3888524481887,554.736,0.991738728575847
0,/home/chymera/data_scratch/irsabi/preprocessing/generic_ambmc_collapsed/sub-4011/ses-ofMcF1/func/sub-4011_ses-ofMcF1_task-JogB_acq-EPIlowcov_run-1_cbv.nii.gz,EPIlowcov,EPIlowcov,func,1,ofMcF1,4011,JogB,CBV,4011_ofMcF1_cbv,Generic,Legacy,15.787374570034446,391.4,0.702220228750841
1,/home/chymera/data_scratch/irsabi/preprocessing/generic_ambmc_collapsed/sub-4011/ses-ofMcF1/func/sub-4011_ses-ofMcF1_task-JogB_acq-EPIlowcov_run-0_bold.nii.gz,EPIlowcov,EPIlowcov,func,0,ofMcF1,4011,JogB,BOLD,4011_ofMcF1_bold,Generic,Legacy,8.522747204336339,422.512,0.7580390222022875
3,/home/chymera/data_scratch/irsabi/preprocessing/generic_ambmc_collapsed/sub-4011/ses-ofMcF2/func/sub-4011_ses-ofMcF2_task-JogB_acq-EPIlowcov_run-1_cbv.nii.gz,EPIlowcov,EPIlowcov,func,1,ofMcF2,4011,JogB,CBV,4011_ofMcF2_cbv,Generic,Legacy,11.634222518792377,395.904,0.7103991042494321
4,/home/chymera/data_scratch/irsabi/preprocessing/generic_ambmc_collapsed/sub-4011/ses-ofMcF2/func/sub-4011_ses-ofMcF2_task-JogB_acq-EPIlowcov_run-0_bold.nii.gz,EPIlowcov,EPIlowcov,func,0,ofMcF2,4011,JogB,BOLD,4011_ofMcF2_bold,Generic,Legacy,6.085530829965139,414.376,0.7435447462578368
6,/home/chymera/data_scratch/irsabi/preprocessing/generic_ambmc_collapsed/sub-4011/ses-ofMaF/func/sub-4011_ses-ofMaF_task-JogB_acq-EPIlowcov_run-0_bold.nii.gz,EPIlowcov,EPIlowcov,func,0,ofMaF,4011,JogB,BOLD,4011_ofMaF_bold,Generic,Legacy,9.722257490623747,396.08,0.6990272071385206
7,/home/chymera/data_scratch/irsabi/preprocessing/generic_ambmc_collapsed/sub-4011/ses-ofMaF/func/sub-4011_ses-ofMaF_task-JogB_acq-EPIlowcov_run-1_cbv.nii.gz,EPIlowcov,EPIlowcov,func,1,ofMaF,4011,JogB,CBV,4011_ofMaF_cbv,Generic,Legacy,15.387464227769527,367.8,0.6491168622135627
9,/home/chymera/data_scratch/irsabi/preprocessing/generic_ambmc_collapsed/sub-4011/ses-ofM/func/sub-4011_ses-ofM_task-JogB_acq-EPIlowcov_run-1_cbv.nii.gz,EPIlowcov,EPIlowcov,func,1,ofM,4011,JogB,CBV,4011_ofM_cbv,Generic,Legacy,16.823312208503488,359.952,0.6458785658148306
10,/home/chymera/data_scratch/irsabi/preprocessing/generic_ambmc_collapsed/sub-4011/ses-ofM/func/sub-4011_ses-ofM_task-JogB_acq-EPIlowcov_run-0_bold.nii.gz,EPIlowcov,EPIlowcov,func,0,ofM,4011,JogB,BOLD,4011_ofM_bold,Generic,Legacy,8.016892031738536,374.784,0.6724923112257897
12,/home/chymera/data_scratch/irsabi/preprocessing/generic_ambmc_collapsed/sub-4013/ses-ofM/func/sub-4013_ses-ofM_task-JogB_acq-EPIlowcov_run-1_cbv.nii.gz,EPIlowcov,EPIlowcov,func,1,ofM,4013,JogB,CBV,4013_ofM_cbv,Generic,Legacy,19.75711251282599,378.56,0.668106795431121
13,/home/chymera/data_scratch/irsabi/preprocessing/generic_ambmc_collapsed/sub-4013/ses-ofM/func/sub-4013_ses-ofM_task-JogB_acq-EPIlowcov_run-0_bold.nii.gz,EPIlowcov,EPIlowcov,func,0,ofM,4013,JogB,BOLD,4013_ofM_bold,Generic,Legacy,10.122064032796773,387.24,0.6834258121902664
15,/home/chymera/data_scratch/irsabi/preprocessing/generic_ambmc_collapsed/sub-4012/ses-ofMcF1/func/sub-4012_ses-ofMcF1_task-JogB_acq-EPIlowcov_run-0_bold.nii.gz,EPIlowcov,EPIlowcov,func,0,ofMcF1,4012,JogB,BOLD,4012_ofMcF1_bold,Generic,Legacy,5.832127338580323,388.544,0.6971887723151402
16,/home/chymera/data_scratch/irsabi/preprocessing/generic_ambmc_collapsed/sub-4012/ses-ofMcF1/func/sub-4012_ses-ofMcF1_task-JogB_acq-EPIlowcov_run-1_cbv.nii.gz,EPIlowcov,EPIlowcov,func,1,ofMcF1,4012,JogB,CBV,4012_ofMcF1_cbv,Generic,Legacy,11.321552565763705,375.44,0.673675446482242
18,/home/chymera/data_scratch/irsabi/preprocessing/generic_ambmc_collapsed/sub-4012/ses-ofMcF2/func/sub-4012_ses-ofMcF2_task-JogB_acq-EPIlowcov_run-0_bold.nii.gz,EPIlowcov,EPIlowcov,func,0,ofMcF2,4012,JogB,BOLD,4012_ofMcF2_bold,Generic,Legacy,5.7781872241129175,363.656,0.6519153787823107
19,/home/chymera/data_scratch/irsabi/preprocessing/generic_ambmc_collapsed/sub-4012/ses-ofMcF2/func/sub-4012_ses-ofMcF2_task-JogB_acq-EPIlowcov_run-1_cbv.nii.gz,EPIlowcov,EPIlowcov,func,1,ofMcF2,4012,JogB,CBV,4012_ofMcF2_cbv,Generic,Legacy,12.320964620290328,358.704,0.6430380745284828
21,/home/chymera/data_scratch/irsabi/preprocessing/generic_ambmc_collapsed/sub-4012/ses-ofMaF/func/sub-4012_ses-ofMaF_task-JogB_acq-EPIlowcov_run-1_cbv.nii.gz,EPIlowcov,EPIlowcov,func,1,ofMaF,4012,JogB,CBV,4012_ofMaF_cbv,Generic,Legacy,15.088497343249625,365.816,0.6548554386605587
22,/home/chymera/data_scratch/irsabi/preprocessing/generic_ambmc_collapsed/sub-4012/ses-ofMaF/func/sub-4012_ses-ofMaF_task-JogB_acq-EPIlowcov_run-0_bold.nii.gz,EPIlowcov,EPIlowcov,func,0,ofMaF,4012,JogB,BOLD,4012_ofMaF_bold,Generic,Legacy,7.402939622197302,385.28,0.6896983822663308
24,/home/chymera/data_scratch/irsabi/preprocessing/generic_ambmc_collapsed/sub-4012/ses-ofM/func/sub-4012_ses-ofM_task-JogB_acq-EPIlowcov_run-0_bold.nii.gz,EPIlowcov,EPIlowcov,func,0,ofM,4012,JogB,BOLD,4012_ofM_bold,Generic,Legacy,10.018076512496918,367.656,0.648929147589479
25,/home/chymera/data_scratch/irsabi/preprocessing/generic_ambmc_collapsed/sub-4012/ses-ofM/func/sub-4012_ses-ofM_task-JogB_acq-EPIlowcov_run-1_cbv.nii.gz,EPIlowcov,EPIlowcov,func,1,ofM,4012,JogB,CBV,4012_ofM_cbv,Generic,Legacy,16.443046606937425,354.408,0.6254818077851667
27,/home/chymera/data_scratch/irsabi/preprocessing/generic_ambmc_collapsed/sub-4012/ses-ofMpF/func/sub-4012_ses-ofMpF_task-JogB_acq-EPIlowcov_run-1_cbv.nii.gz,EPIlowcov,EPIlowcov,func,1,ofMpF,4012,JogB,CBV,4012_ofMpF_cbv,Generic,Legacy,11.196024809565863,376.984,0.6758032450688469
28,/home/chymera/data_scratch/irsabi/preprocessing/generic_ambmc_collapsed/sub-4012/ses-ofMpF/func/sub-4012_ses-ofMpF_task-JogB_acq-EPIlowcov_run-0_bold.nii.gz,EPIlowcov,EPIlowcov,func,0,ofMpF,4012,JogB,BOLD,4012_ofMpF_bold,Generic,Legacy,6.066190205747262,385.216,0.6907027949709171
30,/home/chymera/data_scratch/irsabi/preprocessing/generic_ambmc_collapsed/sub-4006/ses-ofM/func/sub-4006_ses-ofM_task-JogB_acq-EPIlowcov_run-1_cbv.nii.gz,EPIlowcov,EPIlowcov,func,1,ofM,4006,JogB,CBV,4006_ofM_cbv,Generic,Legacy,14.505311960652472,376.44,0.6643805274592617
31,/home/chymera/data_scratch/irsabi/preprocessing/generic_ambmc_collapsed/sub-4006/ses-ofM/func/sub-4006_ses-ofM_task-JogB_acq-EPIlowcov_run-0_bold.nii.gz,EPIlowcov,EPIlowcov,func,0,ofM,4006,JogB,BOLD,4006_ofM_bold,Generic,Legacy,8.817855184348304,391.704,0.6913200247792547
33,/home/chymera/data_scratch/irsabi/preprocessing/generic_ambmc_collapsed/sub-4008/ses-ofMcF1/func/sub-4008_ses-ofMcF1_task-JogB_acq-EPIlowcov_run-0_bold.nii.gz,EPIlowcov,EPIlowcov,func,0,ofMcF1,4008,JogB,BOLD,4008_ofMcF1_bold,Generic,Legacy,8.581853088573553,385.456,0.6902494493490681
34,/home/chymera/data_scratch/irsabi/preprocessing/generic_ambmc_collapsed/sub-4008/ses-ofMcF1/func/sub-4008_ses-ofMcF1_task-JogB_acq-EPIlowcov_run-1_cbv.nii.gz,EPIlowcov,EPIlowcov,func,1,ofMcF1,4008,JogB,CBV,4008_ofMcF1_cbv,Generic,Legacy,16.444044701247478,404.44,0.7242447576240532
36,/home/chymera/data_scratch/irsabi/preprocessing/generic_ambmc_collapsed/sub-4008/ses-ofMcF2/func/sub-4008_ses-ofMcF2_task-JogB_acq-EPIlowcov_run-1_cbv.nii.gz,EPIlowcov,EPIlowcov,func,1,ofMcF2,4008,JogB,CBV,4008_ofMcF2_cbv,Generic,Legacy,13.742691470179714,391.776,0.7027977296699985
37,/home/chymera/data_scratch/irsabi/preprocessing/generic_ambmc_collapsed/sub-4008/ses-ofMcF2/func/sub-4008_ses-ofMcF2_task-JogB_acq-EPIlowcov_run-0_bold.nii.gz,EPIlowcov,EPIlowcov,func,0,ofMcF2,4008,JogB,BOLD,4008_ofMcF2_bold,Generic,Legacy,6.380042915507222,390.0,0.6996118051419674
39,/home/chymera/data_scratch/irsabi/preprocessing/generic_ambmc_collapsed/sub-4008/ses-ofMaF/func/sub-4008_ses-ofMaF_task-JogB_acq-EPIlowcov_run-0_bold.nii.gz,EPIlowcov,EPIlowcov,func,0,ofMaF,4008,JogB,BOLD,4008_ofMaF_bold,Generic,Legacy,8.373740390082823,377.84,0.6744324692896182
40,/home/chymera/data_scratch/irsabi/preprocessing/generic_ambmc_collapsed/sub-4008/ses-ofMaF/func/sub-4008_ses-ofMaF_task-JogB_acq-EPIlowcov_run-1_cbv.nii.gz,EPIlowcov,EPIlowcov,func,1,ofMaF,4008,JogB,CBV,4008_ofMaF_cbv,Generic,Legacy,16.391013907641188,382.936,0.6835286683778563
42,/home/chymera/data_scratch/irsabi/preprocessing/generic_ambmc_collapsed/sub-4008/ses-ofM/func/sub-4008_ses-ofM_task-JogB_acq-EPIlowcov_run-1_cbv.nii.gz,EPIlowcov,EPIlowcov,func,1,ofM,4008,JogB,CBV,4008_ofM_cbv,Generic,Legacy,11.338922575144098,385.992,0.6812388921343516
43,/home/chymera/data_scratch/irsabi/preprocessing/generic_ambmc_collapsed/sub-4008/ses-ofM/func/sub-4008_ses-ofM_task-JogB_acq-EPIlowcov_run-0_bold.nii.gz,EPIlowcov,EPIlowcov,func,0,ofM,4008,JogB,BOLD,4008_ofM_bold,Generic,Legacy,6.250913191267755,392.672,0.6930284520201977
45,/home/chymera/data_scratch/irsabi/preprocessing/generic_ambmc_collapsed/sub-4008/ses-ofMpF/func/sub-4008_ses-ofMpF_task-JogB_acq-EPIlowcov_run-0_bold.nii.gz,EPIlowcov,EPIlowcov,func,0,ofMpF,4008,JogB,BOLD,4008_ofMpF_bold,Generic,Legacy,7.9592456470150506,391.6,0.6970960856879908
46,/home/chymera/data_scratch/irsabi/preprocessing/generic_ambmc_collapsed/sub-4008/ses-ofMpF/func/sub-4008_ses-ofMpF_task-JogB_acq-EPIlowcov_run-1_cbv.nii.gz,EPIlowcov,EPIlowcov,func,1,ofMpF,4008,JogB,CBV,4008_ofMpF_cbv,Generic,Legacy,16.80722113698721,370.768,0.6600807191014436
48,/home/chymera/data_scratch/irsabi/preprocessing/generic_ambmc_collapsed/sub-4004/ses-ofM/func/sub-4004_ses-ofM_task-JogB_acq-EPIlowcov_run-0_bold.nii.gz,EPIlowcov,EPIlowcov,func,0,ofM,4004,JogB,BOLD,4004_ofM_bold,Generic,Legacy,8.282602289458737,376.728,0.6649416299831615
49,/home/chymera/data_scratch/irsabi/preprocessing/generic_ambmc_collapsed/sub-4004/ses-ofM/func/sub-4004_ses-ofM_task-JogB_acq-EPIlowcov_run-1_cbv.nii.gz,EPIlowcov,EPIlowcov,func,1,ofM,4004,JogB,CBV,4004_ofM_cbv,Generic,Legacy,16.334813465364277,373.312,0.6589122384645526
51,/home/chymera/data_scratch/irsabi/preprocessing/generic_ambmc_collapsed/sub-4002/ses-ofM/func/sub-4002_ses-ofM_task-JogB_acq-EPIlowcov_run-1_cbv.nii.gz,EPIlowcov,EPIlowcov,func,1,ofM,4002,JogB,CBV,4002_ofM_cbv,Generic,Legacy,13.65185357011855,386.008,0.6812683329744689
52,/home/chymera/data_scratch/irsabi/preprocessing/generic_ambmc_collapsed/sub-4002/ses-ofM/func/sub-4002_ses-ofM_task-JogB_acq-EPIlowcov_run-0_bold.nii.gz,EPIlowcov,EPIlowcov,func,0,ofM,4002,JogB,BOLD,4002_ofM_bold,Generic,Legacy,6.698819908546284,382.472,0.6752361734168745
54,/home/chymera/data_scratch/irsabi/preprocessing/generic_ambmc_collapsed/sub-4001/ses-ofMcF1/func/sub-4001_ses-ofMcF1_task-JogB_acq-EPIlowcov_run-1_cbv.nii.gz,EPIlowcov,EPIlowcov,func,1,ofMcF1,4001,JogB,CBV,4001_ofMcF1_cbv,Generic,Legacy,11.806942053502429,367.992,0.659349165224309
55,/home/chymera/data_scratch/irsabi/preprocessing/generic_ambmc_collapsed/sub-4001/ses-ofMcF1/func/sub-4001_ses-ofMcF1_task-JogB_acq-EPIlowcov_run-0_bold.nii.gz,EPIlowcov,EPIlowcov,func,0,ofMcF1,4001,JogB,BOLD,4001_ofMcF1_bold,Generic,Legacy,6.805492992703804,386.128,0.69184431854424
57,/home/chymera/data_scratch/irsabi/preprocessing/generic_ambmc_collapsed/sub-4001/ses-ofMcF2/func/sub-4001_ses-ofMcF2_task-JogB_acq-EPIlowcov_run-0_bold.nii.gz,EPIlowcov,EPIlowcov,func,0,ofMcF2,4001,JogB,BOLD,4001_ofMcF2_bold,Generic,Legacy,6.373974516987801,391.288,0.6992342676399896
58,/home/chymera/data_scratch/irsabi/preprocessing/generic_ambmc_collapsed/sub-4001/ses-ofMcF2/func/sub-4001_ses-ofMcF2_task-JogB_acq-EPIlowcov_run-1_cbv.nii.gz,EPIlowcov,EPIlowcov,func,1,ofMcF2,4001,JogB,CBV,4001_ofMcF2_cbv,Generic,Legacy,13.768319586436265,379.84,0.6787074825069864
60,/home/chymera/data_scratch/irsabi/preprocessing/generic_ambmc_collapsed/sub-4001/ses-ofMaF/func/sub-4001_ses-ofMaF_task-JogB_acq-EPIlowcov_run-0_bold.nii.gz,EPIlowcov,EPIlowcov,func,0,ofMaF,4001,JogB,BOLD,4001_ofMaF_bold,Generic,Legacy,8.875134223140776,367.472,0.6541382962626721
61,/home/chymera/data_scratch/irsabi/preprocessing/generic_ambmc_collapsed/sub-4001/ses-ofMaF/func/sub-4001_ses-ofMaF_task-JogB_acq-EPIlowcov_run-1_cbv.nii.gz,EPIlowcov,EPIlowcov,func,1,ofMaF,4001,JogB,CBV,4001_ofMaF_cbv,Generic,Legacy,16.741276453314352,372.424,0.6628861098354994
63,/home/chymera/data_scratch/irsabi/preprocessing/generic_ambmc_collapsed/sub-4001/ses-ofM/func/sub-4001_ses-ofM_task-JogB_acq-EPIlowcov_run-1_cbv.nii.gz,EPIlowcov,EPIlowcov,func,1,ofM,4001,JogB,CBV,4001_ofM_cbv,Generic,Legacy,18.2600571885705,367.952,0.6495341455923006
64,/home/chymera/data_scratch/irsabi/preprocessing/generic_ambmc_collapsed/sub-4001/ses-ofM/func/sub-4001_ses-ofM_task-JogB_acq-EPIlowcov_run-0_bold.nii.gz,EPIlowcov,EPIlowcov,func,0,ofM,4001,JogB,BOLD,4001_ofM_bold,Generic,Legacy,8.10789917036891,382.064,0.6743765709282952
66,/home/chymera/data_scratch/irsabi/preprocessing/generic_ambmc_collapsed/sub-4005/ses-ofMaF/func/sub-4005_ses-ofMaF_task-JogB_acq-EPIlowcov_run-1_cbv.nii.gz,EPIlowcov,EPIlowcov,func,1,ofMaF,4005,JogB,CBV,4005_ofMaF_cbv,Generic,Legacy,15.426039486490193,340.24,0.6093406927973007
67,/home/chymera/data_scratch/irsabi/preprocessing/generic_ambmc_collapsed/sub-4005/ses-ofMaF/func/sub-4005_ses-ofMaF_task-JogB_acq-EPIlowcov_run-0_bold.nii.gz,EPIlowcov,EPIlowcov,func,0,ofMaF,4005,JogB,BOLD,4005_ofMaF_bold,Generic,Legacy,7.062445865161718,372.296,0.6667502426688922
69,/home/chymera/data_scratch/irsabi/preprocessing/generic_ambmc_collapsed/sub-4005/ses-ofM/func/sub-4005_ses-ofM_task-JogB_acq-EPIlowcov_run-0_bold.nii.gz,EPIlowcov,EPIlowcov,func,0,ofM,4005,JogB,BOLD,4005_ofM_bold,Generic,Legacy,9.028439881280065,351.288,0.6280884753538818
70,/home/chymera/data_scratch/irsabi/preprocessing/generic_ambmc_collapsed/sub-4005/ses-ofM/func/sub-4005_ses-ofM_task-JogB_acq-EPIlowcov_run-1_cbv.nii.gz,EPIlowcov,EPIlowcov,func,1,ofM,4005,JogB,CBV,4005_ofM_cbv,Generic,Legacy,15.687664725370709,356.008,0.6363979256753979
72,/home/chymera/data_scratch/irsabi/preprocessing/generic_ambmc_collapsed/sub-4007/ses-ofMcF1/func/sub-4007_ses-ofMcF1_task-JogB_acq-EPIlowcov_run-1_cbv.nii.gz,EPIlowcov,EPIlowcov,func,1,ofMcF1,4007,JogB,CBV,4007_ofMcF1_cbv,Generic,Legacy,15.2850985750556,372.512,0.6680020299434594
73,/home/chymera/data_scratch/irsabi/preprocessing/generic_ambmc_collapsed/sub-4007/ses-ofMcF1/func/sub-4007_ses-ofMcF1_task-JogB_acq-EPIlowcov_run-0_bold.nii.gz,EPIlowcov,EPIlowcov,func,0,ofMcF1,4007,JogB,BOLD,4007_ofMcF1_bold,Generic,Legacy,8.306339861154557,374.632,0.6716663827956219
75,/home/chymera/data_scratch/irsabi/preprocessing/generic_ambmc_collapsed/sub-4007/ses-ofMcF2/func/sub-4007_ses-ofMcF2_task-JogB_acq-EPIlowcov_run-0_bold.nii.gz,EPIlowcov,EPIlowcov,func,0,ofMcF2,4007,JogB,BOLD,4007_ofMcF2_bold,Generic,Legacy,7.686653916381767,391.432,0.7019350951408327
76,/home/chymera/data_scratch/irsabi/preprocessing/generic_ambmc_collapsed/sub-4007/ses-ofMcF2/func/sub-4007_ses-ofMcF2_task-JogB_acq-EPIlowcov_run-1_cbv.nii.gz,EPIlowcov,EPIlowcov,func,1,ofMcF2,4007,JogB,CBV,4007_ofMcF2_cbv,Generic,Legacy,14.049526875838637,384.92,0.690328018795172
78,/home/chymera/data_scratch/irsabi/preprocessing/generic_ambmc_collapsed/sub-4007/ses-ofMaF/func/sub-4007_ses-ofMaF_task-JogB_acq-EPIlowcov_run-0_bold.nii.gz,EPIlowcov,EPIlowcov,func,0,ofMaF,4007,JogB,BOLD,4007_ofMaF_bold,Generic,Legacy,9.000608548275197,381.0,0.6724130628150282
79,/home/chymera/data_scratch/irsabi/preprocessing/generic_ambmc_collapsed/sub-4007/ses-ofMaF/func/sub-4007_ses-ofMaF_task-JogB_acq-EPIlowcov_run-1_cbv.nii.gz,EPIlowcov,EPIlowcov,func,1,ofMaF,4007,JogB,CBV,4007_ofMaF_cbv,Generic,Legacy,16.98559802832548,374.576,0.661075578522315
81,/home/chymera/data_scratch/irsabi/preprocessing/generic_ambmc_collapsed/sub-4007/ses-ofM/func/sub-4007_ses-ofM_task-JogB_acq-EPIlowcov_run-1_cbv.nii.gz,EPIlowcov,EPIlowcov,func,1,ofM,4007,JogB,CBV,4007_ofM_cbv,Generic,Legacy,18.396059730779385,360.096,0.6355270821199767
82,/home/chymera/data_scratch/irsabi/preprocessing/generic_ambmc_collapsed/sub-4007/ses-ofM/func/sub-4007_ses-ofM_task-JogB_acq-EPIlowcov_run-0_bold.nii.gz,EPIlowcov,EPIlowcov,func,0,ofM,4007,JogB,BOLD,4007_ofM_bold,Generic,Legacy,10.658326071221381,363.784,0.6421016958725765
84,/home/chymera/data_scratch/irsabi/preprocessing/generic_ambmc_collapsed/sub-4007/ses-ofMpF/func/sub-4007_ses-ofMpF_task-JogB_acq-EPIlowcov_run-1_cbv.nii.gz,EPIlowcov,EPIlowcov,func,1,ofMpF,4007,JogB,CBV,4007_ofMpF_cbv,Generic,Legacy,13.134875692743812,362.552,0.6472698058469092
85,/home/chymera/data_scratch/irsabi/preprocessing/generic_ambmc_collapsed/sub-4007/ses-ofMpF/func/sub-4007_ses-ofMpF_task-JogB_acq-EPIlowcov_run-0_bold.nii.gz,EPIlowcov,EPIlowcov,func,0,ofMpF,4007,JogB,BOLD,4007_ofMpF_bold,Generic,Legacy,7.860122910668144,384.752,0.6869038161124749
87,/home/chymera/data_scratch/irsabi/preprocessing/generic_ambmc_collapsed/sub-4009/ses-ofMcF1/func/sub-4009_ses-ofMcF1_task-JogB_acq-EPIlowcov_run-0_bold.nii.gz,EPIlowcov,EPIlowcov,func,0,ofMcF1,4009,JogB,BOLD,4009_ofMcF1_bold,Generic,Legacy,6.594329581845087,399.712,0.7173633694427095
88,/home/chymera/data_scratch/irsabi/preprocessing/generic_ambmc_collapsed/sub-4009/ses-ofMcF1/func/sub-4009_ses-ofMcF1_task-JogB_acq-EPIlowcov_run-1_cbv.nii.gz,EPIlowcov,EPIlowcov,func,1,ofMcF1,4009,JogB,CBV,4009_ofMcF1_cbv,Generic,Legacy,13.079402402276175,401.84,0.7211824923366283
90,/home/chymera/data_scratch/irsabi/preprocessing/generic_ambmc_collapsed/sub-4009/ses-ofMcF2/func/sub-4009_ses-ofMcF2_task-JogB_acq-EPIlowcov_run-0_bold.nii.gz,EPIlowcov,EPIlowcov,func,0,ofMcF2,4009,JogB,BOLD,4009_ofMcF2_bold,Generic,Legacy,7.191804826958105,416.912,0.7358837587768688
91,/home/chymera/data_scratch/irsabi/preprocessing/generic_ambmc_collapsed/sub-4009/ses-ofMcF2/func/sub-4009_ses-ofMcF2_task-JogB_acq-EPIlowcov_run-1_cbv.nii.gz,EPIlowcov,EPIlowcov,func,1,ofMcF2,4009,JogB,CBV,4009_ofMcF2_cbv,Generic,Legacy,13.502189164049923,379.8,0.6703780452072735
93,/home/chymera/data_scratch/irsabi/preprocessing/generic_ambmc_collapsed/sub-4009/ses-ofMaF/func/sub-4009_ses-ofMaF_task-JogB_acq-EPIlowcov_run-0_bold.nii.gz,EPIlowcov,EPIlowcov,func,0,ofMaF,4009,JogB,BOLD,4009_ofMaF_bold,Generic,Legacy,7.893669863464311,389.208,0.6978267768488354
94,/home/chymera/data_scratch/irsabi/preprocessing/generic_ambmc_collapsed/sub-4009/ses-ofMaF/func/sub-4009_ses-ofMaF_task-JogB_acq-EPIlowcov_run-1_cbv.nii.gz,EPIlowcov,EPIlowcov,func,1,ofMaF,4009,JogB,CBV,4009_ofMaF_cbv,Generic,Legacy,14.100244160215372,367.928,0.6596055934026533
96,/home/chymera/data_scratch/irsabi/preprocessing/generic_ambmc_collapsed/sub-4009/ses-ofM/func/sub-4009_ses-ofM_task-JogB_acq-EPIlowcov_run-0_bold.nii.gz,EPIlowcov,EPIlowcov,func,0,ofM,4009,JogB,BOLD,4009_ofM_bold,Generic,Legacy,7.281733891551849,422.888,0.7569413617813417
97,/home/chymera/data_scratch/irsabi/preprocessing/generic_ambmc_collapsed/sub-4009/ses-ofM/func/sub-4009_ses-ofM_task-JogB_acq-EPIlowcov_run-1_cbv.nii.gz,EPIlowcov,EPIlowcov,func,1,ofM,4009,JogB,CBV,4009_ofM_cbv,Generic,Legacy,14.356415686742404,371.864,0.6656117992410683
99,/home/chymera/data_scratch/irsabi/preprocessing/generic_ambmc_collapsed/sub-4009/ses-ofMpF/func/sub-4009_ses-ofMpF_task-JogB_acq-EPIlowcov_run-1_cbv.nii.gz,EPIlowcov,EPIlowcov,func,1,ofMpF,4009,JogB,CBV,4009_ofMpF_cbv,Generic,Legacy,14.175524762985297,381.968,0.6828697951397766
100,/home/chymera/data_scratch/irsabi/preprocessing/generic_ambmc_collapsed/sub-4009/ses-ofMpF/func/sub-4009_ses-ofMpF_task-JogB_acq-EPIlowcov_run-0_bold.nii.gz,EPIlowcov,EPIlowcov,func,0,ofMpF,4009,JogB,BOLD,4009_ofMpF_bold,Generic,Legacy,7.3888524481887,437.584,0.7822982460217714
0,/home/chymera/data_scratch/irsabi/preprocessing/legacy_collapsed/sub-4011/ses-ofMcF1/func/sub-4011_ses-ofMcF1_task-JogB_acq-EPIlowcov_run-1_cbv.nii.gz,EPIlowcov,EPIlowcov,func,1,ofMcF1,4011,JogB,CBV,4011_ofMcF1_cbv,Legacy,Legacy,15.787374570034446,442.4,0.7937205651491366
1,/home/chymera/data_scratch/irsabi/preprocessing/legacy_collapsed/sub-4011/ses-ofMcF1/func/sub-4011_ses-ofMcF1_task-JogB_acq-EPIlowcov_run-0_bold.nii.gz,EPIlowcov,EPIlowcov,func,0,ofMcF1,4011,JogB,BOLD,4011_ofMcF1_bold,Legacy,Legacy,8.522747204336339,515.576,0.9250074007625029
2,/home/chymera/data_scratch/irsabi/preprocessing/legacy_collapsed/sub-4011/ses-ofMcF2/func/sub-4011_ses-ofMcF2_task-JogB_acq-EPIlowcov_run-1_cbv.nii.gz,EPIlowcov,EPIlowcov,func,1,ofMcF2,4011,JogB,CBV,4011_ofMcF2_cbv,Legacy,Legacy,11.634222518792377,464.12,0.8328039935546153
3,/home/chymera/data_scratch/irsabi/preprocessing/legacy_collapsed/sub-4011/ses-ofMcF2/func/sub-4011_ses-ofMcF2_task-JogB_acq-EPIlowcov_run-0_bold.nii.gz,EPIlowcov,EPIlowcov,func,0,ofMcF2,4011,JogB,BOLD,4011_ofMcF2_bold,Legacy,Legacy,6.085530829965139,538.104,0.9655588213128345
4,/home/chymera/data_scratch/irsabi/preprocessing/legacy_collapsed/sub-4011/ses-ofMaF/func/sub-4011_ses-ofMaF_task-JogB_acq-EPIlowcov_run-0_bold.nii.gz,EPIlowcov,EPIlowcov,func,0,ofMaF,4011,JogB,BOLD,4011_ofMaF_bold,Legacy,Legacy,9.722257490623747,496.04,0.8754429807841643
5,/home/chymera/data_scratch/irsabi/preprocessing/legacy_collapsed/sub-4011/ses-ofMaF/func/sub-4011_ses-ofMaF_task-JogB_acq-EPIlowcov_run-1_cbv.nii.gz,EPIlowcov,EPIlowcov,func,1,ofMaF,4011,JogB,CBV,4011_ofMaF_cbv,Legacy,Legacy,15.387464227769527,423.368,0.7471868072910048
6,/home/chymera/data_scratch/irsabi/preprocessing/legacy_collapsed/sub-4011/ses-ofM/func/sub-4011_ses-ofM_task-JogB_acq-EPIlowcov_run-1_cbv.nii.gz,EPIlowcov,EPIlowcov,func,1,ofM,4011,JogB,CBV,4011_ofM_cbv,Legacy,Legacy,16.823312208503488,400.984,0.7195041862100892
7,/home/chymera/data_scratch/irsabi/preprocessing/legacy_collapsed/sub-4011/ses-ofM/func/sub-4011_ses-ofM_task-JogB_acq-EPIlowcov_run-0_bold.nii.gz,EPIlowcov,EPIlowcov,func,0,ofM,4011,JogB,BOLD,4011_ofM_bold,Legacy,Legacy,8.016892031738536,546.936,0.9813926281073593
8,/home/chymera/data_scratch/irsabi/preprocessing/legacy_collapsed/sub-4013/ses-ofM/func/sub-4013_ses-ofM_task-JogB_acq-EPIlowcov_run-1_cbv.nii.gz,EPIlowcov,EPIlowcov,func,1,ofM,4013,JogB,CBV,4013_ofM_cbv,Legacy,Legacy,19.75711251282599,472.968,0.8347240459146936
9,/home/chymera/data_scratch/irsabi/preprocessing/legacy_collapsed/sub-4013/ses-ofM/func/sub-4013_ses-ofM_task-JogB_acq-EPIlowcov_run-0_bold.nii.gz,EPIlowcov,EPIlowcov,func,0,ofM,4013,JogB,BOLD,4013_ofM_bold,Legacy,Legacy,10.122064032796773,546.96,0.9653098394679995
10,/home/chymera/data_scratch/irsabi/preprocessing/legacy_collapsed/sub-4012/ses-ofMcF1/func/sub-4012_ses-ofMcF1_task-JogB_acq-EPIlowcov_run-0_bold.nii.gz,EPIlowcov,EPIlowcov,func,0,ofMcF1,4012,JogB,BOLD,4012_ofMcF1_bold,Legacy,Legacy,5.832127338580323,529.856,0.9507537219563574
11,/home/chymera/data_scratch/irsabi/preprocessing/legacy_collapsed/sub-4012/ses-ofMcF1/func/sub-4012_ses-ofMcF1_task-JogB_acq-EPIlowcov_run-1_cbv.nii.gz,EPIlowcov,EPIlowcov,func,1,ofMcF1,4012,JogB,CBV,4012_ofMcF1_cbv,Legacy,Legacy,11.321552565763705,485.192,0.8706103165075963
12,/home/chymera/data_scratch/irsabi/preprocessing/legacy_collapsed/sub-4012/ses-ofMcF2/func/sub-4012_ses-ofMcF2_task-JogB_acq-EPIlowcov_run-0_bold.nii.gz,EPIlowcov,EPIlowcov,func,0,ofMcF2,4012,JogB,BOLD,4012_ofMcF2_bold,Legacy,Legacy,5.7781872241129175,544.472,0.9760588856401715
13,/home/chymera/data_scratch/irsabi/preprocessing/legacy_collapsed/sub-4012/ses-ofMcF2/func/sub-4012_ses-ofMcF2_task-JogB_acq-EPIlowcov_run-1_cbv.nii.gz,EPIlowcov,EPIlowcov,func,1,ofMcF2,4012,JogB,CBV,4012_ofMcF2_cbv,Legacy,Legacy,12.320964620290328,503.864,0.9032621224860037
14,/home/chymera/data_scratch/irsabi/preprocessing/legacy_collapsed/sub-4012/ses-ofMaF/func/sub-4012_ses-ofMaF_task-JogB_acq-EPIlowcov_run-1_cbv.nii.gz,EPIlowcov,EPIlowcov,func,1,ofMaF,4012,JogB,CBV,4012_ofMaF_cbv,Legacy,Legacy,15.088497343249625,413.24,0.7397502063116138
15,/home/chymera/data_scratch/irsabi/preprocessing/legacy_collapsed/sub-4012/ses-ofMaF/func/sub-4012_ses-ofMaF_task-JogB_acq-EPIlowcov_run-0_bold.nii.gz,EPIlowcov,EPIlowcov,func,0,ofMaF,4012,JogB,BOLD,4012_ofMaF_bold,Legacy,Legacy,7.402939622197302,535.72,0.9590044054913798
16,/home/chymera/data_scratch/irsabi/preprocessing/legacy_collapsed/sub-4012/ses-ofM/func/sub-4012_ses-ofM_task-JogB_acq-EPIlowcov_run-0_bold.nii.gz,EPIlowcov,EPIlowcov,func,0,ofM,4012,JogB,BOLD,4012_ofM_bold,Legacy,Legacy,10.018076512496918,490.224,0.8652671041623275
17,/home/chymera/data_scratch/irsabi/preprocessing/legacy_collapsed/sub-4012/ses-ofM/func/sub-4012_ses-ofM_task-JogB_acq-EPIlowcov_run-1_cbv.nii.gz,EPIlowcov,EPIlowcov,func,1,ofM,4012,JogB,CBV,4012_ofM_cbv,Legacy,Legacy,16.443046606937425,464.968,0.8206051364592599
18,/home/chymera/data_scratch/irsabi/preprocessing/legacy_collapsed/sub-4012/ses-ofMpF/func/sub-4012_ses-ofMpF_task-JogB_acq-EPIlowcov_run-1_cbv.nii.gz,EPIlowcov,EPIlowcov,func,1,ofMpF,4012,JogB,CBV,4012_ofMpF_cbv,Legacy,Legacy,11.196024809565863,510.96,0.9159763440898766
19,/home/chymera/data_scratch/irsabi/preprocessing/legacy_collapsed/sub-4012/ses-ofMpF/func/sub-4012_ses-ofMpF_task-JogB_acq-EPIlowcov_run-0_bold.nii.gz,EPIlowcov,EPIlowcov,func,0,ofMpF,4012,JogB,BOLD,4012_ofMpF_bold,Legacy,Legacy,6.066190205747262,563.104,1.0096608309605606
20,/home/chymera/data_scratch/irsabi/preprocessing/legacy_collapsed/sub-4006/ses-ofM/func/sub-4006_ses-ofM_task-JogB_acq-EPIlowcov_run-1_cbv.nii.gz,EPIlowcov,EPIlowcov,func,1,ofM,4006,JogB,CBV,4006_ofM_cbv,Legacy,Legacy,14.505311960652472,406.512,0.7174547257956629
21,/home/chymera/data_scratch/irsabi/preprocessing/legacy_collapsed/sub-4006/ses-ofM/func/sub-4006_ses-ofM_task-JogB_acq-EPIlowcov_run-0_bold.nii.gz,EPIlowcov,EPIlowcov,func,0,ofM,4006,JogB,BOLD,4006_ofM_bold,Legacy,Legacy,8.817855184348304,451.864,0.7974966599188498
22,/home/chymera/data_scratch/irsabi/preprocessing/legacy_collapsed/sub-4008/ses-ofMcF1/func/sub-4008_ses-ofMcF1_task-JogB_acq-EPIlowcov_run-0_bold.nii.gz,EPIlowcov,EPIlowcov,func,0,ofMcF1,4008,JogB,BOLD,4008_ofMcF1_bold,Legacy,Legacy,8.581853088573553,536.392,0.9605357878337484
23,/home/chymera/data_scratch/irsabi/preprocessing/legacy_collapsed/sub-4008/ses-ofMcF1/func/sub-4008_ses-ofMcF1_task-JogB_acq-EPIlowcov_run-1_cbv.nii.gz,EPIlowcov,EPIlowcov,func,1,ofMcF1,4008,JogB,CBV,4008_ofMcF1_cbv,Legacy,Legacy,16.444044701247478,497.88,0.8915710115860538
24,/home/chymera/data_scratch/irsabi/preprocessing/legacy_collapsed/sub-4008/ses-ofMcF2/func/sub-4008_ses-ofMcF2_task-JogB_acq-EPIlowcov_run-1_cbv.nii.gz,EPIlowcov,EPIlowcov,func,1,ofMcF2,4008,JogB,CBV,4008_ofMcF2_cbv,Legacy,Legacy,13.742691470179714,510.952,0.9165847463099962
25,/home/chymera/data_scratch/irsabi/preprocessing/legacy_collapsed/sub-4008/ses-ofMcF2/func/sub-4008_ses-ofMcF2_task-JogB_acq-EPIlowcov_run-0_bold.nii.gz,EPIlowcov,EPIlowcov,func,0,ofMcF2,4008,JogB,BOLD,4008_ofMcF2_bold,Legacy,Legacy,6.380042915507222,552.144,0.9904781039443755
26,/home/chymera/data_scratch/irsabi/preprocessing/legacy_collapsed/sub-4008/ses-ofMaF/func/sub-4008_ses-ofMaF_task-JogB_acq-EPIlowcov_run-0_bold.nii.gz,EPIlowcov,EPIlowcov,func,0,ofMaF,4008,JogB,BOLD,4008_ofMaF_bold,Legacy,Legacy,8.373740390082823,507.552,0.9059642934916481
27,/home/chymera/data_scratch/irsabi/preprocessing/legacy_collapsed/sub-4008/ses-ofMaF/func/sub-4008_ses-ofMaF_task-JogB_acq-EPIlowcov_run-1_cbv.nii.gz,EPIlowcov,EPIlowcov,func,1,ofMaF,4008,JogB,CBV,4008_ofMaF_cbv,Legacy,Legacy,16.391013907641188,400.472,0.7148298746595172
28,/home/chymera/data_scratch/irsabi/preprocessing/legacy_collapsed/sub-4008/ses-ofM/func/sub-4008_ses-ofM_task-JogB_acq-EPIlowcov_run-1_cbv.nii.gz,EPIlowcov,EPIlowcov,func,1,ofM,4008,JogB,CBV,4008_ofM_cbv,Legacy,Legacy,11.338922575144098,482.2,0.8510367929573265
29,/home/chymera/data_scratch/irsabi/preprocessing/legacy_collapsed/sub-4008/ses-ofM/func/sub-4008_ses-ofM_task-JogB_acq-EPIlowcov_run-0_bold.nii.gz,EPIlowcov,EPIlowcov,func,0,ofM,4008,JogB,BOLD,4008_ofM_bold,Legacy,Legacy,6.250913191267755,517.672,0.9136414738361782
30,/home/chymera/data_scratch/irsabi/preprocessing/legacy_collapsed/sub-4008/ses-ofMpF/func/sub-4008_ses-ofMpF_task-JogB_acq-EPIlowcov_run-0_bold.nii.gz,EPIlowcov,EPIlowcov,func,0,ofMpF,4008,JogB,BOLD,4008_ofMpF_bold,Legacy,Legacy,7.9592456470150506,549.68,0.9784978967849202
31,/home/chymera/data_scratch/irsabi/preprocessing/legacy_collapsed/sub-4008/ses-ofMpF/func/sub-4008_ses-ofMpF_task-JogB_acq-EPIlowcov_run-1_cbv.nii.gz,EPIlowcov,EPIlowcov,func,1,ofMpF,4008,JogB,CBV,4008_ofMpF_cbv,Legacy,Legacy,16.80722113698721,401.656,0.7150708294982562
32,/home/chymera/data_scratch/irsabi/preprocessing/legacy_collapsed/sub-4004/ses-ofM/func/sub-4004_ses-ofM_task-JogB_acq-EPIlowcov_run-0_bold.nii.gz,EPIlowcov,EPIlowcov,func,0,ofM,4004,JogB,BOLD,4004_ofM_bold,Legacy,Legacy,8.282602289458737,444.904,0.7852752939681374
33,/home/chymera/data_scratch/irsabi/preprocessing/legacy_collapsed/sub-4004/ses-ofM/func/sub-4004_ses-ofM_task-JogB_acq-EPIlowcov_run-1_cbv.nii.gz,EPIlowcov,EPIlowcov,func,1,ofM,4004,JogB,CBV,4004_ofM_cbv,Legacy,Legacy,16.334813465364277,442.96,0.7818440477409198
34,/home/chymera/data_scratch/irsabi/preprocessing/legacy_collapsed/sub-4002/ses-ofM/func/sub-4002_ses-ofM_task-JogB_acq-EPIlowcov_run-1_cbv.nii.gz,EPIlowcov,EPIlowcov,func,1,ofM,4002,JogB,CBV,4002_ofM_cbv,Legacy,Legacy,13.65185357011855,439.152,0.7750625659634099
35,/home/chymera/data_scratch/irsabi/preprocessing/legacy_collapsed/sub-4002/ses-ofM/func/sub-4002_ses-ofM_task-JogB_acq-EPIlowcov_run-0_bold.nii.gz,EPIlowcov,EPIlowcov,func,0,ofM,4002,JogB,BOLD,4002_ofM_bold,Legacy,Legacy,6.698819908546284,521.072,0.9199278989172479
36,/home/chymera/data_scratch/irsabi/preprocessing/legacy_collapsed/sub-4001/ses-ofMcF1/func/sub-4001_ses-ofMcF1_task-JogB_acq-EPIlowcov_run-1_cbv.nii.gz,EPIlowcov,EPIlowcov,func,1,ofMcF1,4001,JogB,CBV,4001_ofMcF1_cbv,Legacy,Legacy,11.806942053502429,398.928,0.7147787011255764
37,/home/chymera/data_scratch/irsabi/preprocessing/legacy_collapsed/sub-4001/ses-ofMcF1/func/sub-4001_ses-ofMcF1_task-JogB_acq-EPIlowcov_run-0_bold.nii.gz,EPIlowcov,EPIlowcov,func,0,ofMcF1,4001,JogB,BOLD,4001_ofMcF1_bold,Legacy,Legacy,6.805492992703804,563.912,1.0103885586098897
38,/home/chymera/data_scratch/irsabi/preprocessing/legacy_collapsed/sub-4001/ses-ofMcF2/func/sub-4001_ses-ofMcF2_task-JogB_acq-EPIlowcov_run-0_bold.nii.gz,EPIlowcov,EPIlowcov,func,0,ofMcF2,4001,JogB,BOLD,4001_ofMcF2_bold,Legacy,Legacy,6.373974516987801,523.768,0.9359769118737659
39,/home/chymera/data_scratch/irsabi/preprocessing/legacy_collapsed/sub-4001/ses-ofMcF2/func/sub-4001_ses-ofMcF2_task-JogB_acq-EPIlowcov_run-1_cbv.nii.gz,EPIlowcov,EPIlowcov,func,1,ofMcF2,4001,JogB,CBV,4001_ofMcF2_cbv,Legacy,Legacy,13.768319586436265,429.976,0.7682917241428602
40,/home/chymera/data_scratch/irsabi/preprocessing/legacy_collapsed/sub-4001/ses-ofMaF/func/sub-4001_ses-ofMaF_task-JogB_acq-EPIlowcov_run-0_bold.nii.gz,EPIlowcov,EPIlowcov,func,0,ofMaF,4001,JogB,BOLD,4001_ofMaF_bold,Legacy,Legacy,8.875134223140776,519.152,0.9241444376207134
41,/home/chymera/data_scratch/irsabi/preprocessing/legacy_collapsed/sub-4001/ses-ofMaF/func/sub-4001_ses-ofMaF_task-JogB_acq-EPIlowcov_run-1_cbv.nii.gz,EPIlowcov,EPIlowcov,func,1,ofMaF,4001,JogB,CBV,4001_ofMaF_cbv,Legacy,Legacy,16.741276453314352,390.568,0.6951810359864868
42,/home/chymera/data_scratch/irsabi/preprocessing/legacy_collapsed/sub-4001/ses-ofM/func/sub-4001_ses-ofM_task-JogB_acq-EPIlowcov_run-1_cbv.nii.gz,EPIlowcov,EPIlowcov,func,1,ofM,4001,JogB,CBV,4001_ofM_cbv,Legacy,Legacy,18.2600571885705,403.408,0.7121235123198102
43,/home/chymera/data_scratch/irsabi/preprocessing/legacy_collapsed/sub-4001/ses-ofM/func/sub-4001_ses-ofM_task-JogB_acq-EPIlowcov_run-0_bold.nii.gz,EPIlowcov,EPIlowcov,func,0,ofM,4001,JogB,BOLD,4001_ofM_bold,Legacy,Legacy,8.10789917036891,480.776,0.8486119348188315
44,/home/chymera/data_scratch/irsabi/preprocessing/legacy_collapsed/sub-4005/ses-ofMaF/func/sub-4005_ses-ofMaF_task-JogB_acq-EPIlowcov_run-1_cbv.nii.gz,EPIlowcov,EPIlowcov,func,1,ofMaF,4005,JogB,CBV,4005_ofMaF_cbv,Legacy,Legacy,15.426039486490193,370.976,0.6643862357487992
45,/home/chymera/data_scratch/irsabi/preprocessing/legacy_collapsed/sub-4005/ses-ofMaF/func/sub-4005_ses-ofMaF_task-JogB_acq-EPIlowcov_run-0_bold.nii.gz,EPIlowcov,EPIlowcov,func,0,ofMaF,4005,JogB,BOLD,4005_ofMaF_bold,Legacy,Legacy,7.062445865161718,488.2,0.8743243775677234
46,/home/chymera/data_scratch/irsabi/preprocessing/legacy_collapsed/sub-4005/ses-ofM/func/sub-4005_ses-ofM_task-JogB_acq-EPIlowcov_run-0_bold.nii.gz,EPIlowcov,EPIlowcov,func,0,ofM,4005,JogB,BOLD,4005_ofM_bold,Legacy,Legacy,9.028439881280065,419.568,0.7501703030768982
47,/home/chymera/data_scratch/irsabi/preprocessing/legacy_collapsed/sub-4005/ses-ofM/func/sub-4005_ses-ofM_task-JogB_acq-EPIlowcov_run-1_cbv.nii.gz,EPIlowcov,EPIlowcov,func,1,ofM,4005,JogB,CBV,4005_ofM_cbv,Legacy,Legacy,15.687664725370709,372.504,0.6658860837559506
48,/home/chymera/data_scratch/irsabi/preprocessing/legacy_collapsed/sub-4007/ses-ofMcF1/func/sub-4007_ses-ofMcF1_task-JogB_acq-EPIlowcov_run-1_cbv.nii.gz,EPIlowcov,EPIlowcov,func,1,ofMcF1,4007,JogB,CBV,4007_ofMcF1_cbv,Legacy,Legacy,15.2850985750556,387.184,0.6943123925179011
49,/home/chymera/data_scratch/irsabi/preprocessing/legacy_collapsed/sub-4007/ses-ofMcF1/func/sub-4007_ses-ofMcF1_task-JogB_acq-EPIlowcov_run-0_bold.nii.gz,EPIlowcov,EPIlowcov,func,0,ofMcF1,4007,JogB,BOLD,4007_ofMcF1_bold,Legacy,Legacy,8.306339861154557,590.808,1.0592417953797746
50,/home/chymera/data_scratch/irsabi/preprocessing/legacy_collapsed/sub-4007/ses-ofMcF2/func/sub-4007_ses-ofMcF2_task-JogB_acq-EPIlowcov_run-0_bold.nii.gz,EPIlowcov,EPIlowcov,func,0,ofMcF2,4007,JogB,BOLD,4007_ofMcF2_bold,Legacy,Legacy,7.686653916381767,535.768,0.9607655021904538
51,/home/chymera/data_scratch/irsabi/preprocessing/legacy_collapsed/sub-4007/ses-ofMcF2/func/sub-4007_ses-ofMcF2_task-JogB_acq-EPIlowcov_run-1_cbv.nii.gz,EPIlowcov,EPIlowcov,func,1,ofMcF2,4007,JogB,CBV,4007_ofMcF2_cbv,Legacy,Legacy,14.049526875838637,490.856,0.8803170788572248
52,/home/chymera/data_scratch/irsabi/preprocessing/legacy_collapsed/sub-4007/ses-ofMaF/func/sub-4007_ses-ofMaF_task-JogB_acq-EPIlowcov_run-0_bold.nii.gz,EPIlowcov,EPIlowcov,func,0,ofMaF,4007,JogB,BOLD,4007_ofMaF_bold,Legacy,Legacy,9.000608548275197,528.216,0.9322292346139185
53,/home/chymera/data_scratch/irsabi/preprocessing/legacy_collapsed/sub-4007/ses-ofMaF/func/sub-4007_ses-ofMaF_task-JogB_acq-EPIlowcov_run-1_cbv.nii.gz,EPIlowcov,EPIlowcov,func,1,ofMaF,4007,JogB,CBV,4007_ofMaF_cbv,Legacy,Legacy,16.98559802832548,472.368,0.833665127705536
54,/home/chymera/data_scratch/irsabi/preprocessing/legacy_collapsed/sub-4007/ses-ofM/func/sub-4007_ses-ofM_task-JogB_acq-EPIlowcov_run-1_cbv.nii.gz,EPIlowcov,EPIlowcov,func,1,ofM,4007,JogB,CBV,4007_ofM_cbv,Legacy,Legacy,18.396059730779385,380.096,0.6708247295317767
55,/home/chymera/data_scratch/irsabi/preprocessing/legacy_collapsed/sub-4007/ses-ofM/func/sub-4007_ses-ofM_task-JogB_acq-EPIlowcov_run-0_bold.nii.gz,EPIlowcov,EPIlowcov,func,0,ofM,4007,JogB,BOLD,4007_ofM_bold,Legacy,Legacy,10.658326071221381,505.976,0.8930795408011973
56,/home/chymera/data_scratch/irsabi/preprocessing/legacy_collapsed/sub-4007/ses-ofMpF/func/sub-4007_ses-ofMpF_task-JogB_acq-EPIlowcov_run-1_cbv.nii.gz,EPIlowcov,EPIlowcov,func,1,ofMpF,4007,JogB,CBV,4007_ofMpF_cbv,Legacy,Legacy,13.134875692743812,392.744,0.7011720598080786
57,/home/chymera/data_scratch/irsabi/preprocessing/legacy_collapsed/sub-4007/ses-ofMpF/func/sub-4007_ses-ofMpF_task-JogB_acq-EPIlowcov_run-0_bold.nii.gz,EPIlowcov,EPIlowcov,func,0,ofMpF,4007,JogB,BOLD,4007_ofMpF_bold,Legacy,Legacy,7.860122910668144,561.184,1.0018906494086142
58,/home/chymera/data_scratch/irsabi/preprocessing/legacy_collapsed/sub-4009/ses-ofMcF1/func/sub-4009_ses-ofMcF1_task-JogB_acq-EPIlowcov_run-0_bold.nii.gz,EPIlowcov,EPIlowcov,func,0,ofMcF1,4009,JogB,BOLD,4009_ofMcF1_bold,Legacy,Legacy,6.594329581845087,529.984,0.9511626070538913
59,/home/chymera/data_scratch/irsabi/preprocessing/legacy_collapsed/sub-4009/ses-ofMcF1/func/sub-4009_ses-ofMcF1_task-JogB_acq-EPIlowcov_run-1_cbv.nii.gz,EPIlowcov,EPIlowcov,func,1,ofMcF1,4009,JogB,CBV,4009_ofMcF1_cbv,Legacy,Legacy,13.079402402276175,483.736,0.8681612933330461
60,/home/chymera/data_scratch/irsabi/preprocessing/legacy_collapsed/sub-4009/ses-ofMcF2/func/sub-4009_ses-ofMcF2_task-JogB_acq-EPIlowcov_run-0_bold.nii.gz,EPIlowcov,EPIlowcov,func,0,ofMcF2,4009,JogB,BOLD,4009_ofMcF2_bold,Legacy,Legacy,7.191804826958105,544.248,0.9606422073406219
61,/home/chymera/data_scratch/irsabi/preprocessing/legacy_collapsed/sub-4009/ses-ofMcF2/func/sub-4009_ses-ofMcF2_task-JogB_acq-EPIlowcov_run-1_cbv.nii.gz,EPIlowcov,EPIlowcov,func,1,ofMcF2,4009,JogB,CBV,4009_ofMcF2_cbv,Legacy,Legacy,13.502189164049923,476.976,0.8419016284644141
62,/home/chymera/data_scratch/irsabi/preprocessing/legacy_collapsed/sub-4009/ses-ofMaF/func/sub-4009_ses-ofMaF_task-JogB_acq-EPIlowcov_run-0_bold.nii.gz,EPIlowcov,EPIlowcov,func,0,ofMaF,4009,JogB,BOLD,4009_ofMaF_bold,Legacy,Legacy,7.893669863464311,499.24,0.8951076033226772
63,/home/chymera/data_scratch/irsabi/preprocessing/legacy_collapsed/sub-4009/ses-ofMaF/func/sub-4009_ses-ofMaF_task-JogB_acq-EPIlowcov_run-1_cbv.nii.gz,EPIlowcov,EPIlowcov,func,1,ofMaF,4009,JogB,CBV,4009_ofMaF_cbv,Legacy,Legacy,14.100244160215372,476.256,0.8538114019361779
64,/home/chymera/data_scratch/irsabi/preprocessing/legacy_collapsed/sub-4009/ses-ofM/func/sub-4009_ses-ofM_task-JogB_acq-EPIlowcov_run-0_bold.nii.gz,EPIlowcov,EPIlowcov,func,0,ofM,4009,JogB,BOLD,4009_ofM_bold,Legacy,Legacy,7.281733891551849,516.032,0.9236629197393859
65,/home/chymera/data_scratch/irsabi/preprocessing/legacy_collapsed/sub-4009/ses-ofM/func/sub-4009_ses-ofM_task-JogB_acq-EPIlowcov_run-1_cbv.nii.gz,EPIlowcov,EPIlowcov,func,1,ofM,4009,JogB,CBV,4009_ofM_cbv,Legacy,Legacy,14.356415686742404,463.704,0.8299992840266343
66,/home/chymera/data_scratch/irsabi/preprocessing/legacy_collapsed/sub-4009/ses-ofMpF/func/sub-4009_ses-ofMpF_task-JogB_acq-EPIlowcov_run-1_cbv.nii.gz,EPIlowcov,EPIlowcov,func,1,ofMpF,4009,JogB,CBV,4009_ofMpF_cbv,Legacy,Legacy,14.175524762985297,399.88,0.7148922780978875
67,/home/chymera/data_scratch/irsabi/preprocessing/legacy_collapsed/sub-4009/ses-ofMpF/func/sub-4009_ses-ofMpF_task-JogB_acq-EPIlowcov_run-0_bold.nii.gz,EPIlowcov,EPIlowcov,func,0,ofMpF,4009,JogB,BOLD,4009_ofMpF_bold,Legacy,Legacy,7.3888524481887,530.16,0.9478025661607882
0,/home/chymera/data_scratch/irsabi/preprocessing/legacy_dsurqec_collapsed/sub-4011/ses-ofMcF1/func/sub-4011_ses-ofMcF1_task-JogB_acq-EPIlowcov_run-1_cbv.nii.gz,EPIlowcov,EPIlowcov,func,1,ofMcF1,4011,JogB,CBV,4011_ofMcF1_cbv,Legacy,Generic,15.787374570034446,627.72,1.1262076698811394
1,/home/chymera/data_scratch/irsabi/preprocessing/legacy_dsurqec_collapsed/sub-4011/ses-ofMcF1/func/sub-4011_ses-ofMcF1_task-JogB_acq-EPIlowcov_run-0_bold.nii.gz,EPIlowcov,EPIlowcov,func,0,ofMcF1,4011,JogB,BOLD,4011_ofMcF1_bold,Legacy,Generic,8.522747204336339,698.304,1.2528441354563804
2,/home/chymera/data_scratch/irsabi/preprocessing/legacy_dsurqec_collapsed/sub-4011/ses-ofMcF2/func/sub-4011_ses-ofMcF2_task-JogB_acq-EPIlowcov_run-1_cbv.nii.gz,EPIlowcov,EPIlowcov,func,1,ofMcF2,4011,JogB,CBV,4011_ofMcF2_cbv,Legacy,Generic,11.634222518792377,633.384,1.1365265979781014
3,/home/chymera/data_scratch/irsabi/preprocessing/legacy_dsurqec_collapsed/sub-4011/ses-ofMcF2/func/sub-4011_ses-ofMcF2_task-JogB_acq-EPIlowcov_run-0_bold.nii.gz,EPIlowcov,EPIlowcov,func,0,ofMcF2,4011,JogB,BOLD,4011_ofMcF2_bold,Legacy,Generic,6.085530829965139,692.896,1.2433132722529059
4,/home/chymera/data_scratch/irsabi/preprocessing/legacy_dsurqec_collapsed/sub-4011/ses-ofMaF/func/sub-4011_ses-ofMaF_task-JogB_acq-EPIlowcov_run-0_bold.nii.gz,EPIlowcov,EPIlowcov,func,0,ofMaF,4011,JogB,BOLD,4011_ofMaF_bold,Legacy,Generic,9.722257490623747,631.456,1.11443376113629
5,/home/chymera/data_scratch/irsabi/preprocessing/legacy_dsurqec_collapsed/sub-4011/ses-ofMaF/func/sub-4011_ses-ofMaF_task-JogB_acq-EPIlowcov_run-1_cbv.nii.gz,EPIlowcov,EPIlowcov,func,1,ofMaF,4011,JogB,CBV,4011_ofMaF_cbv,Legacy,Generic,15.387464227769527,607.176,1.0715828709390487
6,/home/chymera/data_scratch/irsabi/preprocessing/legacy_dsurqec_collapsed/sub-4011/ses-ofM/func/sub-4011_ses-ofM_task-JogB_acq-EPIlowcov_run-1_cbv.nii.gz,EPIlowcov,EPIlowcov,func,1,ofM,4011,JogB,CBV,4011_ofM_cbv,Legacy,Generic,16.823312208503488,578.872,1.038696873889748
7,/home/chymera/data_scratch/irsabi/preprocessing/legacy_dsurqec_collapsed/sub-4011/ses-ofM/func/sub-4011_ses-ofM_task-JogB_acq-EPIlowcov_run-0_bold.nii.gz,EPIlowcov,EPIlowcov,func,0,ofM,4011,JogB,BOLD,4011_ofM_bold,Legacy,Generic,8.016892031738536,715.04,1.2830294308692172
8,/home/chymera/data_scratch/irsabi/preprocessing/legacy_dsurqec_collapsed/sub-4013/ses-ofM/func/sub-4013_ses-ofM_task-JogB_acq-EPIlowcov_run-1_cbv.nii.gz,EPIlowcov,EPIlowcov,func,1,ofM,4013,JogB,CBV,4013_ofM_cbv,Legacy,Generic,19.75711251282599,593.912,1.0481737190619398
9,/home/chymera/data_scratch/irsabi/preprocessing/legacy_dsurqec_collapsed/sub-4013/ses-ofM/func/sub-4013_ses-ofM_task-JogB_acq-EPIlowcov_run-0_bold.nii.gz,EPIlowcov,EPIlowcov,func,0,ofM,4013,JogB,BOLD,4013_ofM_bold,Legacy,Generic,10.122064032796773,733.688,1.2948593050672765
10,/home/chymera/data_scratch/irsabi/preprocessing/legacy_dsurqec_collapsed/sub-4012/ses-ofMcF1/func/sub-4012_ses-ofMcF1_task-JogB_acq-EPIlowcov_run-0_bold.nii.gz,EPIlowcov,EPIlowcov,func,0,ofMcF1,4012,JogB,BOLD,4012_ofMcF1_bold,Legacy,Generic,5.832127338580323,739.92,1.3276846802715228
11,/home/chymera/data_scratch/irsabi/preprocessing/legacy_dsurqec_collapsed/sub-4012/ses-ofMcF1/func/sub-4012_ses-ofMcF1_task-JogB_acq-EPIlowcov_run-1_cbv.nii.gz,EPIlowcov,EPIlowcov,func,1,ofMcF1,4012,JogB,CBV,4012_ofMcF1_cbv,Legacy,Generic,11.321552565763705,624.28,1.1201846040111176
12,/home/chymera/data_scratch/irsabi/preprocessing/legacy_dsurqec_collapsed/sub-4012/ses-ofMcF2/func/sub-4012_ses-ofMcF2_task-JogB_acq-EPIlowcov_run-0_bold.nii.gz,EPIlowcov,EPIlowcov,func,0,ofMcF2,4012,JogB,BOLD,4012_ofMcF2_bold,Legacy,Generic,5.7781872241129175,734.944,1.3175124187248017
13,/home/chymera/data_scratch/irsabi/preprocessing/legacy_dsurqec_collapsed/sub-4012/ses-ofMcF2/func/sub-4012_ses-ofMcF2_task-JogB_acq-EPIlowcov_run-1_cbv.nii.gz,EPIlowcov,EPIlowcov,func,1,ofMcF2,4012,JogB,CBV,4012_ofMcF2_cbv,Legacy,Generic,12.320964620290328,627.48,1.124864877462009
14,/home/chymera/data_scratch/irsabi/preprocessing/legacy_dsurqec_collapsed/sub-4012/ses-ofMaF/func/sub-4012_ses-ofMaF_task-JogB_acq-EPIlowcov_run-1_cbv.nii.gz,EPIlowcov,EPIlowcov,func,1,ofMaF,4012,JogB,CBV,4012_ofMaF_cbv,Legacy,Generic,15.088497343249625,614.952,1.100839388422562
15,/home/chymera/data_scratch/irsabi/preprocessing/legacy_dsurqec_collapsed/sub-4012/ses-ofMaF/func/sub-4012_ses-ofMaF_task-JogB_acq-EPIlowcov_run-0_bold.nii.gz,EPIlowcov,EPIlowcov,func,0,ofMaF,4012,JogB,BOLD,4012_ofMaF_bold,Legacy,Generic,7.402939622197302,717.888,1.2851074341995736
16,/home/chymera/data_scratch/irsabi/preprocessing/legacy_dsurqec_collapsed/sub-4012/ses-ofM/func/sub-4012_ses-ofM_task-JogB_acq-EPIlowcov_run-0_bold.nii.gz,EPIlowcov,EPIlowcov,func,0,ofM,4012,JogB,BOLD,4012_ofM_bold,Legacy,Generic,10.018076512496918,649.744,1.1468269797620014
17,/home/chymera/data_scratch/irsabi/preprocessing/legacy_dsurqec_collapsed/sub-4012/ses-ofM/func/sub-4012_ses-ofM_task-JogB_acq-EPIlowcov_run-1_cbv.nii.gz,EPIlowcov,EPIlowcov,func,1,ofM,4012,JogB,CBV,4012_ofM_cbv,Legacy,Generic,16.443046606937425,610.392,1.0772586725401332
18,/home/chymera/data_scratch/irsabi/preprocessing/legacy_dsurqec_collapsed/sub-4012/ses-ofMpF/func/sub-4012_ses-ofMpF_task-JogB_acq-EPIlowcov_run-1_cbv.nii.gz,EPIlowcov,EPIlowcov,func,1,ofMpF,4012,JogB,CBV,4012_ofMpF_cbv,Legacy,Generic,11.196024809565863,700.968,1.2565956355957268
19,/home/chymera/data_scratch/irsabi/preprocessing/legacy_dsurqec_collapsed/sub-4012/ses-ofMpF/func/sub-4012_ses-ofMpF_task-JogB_acq-EPIlowcov_run-0_bold.nii.gz,EPIlowcov,EPIlowcov,func,0,ofMpF,4012,JogB,BOLD,4012_ofMpF_bold,Legacy,Generic,6.066190205747262,791.744,1.4196185872379492
20,/home/chymera/data_scratch/irsabi/preprocessing/legacy_dsurqec_collapsed/sub-4006/ses-ofM/func/sub-4006_ses-ofM_task-JogB_acq-EPIlowcov_run-1_cbv.nii.gz,EPIlowcov,EPIlowcov,func,1,ofM,4006,JogB,CBV,4006_ofM_cbv,Legacy,Generic,14.505311960652472,611.664,1.0795283470083992
21,/home/chymera/data_scratch/irsabi/preprocessing/legacy_dsurqec_collapsed/sub-4006/ses-ofM/func/sub-4006_ses-ofM_task-JogB_acq-EPIlowcov_run-0_bold.nii.gz,EPIlowcov,EPIlowcov,func,0,ofM,4006,JogB,BOLD,4006_ofM_bold,Legacy,Generic,8.817855184348304,702.696,1.240191103824018
22,/home/chymera/data_scratch/irsabi/preprocessing/legacy_dsurqec_collapsed/sub-4008/ses-ofMcF1/func/sub-4008_ses-ofMcF1_task-JogB_acq-EPIlowcov_run-0_bold.nii.gz,EPIlowcov,EPIlowcov,func,0,ofMcF1,4008,JogB,BOLD,4008_ofMcF1_bold,Legacy,Generic,8.581853088573553,786.616,1.408620597030962
23,/home/chymera/data_scratch/irsabi/preprocessing/legacy_dsurqec_collapsed/sub-4008/ses-ofMcF1/func/sub-4008_ses-ofMcF1_task-JogB_acq-EPIlowcov_run-1_cbv.nii.gz,EPIlowcov,EPIlowcov,func,1,ofMcF1,4008,JogB,CBV,4008_ofMcF1_cbv,Legacy,Generic,16.444044701247478,617.664,1.1060723814981288
24,/home/chymera/data_scratch/irsabi/preprocessing/legacy_dsurqec_collapsed/sub-4008/ses-ofMcF2/func/sub-4008_ses-ofMcF2_task-JogB_acq-EPIlowcov_run-1_cbv.nii.gz,EPIlowcov,EPIlowcov,func,1,ofMcF2,4008,JogB,CBV,4008_ofMcF2_cbv,Legacy,Generic,13.742691470179714,675.504,1.2117706995400501
25,/home/chymera/data_scratch/irsabi/preprocessing/legacy_dsurqec_collapsed/sub-4008/ses-ofMcF2/func/sub-4008_ses-ofMcF2_task-JogB_acq-EPIlowcov_run-0_bold.nii.gz,EPIlowcov,EPIlowcov,func,0,ofMcF2,4008,JogB,BOLD,4008_ofMcF2_bold,Legacy,Generic,6.380042915507222,790.968,1.418898846896235
26,/home/chymera/data_scratch/irsabi/preprocessing/legacy_dsurqec_collapsed/sub-4008/ses-ofMaF/func/sub-4008_ses-ofMaF_task-JogB_acq-EPIlowcov_run-0_bold.nii.gz,EPIlowcov,EPIlowcov,func,0,ofMaF,4008,JogB,BOLD,4008_ofMaF_bold,Legacy,Generic,8.373740390082823,619.344,1.1055094835372363
27,/home/chymera/data_scratch/irsabi/preprocessing/legacy_dsurqec_collapsed/sub-4008/ses-ofMaF/func/sub-4008_ses-ofMaF_task-JogB_acq-EPIlowcov_run-1_cbv.nii.gz,EPIlowcov,EPIlowcov,func,1,ofMaF,4008,JogB,CBV,4008_ofMaF_cbv,Legacy,Generic,16.391013907641188,604.52,1.0790491116212153
28,/home/chymera/data_scratch/irsabi/preprocessing/legacy_dsurqec_collapsed/sub-4008/ses-ofM/func/sub-4008_ses-ofM_task-JogB_acq-EPIlowcov_run-1_cbv.nii.gz,EPIlowcov,EPIlowcov,func,1,ofM,4008,JogB,CBV,4008_ofM_cbv,Legacy,Generic,11.338922575144098,611.408,1.0790765315397202
29,/home/chymera/data_scratch/irsabi/preprocessing/legacy_dsurqec_collapsed/sub-4008/ses-ofM/func/sub-4008_ses-ofM_task-JogB_acq-EPIlowcov_run-0_bold.nii.gz,EPIlowcov,EPIlowcov,func,0,ofM,4008,JogB,BOLD,4008_ofM_bold,Legacy,Generic,6.250913191267755,764.48,1.3492339433430462
30,/home/chymera/data_scratch/irsabi/preprocessing/legacy_dsurqec_collapsed/sub-4008/ses-ofMpF/func/sub-4008_ses-ofMpF_task-JogB_acq-EPIlowcov_run-0_bold.nii.gz,EPIlowcov,EPIlowcov,func,0,ofMpF,4008,JogB,BOLD,4008_ofMpF_bold,Legacy,Generic,7.9592456470150506,731.216,1.3016542681114143
31,/home/chymera/data_scratch/irsabi/preprocessing/legacy_dsurqec_collapsed/sub-4008/ses-ofMpF/func/sub-4008_ses-ofMpF_task-JogB_acq-EPIlowcov_run-1_cbv.nii.gz,EPIlowcov,EPIlowcov,func,1,ofMpF,4008,JogB,CBV,4008_ofMpF_cbv,Legacy,Generic,16.80722113698721,621.952,1.1072652532219098
32,/home/chymera/data_scratch/irsabi/preprocessing/legacy_dsurqec_collapsed/sub-4004/ses-ofM/func/sub-4004_ses-ofM_task-JogB_acq-EPIlowcov_run-0_bold.nii.gz,EPIlowcov,EPIlowcov,func,0,ofM,4004,JogB,BOLD,4004_ofM_bold,Legacy,Generic,8.282602289458737,689.592,1.2171604672425418
33,/home/chymera/data_scratch/irsabi/preprocessing/legacy_dsurqec_collapsed/sub-4004/ses-ofM/func/sub-4004_ses-ofM_task-JogB_acq-EPIlowcov_run-1_cbv.nii.gz,EPIlowcov,EPIlowcov,func,1,ofM,4004,JogB,CBV,4004_ofM_cbv,Legacy,Generic,16.334813465364277,603.464,1.0651407269864692
34,/home/chymera/data_scratch/irsabi/preprocessing/legacy_dsurqec_collapsed/sub-4002/ses-ofM/func/sub-4002_ses-ofM_task-JogB_acq-EPIlowcov_run-1_cbv.nii.gz,EPIlowcov,EPIlowcov,func,1,ofM,4002,JogB,CBV,4002_ofM_cbv,Legacy,Generic,13.65185357011855,576.592,1.0176314238213067
35,/home/chymera/data_scratch/irsabi/preprocessing/legacy_dsurqec_collapsed/sub-4002/ses-ofM/func/sub-4002_ses-ofM_task-JogB_acq-EPIlowcov_run-0_bold.nii.gz,EPIlowcov,EPIlowcov,func,0,ofM,4002,JogB,BOLD,4002_ofM_bold,Legacy,Generic,6.698819908546284,637.4,1.1252994648913275
36,/home/chymera/data_scratch/irsabi/preprocessing/legacy_dsurqec_collapsed/sub-4001/ses-ofMcF1/func/sub-4001_ses-ofMcF1_task-JogB_acq-EPIlowcov_run-1_cbv.nii.gz,EPIlowcov,EPIlowcov,func,1,ofMcF1,4001,JogB,CBV,4001_ofMcF1_cbv,Legacy,Generic,11.806942053502429,580.488,1.0400885840527205
37,/home/chymera/data_scratch/irsabi/preprocessing/legacy_dsurqec_collapsed/sub-4001/ses-ofMcF1/func/sub-4001_ses-ofMcF1_task-JogB_acq-EPIlowcov_run-0_bold.nii.gz,EPIlowcov,EPIlowcov,func,0,ofMcF1,4001,JogB,BOLD,4001_ofMcF1_bold,Legacy,Generic,6.805492992703804,689.264,1.23498783402674
38,/home/chymera/data_scratch/irsabi/preprocessing/legacy_dsurqec_collapsed/sub-4001/ses-ofMcF2/func/sub-4001_ses-ofMcF2_task-JogB_acq-EPIlowcov_run-0_bold.nii.gz,EPIlowcov,EPIlowcov,func,0,ofMcF2,4001,JogB,BOLD,4001_ofMcF2_bold,Legacy,Generic,6.373974516987801,707.672,1.2646145873354837
39,/home/chymera/data_scratch/irsabi/preprocessing/legacy_dsurqec_collapsed/sub-4001/ses-ofMcF2/func/sub-4001_ses-ofMcF2_task-JogB_acq-EPIlowcov_run-1_cbv.nii.gz,EPIlowcov,EPIlowcov,func,1,ofMcF2,4001,JogB,CBV,4001_ofMcF2_cbv,Legacy,Generic,13.768319586436265,602.96,1.0773838027917348
40,/home/chymera/data_scratch/irsabi/preprocessing/legacy_dsurqec_collapsed/sub-4001/ses-ofMaF/func/sub-4001_ses-ofMaF_task-JogB_acq-EPIlowcov_run-0_bold.nii.gz,EPIlowcov,EPIlowcov,func,0,ofMaF,4001,JogB,BOLD,4001_ofMaF_bold,Legacy,Generic,8.875134223140776,684.688,1.2188156969551325
41,/home/chymera/data_scratch/irsabi/preprocessing/legacy_dsurqec_collapsed/sub-4001/ses-ofMaF/func/sub-4001_ses-ofMaF_task-JogB_acq-EPIlowcov_run-1_cbv.nii.gz,EPIlowcov,EPIlowcov,func,1,ofMaF,4001,JogB,CBV,4001_ofMaF_cbv,Legacy,Generic,16.741276453314352,588.2,1.0469508136028849
42,/home/chymera/data_scratch/irsabi/preprocessing/legacy_dsurqec_collapsed/sub-4001/ses-ofM/func/sub-4001_ses-ofM_task-JogB_acq-EPIlowcov_run-1_cbv.nii.gz,EPIlowcov,EPIlowcov,func,1,ofM,4001,JogB,CBV,4001_ofM_cbv,Legacy,Generic,18.2600571885705,587.472,1.0370459287608167
43,/home/chymera/data_scratch/irsabi/preprocessing/legacy_dsurqec_collapsed/sub-4001/ses-ofM/func/sub-4001_ses-ofM_task-JogB_acq-EPIlowcov_run-0_bold.nii.gz,EPIlowcov,EPIlowcov,func,0,ofM,4001,JogB,BOLD,4001_ofM_bold,Legacy,Generic,8.10789917036891,680.992,1.2020107882176847
44,/home/chymera/data_scratch/irsabi/preprocessing/legacy_dsurqec_collapsed/sub-4005/ses-ofMaF/func/sub-4005_ses-ofMaF_task-JogB_acq-EPIlowcov_run-1_cbv.nii.gz,EPIlowcov,EPIlowcov,func,1,ofMaF,4005,JogB,CBV,4005_ofMaF_cbv,Legacy,Generic,15.426039486490193,561.328,1.0052903609408748
45,/home/chymera/data_scratch/irsabi/preprocessing/legacy_dsurqec_collapsed/sub-4005/ses-ofMaF/func/sub-4005_ses-ofMaF_task-JogB_acq-EPIlowcov_run-0_bold.nii.gz,EPIlowcov,EPIlowcov,func,0,ofMaF,4005,JogB,BOLD,4005_ofMaF_bold,Legacy,Generic,7.062445865161718,617.648,1.1061546561981754
46,/home/chymera/data_scratch/irsabi/preprocessing/legacy_dsurqec_collapsed/sub-4005/ses-ofM/func/sub-4005_ses-ofM_task-JogB_acq-EPIlowcov_run-0_bold.nii.gz,EPIlowcov,EPIlowcov,func,0,ofM,4005,JogB,BOLD,4005_ofM_bold,Legacy,Generic,9.028439881280065,607.84,1.0867928846391095
47,/home/chymera/data_scratch/irsabi/preprocessing/legacy_dsurqec_collapsed/sub-4005/ses-ofM/func/sub-4005_ses-ofM_task-JogB_acq-EPIlowcov_run-1_cbv.nii.gz,EPIlowcov,EPIlowcov,func,1,ofM,4005,JogB,CBV,4005_ofM_cbv,Legacy,Generic,15.687664725370709,544.512,0.9733666302593263
48,/home/chymera/data_scratch/irsabi/preprocessing/legacy_dsurqec_collapsed/sub-4007/ses-ofMcF1/func/sub-4007_ses-ofMcF1_task-JogB_acq-EPIlowcov_run-1_cbv.nii.gz,EPIlowcov,EPIlowcov,func,1,ofMcF1,4007,JogB,CBV,4007_ofMcF1_cbv,Legacy,Generic,15.2850985750556,567.816,1.0182282466991004
49,/home/chymera/data_scratch/irsabi/preprocessing/legacy_dsurqec_collapsed/sub-4007/ses-ofMcF1/func/sub-4007_ses-ofMcF1_task-JogB_acq-EPIlowcov_run-0_bold.nii.gz,EPIlowcov,EPIlowcov,func,0,ofMcF1,4007,JogB,BOLD,4007_ofMcF1_bold,Legacy,Generic,8.306339861154557,820.24,1.4705834894624081
50,/home/chymera/data_scratch/irsabi/preprocessing/legacy_dsurqec_collapsed/sub-4007/ses-ofMcF2/func/sub-4007_ses-ofMcF2_task-JogB_acq-EPIlowcov_run-0_bold.nii.gz,EPIlowcov,EPIlowcov,func,0,ofMcF2,4007,JogB,BOLD,4007_ofMcF2_bold,Legacy,Generic,7.686653916381767,798.88,1.432590868416758
51,/home/chymera/data_scratch/irsabi/preprocessing/legacy_dsurqec_collapsed/sub-4007/ses-ofMcF2/func/sub-4007_ses-ofMcF2_task-JogB_acq-EPIlowcov_run-1_cbv.nii.gz,EPIlowcov,EPIlowcov,func,1,ofMcF2,4007,JogB,CBV,4007_ofMcF2_cbv,Legacy,Generic,14.049526875838637,596.0,1.068885740418587
52,/home/chymera/data_scratch/irsabi/preprocessing/legacy_dsurqec_collapsed/sub-4007/ses-ofMaF/func/sub-4007_ses-ofMaF_task-JogB_acq-EPIlowcov_run-0_bold.nii.gz,EPIlowcov,EPIlowcov,func,0,ofMaF,4007,JogB,BOLD,4007_ofMaF_bold,Legacy,Generic,9.000608548275197,691.416,1.2202549875047652
53,/home/chymera/data_scratch/irsabi/preprocessing/legacy_dsurqec_collapsed/sub-4007/ses-ofMaF/func/sub-4007_ses-ofMaF_task-JogB_acq-EPIlowcov_run-1_cbv.nii.gz,EPIlowcov,EPIlowcov,func,1,ofMaF,4007,JogB,CBV,4007_ofMaF_cbv,Legacy,Generic,16.98559802832548,602.096,1.0626173634348484
54,/home/chymera/data_scratch/irsabi/preprocessing/legacy_dsurqec_collapsed/sub-4007/ses-ofM/func/sub-4007_ses-ofM_task-JogB_acq-EPIlowcov_run-1_cbv.nii.gz,EPIlowcov,EPIlowcov,func,1,ofM,4007,JogB,CBV,4007_ofM_cbv,Legacy,Generic,18.396059730779385,569.168,1.0045145691039692
55,/home/chymera/data_scratch/irsabi/preprocessing/legacy_dsurqec_collapsed/sub-4007/ses-ofM/func/sub-4007_ses-ofM_task-JogB_acq-EPIlowcov_run-0_bold.nii.gz,EPIlowcov,EPIlowcov,func,0,ofM,4007,JogB,BOLD,4007_ofM_bold,Legacy,Generic,10.658326071221381,710.168,1.253491294709047
56,/home/chymera/data_scratch/irsabi/preprocessing/legacy_dsurqec_collapsed/sub-4007/ses-ofMpF/func/sub-4007_ses-ofMpF_task-JogB_acq-EPIlowcov_run-1_cbv.nii.gz,EPIlowcov,EPIlowcov,func,1,ofMpF,4007,JogB,CBV,4007_ofMpF_cbv,Legacy,Generic,13.134875692743812,576.616,1.0294416424905155
57,/home/chymera/data_scratch/irsabi/preprocessing/legacy_dsurqec_collapsed/sub-4007/ses-ofMpF/func/sub-4007_ses-ofMpF_task-JogB_acq-EPIlowcov_run-0_bold.nii.gz,EPIlowcov,EPIlowcov,func,0,ofMpF,4007,JogB,BOLD,4007_ofMpF_bold,Legacy,Generic,7.860122910668144,690.392,1.2325677304173177
58,/home/chymera/data_scratch/irsabi/preprocessing/legacy_dsurqec_collapsed/sub-4009/ses-ofMcF1/func/sub-4009_ses-ofMcF1_task-JogB_acq-EPIlowcov_run-0_bold.nii.gz,EPIlowcov,EPIlowcov,func,0,ofMcF1,4009,JogB,BOLD,4009_ofMcF1_bold,Legacy,Generic,6.594329581845087,751.304,1.3483657456263145
59,/home/chymera/data_scratch/irsabi/preprocessing/legacy_dsurqec_collapsed/sub-4009/ses-ofMcF1/func/sub-4009_ses-ofMcF1_task-JogB_acq-EPIlowcov_run-1_cbv.nii.gz,EPIlowcov,EPIlowcov,func,1,ofMcF1,4009,JogB,CBV,4009_ofMcF1_cbv,Legacy,Generic,13.079402402276175,615.16,1.104028026044695
60,/home/chymera/data_scratch/irsabi/preprocessing/legacy_dsurqec_collapsed/sub-4009/ses-ofMcF2/func/sub-4009_ses-ofMcF2_task-JogB_acq-EPIlowcov_run-0_bold.nii.gz,EPIlowcov,EPIlowcov,func,0,ofMcF2,4009,JogB,BOLD,4009_ofMcF2_bold,Legacy,Generic,7.191804826958105,706.088,1.2463030362936105
61,/home/chymera/data_scratch/irsabi/preprocessing/legacy_dsurqec_collapsed/sub-4009/ses-ofMcF2/func/sub-4009_ses-ofMcF2_task-JogB_acq-EPIlowcov_run-1_cbv.nii.gz,EPIlowcov,EPIlowcov,func,1,ofMcF2,4009,JogB,CBV,4009_ofMcF2_cbv,Legacy,Generic,13.502189164049923,606.344,1.070246723125748
62,/home/chymera/data_scratch/irsabi/preprocessing/legacy_dsurqec_collapsed/sub-4009/ses-ofMaF/func/sub-4009_ses-ofMaF_task-JogB_acq-EPIlowcov_run-0_bold.nii.gz,EPIlowcov,EPIlowcov,func,0,ofMaF,4009,JogB,BOLD,4009_ofMaF_bold,Legacy,Generic,7.893669863464311,624.04,1.1188665747485849
63,/home/chymera/data_scratch/irsabi/preprocessing/legacy_dsurqec_collapsed/sub-4009/ses-ofMaF/func/sub-4009_ses-ofMaF_task-JogB_acq-EPIlowcov_run-1_cbv.nii.gz,EPIlowcov,EPIlowcov,func,1,ofMaF,4009,JogB,CBV,4009_ofMaF_cbv,Legacy,Generic,14.100244160215372,592.84,1.0628182144137686
64,/home/chymera/data_scratch/irsabi/preprocessing/legacy_dsurqec_collapsed/sub-4009/ses-ofM/func/sub-4009_ses-ofM_task-JogB_acq-EPIlowcov_run-0_bold.nii.gz,EPIlowcov,EPIlowcov,func,0,ofM,4009,JogB,BOLD,4009_ofM_bold,Legacy,Generic,7.281733891551849,659.04,1.17963771747691
65,/home/chymera/data_scratch/irsabi/preprocessing/legacy_dsurqec_collapsed/sub-4009/ses-ofM/func/sub-4009_ses-ofM_task-JogB_acq-EPIlowcov_run-1_cbv.nii.gz,EPIlowcov,EPIlowcov,func,1,ofM,4009,JogB,CBV,4009_ofM_cbv,Legacy,Generic,14.356415686742404,574.392,1.0281234338082625
66,/home/chymera/data_scratch/irsabi/preprocessing/legacy_dsurqec_collapsed/sub-4009/ses-ofMpF/func/sub-4009_ses-ofMpF_task-JogB_acq-EPIlowcov_run-1_cbv.nii.gz,EPIlowcov,EPIlowcov,func,1,ofMpF,4009,JogB,CBV,4009_ofMpF_cbv,Legacy,Generic,14.175524762985297,590.912,1.0564129884849927
67,/home/chymera/data_scratch/irsabi/preprocessing/legacy_dsurqec_collapsed/sub-4009/ses-ofMpF/func/sub-4009_ses-ofMpF_task-JogB_acq-EPIlowcov_run-0_bold.nii.gz,EPIlowcov,EPIlowcov,func,0,ofMpF,4009,JogB,BOLD,4009_ofMpF_bold,Legacy,Generic,7.3888524481887,735.536,1.3149670067595471
