,Path,Acq,Acquisition,Type,Run,Session,Subject,Task,Contrast,Uid,Processing,Threshold,Thresholded Volume,Volume Conservation Factor,1 - Vcf
1,/home/hendrik/.scratch/mlebe/bids_collapsed/sub-4001/ses-ofMcF2/func/sub-4001_ses-ofMcF2_task-JogB_acq-EPIlowcov_run-0_bold.nii.gz,EPIlowcov,EPIlowcov,func,0.0,ofMcF2,4001,JogB,BOLD,4001_ofMcF2_bold,Unprocessed,6.373974516987801,559.595,-1.0,-1.0
2,/home/hendrik/.scratch/mlebe/bids_collapsed/sub-4001/ses-ofMcF2/func/sub-4001_ses-ofMcF2_task-JogB_acq-EPIlowcov_run-1_cbv.nii.gz,EPIlowcov,EPIlowcov,func,1.0,ofMcF2,4001,JogB,CBV,4001_ofMcF2_cbv,Unprocessed,13.768319586436265,559.652,-1.0,-1.0
4,/home/hendrik/.scratch/mlebe/bids_collapsed/sub-4001/ses-ofM/func/sub-4001_ses-ofM_task-JogB_acq-EPIlowcov_run-1_cbv.nii.gz,EPIlowcov,EPIlowcov,func,1.0,ofM,4001,JogB,CBV,4001_ofM_cbv,Unprocessed,18.2600571885705,566.486,-1.0,-1.0
5,/home/hendrik/.scratch/mlebe/bids_collapsed/sub-4001/ses-ofM/func/sub-4001_ses-ofM_task-JogB_acq-EPIlowcov_run-0_bold.nii.gz,EPIlowcov,EPIlowcov,func,0.0,ofM,4001,JogB,BOLD,4001_ofM_bold,Unprocessed,8.10789917036891,566.544,-1.0,-1.0
7,/home/hendrik/.scratch/mlebe/bids_collapsed/sub-4001/ses-ofMcF1/func/sub-4001_ses-ofMcF1_task-JogB_acq-EPIlowcov_run-0_bold.nii.gz,EPIlowcov,EPIlowcov,func,0.0,ofMcF1,4001,JogB,BOLD,4001_ofMcF1_bold,Unprocessed,6.805492992703804,558.114,-1.0,-1.0
8,/home/hendrik/.scratch/mlebe/bids_collapsed/sub-4001/ses-ofMcF1/func/sub-4001_ses-ofMcF1_task-JogB_acq-EPIlowcov_run-1_cbv.nii.gz,EPIlowcov,EPIlowcov,func,1.0,ofMcF1,4001,JogB,CBV,4001_ofMcF1_cbv,Unprocessed,11.806942053502429,558.114,-1.0,-1.0
10,/home/hendrik/.scratch/mlebe/bids_collapsed/sub-4001/ses-ofMaF/func/sub-4001_ses-ofMaF_task-JogB_acq-EPIlowcov_run-0_bold.nii.gz,EPIlowcov,EPIlowcov,func,0.0,ofMaF,4001,JogB,BOLD,4001_ofMaF_bold,Unprocessed,8.875134223140776,561.765,-1.0,-1.0
11,/home/hendrik/.scratch/mlebe/bids_collapsed/sub-4001/ses-ofMaF/func/sub-4001_ses-ofMaF_task-JogB_acq-EPIlowcov_run-1_cbv.nii.gz,EPIlowcov,EPIlowcov,func,1.0,ofMaF,4001,JogB,CBV,4001_ofMaF_cbv,Unprocessed,16.741276453314352,561.822,-1.0,-1.0
13,/home/hendrik/.scratch/mlebe/bids_collapsed/sub-4006/ses-ofM/func/sub-4006_ses-ofM_task-JogB_acq-EPIlowcov_run-0_bold.nii.gz,EPIlowcov,EPIlowcov,func,0.0,ofM,4006,JogB,BOLD,4006_ofM_bold,Unprocessed,8.817855184348304,566.603,-1.0,-1.0
14,/home/hendrik/.scratch/mlebe/bids_collapsed/sub-4006/ses-ofM/func/sub-4006_ses-ofM_task-JogB_acq-EPIlowcov_run-1_cbv.nii.gz,EPIlowcov,EPIlowcov,func,1.0,ofM,4006,JogB,CBV,4006_ofM_cbv,Unprocessed,14.505311960652472,566.603,-1.0,-1.0
17,/home/hendrik/.scratch/mlebe/bids_collapsed/sub-4002/ses-ofM/func/sub-4002_ses-ofM_task-JogB_acq-EPIlowcov_run-1_cbv.nii.gz,EPIlowcov,EPIlowcov,func,1.0,ofM,4002,JogB,CBV,4002_ofM_cbv,Unprocessed,13.65185357011855,566.602,-1.0,-1.0
18,/home/hendrik/.scratch/mlebe/bids_collapsed/sub-4002/ses-ofM/func/sub-4002_ses-ofM_task-JogB_acq-EPIlowcov_run-0_bold.nii.gz,EPIlowcov,EPIlowcov,func,0.0,ofM,4002,JogB,BOLD,4002_ofM_bold,Unprocessed,6.698819908546284,566.427,-1.0,-1.0
20,/home/hendrik/.scratch/mlebe/bids_collapsed/sub-4007/ses-ofMcF1/func/sub-4007_ses-ofMcF1_task-JogB_acq-EPIlowcov_run-0_bold.nii.gz,EPIlowcov,EPIlowcov,func,0.0,ofMcF1,4007,JogB,BOLD,4007_ofMcF1_bold,Unprocessed,8.306339861154557,557.765,-1.0,-1.0
21,/home/hendrik/.scratch/mlebe/bids_collapsed/sub-4007/ses-ofMcF1/func/sub-4007_ses-ofMcF1_task-JogB_acq-EPIlowcov_run-1_cbv.nii.gz,EPIlowcov,EPIlowcov,func,1.0,ofMcF1,4007,JogB,CBV,4007_ofMcF1_cbv,Unprocessed,15.2850985750556,557.651,-1.0,-1.0
23,/home/hendrik/.scratch/mlebe/bids_collapsed/sub-4007/ses-ofMaF/func/sub-4007_ses-ofMaF_task-JogB_acq-EPIlowcov_run-0_bold.nii.gz,EPIlowcov,EPIlowcov,func,0.0,ofMaF,4007,JogB,BOLD,4007_ofMaF_bold,Unprocessed,9.000608548275197,566.616,-1.0,-1.0
24,/home/hendrik/.scratch/mlebe/bids_collapsed/sub-4007/ses-ofMaF/func/sub-4007_ses-ofMaF_task-JogB_acq-EPIlowcov_run-1_cbv.nii.gz,EPIlowcov,EPIlowcov,func,1.0,ofMaF,4007,JogB,CBV,4007_ofMaF_cbv,Unprocessed,16.98559802832548,566.616,-1.0,-1.0
26,/home/hendrik/.scratch/mlebe/bids_collapsed/sub-4007/ses-ofMcF2/func/sub-4007_ses-ofMcF2_task-JogB_acq-EPIlowcov_run-1_cbv.nii.gz,EPIlowcov,EPIlowcov,func,1.0,ofMcF2,4007,JogB,CBV,4007_ofMcF2_cbv,Unprocessed,14.049526875838637,557.59,-1.0,-1.0
27,/home/hendrik/.scratch/mlebe/bids_collapsed/sub-4007/ses-ofMcF2/func/sub-4007_ses-ofMcF2_task-JogB_acq-EPIlowcov_run-0_bold.nii.gz,EPIlowcov,EPIlowcov,func,0.0,ofMcF2,4007,JogB,BOLD,4007_ofMcF2_bold,Unprocessed,7.686653916381767,557.647,-1.0,-1.0
29,/home/hendrik/.scratch/mlebe/bids_collapsed/sub-4007/ses-ofMpF/func/sub-4007_ses-ofMpF_task-JogB_acq-EPIlowcov_run-0_bold.nii.gz,EPIlowcov,EPIlowcov,func,0.0,ofMpF,4007,JogB,BOLD,4007_ofMpF_bold,Unprocessed,7.860122910668144,560.125,-1.0,-1.0
30,/home/hendrik/.scratch/mlebe/bids_collapsed/sub-4007/ses-ofMpF/func/sub-4007_ses-ofMpF_task-JogB_acq-EPIlowcov_run-1_cbv.nii.gz,EPIlowcov,EPIlowcov,func,1.0,ofMpF,4007,JogB,CBV,4007_ofMpF_cbv,Unprocessed,13.134875692743812,560.125,-1.0,-1.0
32,/home/hendrik/.scratch/mlebe/bids_collapsed/sub-4007/ses-ofM/func/sub-4007_ses-ofM_task-JogB_acq-EPIlowcov_run-0_bold.nii.gz,EPIlowcov,EPIlowcov,func,0.0,ofM,4007,JogB,BOLD,4007_ofM_bold,Unprocessed,10.658326071221381,566.552,-1.0,-1.0
33,/home/hendrik/.scratch/mlebe/bids_collapsed/sub-4007/ses-ofM/func/sub-4007_ses-ofM_task-JogB_acq-EPIlowcov_run-1_cbv.nii.gz,EPIlowcov,EPIlowcov,func,1.0,ofM,4007,JogB,CBV,4007_ofM_cbv,Unprocessed,18.396059730779385,566.61,-1.0,-1.0
36,/home/hendrik/.scratch/mlebe/bids_collapsed/sub-4012/ses-ofMcF1/func/sub-4012_ses-ofMcF1_task-JogB_acq-EPIlowcov_run-1_cbv.nii.gz,EPIlowcov,EPIlowcov,func,1.0,ofMcF1,4012,JogB,CBV,4012_ofMcF1_cbv,Unprocessed,11.321552565763705,557.301,-1.0,-1.0
37,/home/hendrik/.scratch/mlebe/bids_collapsed/sub-4012/ses-ofMcF1/func/sub-4012_ses-ofMcF1_task-JogB_acq-EPIlowcov_run-0_bold.nii.gz,EPIlowcov,EPIlowcov,func,0.0,ofMcF1,4012,JogB,BOLD,4012_ofMcF1_bold,Unprocessed,5.832127338580323,557.301,-1.0,-1.0
39,/home/hendrik/.scratch/mlebe/bids_collapsed/sub-4012/ses-ofMaF/func/sub-4012_ses-ofMaF_task-JogB_acq-EPIlowcov_run-0_bold.nii.gz,EPIlowcov,EPIlowcov,func,0.0,ofMaF,4012,JogB,BOLD,4012_ofMaF_bold,Unprocessed,7.402939622197302,558.621,-1.0,-1.0
40,/home/hendrik/.scratch/mlebe/bids_collapsed/sub-4012/ses-ofMaF/func/sub-4012_ses-ofMaF_task-JogB_acq-EPIlowcov_run-1_cbv.nii.gz,EPIlowcov,EPIlowcov,func,1.0,ofMaF,4012,JogB,CBV,4012_ofMaF_cbv,Unprocessed,15.088497343249625,558.621,-1.0,-1.0
42,/home/hendrik/.scratch/mlebe/bids_collapsed/sub-4012/ses-ofMcF2/func/sub-4012_ses-ofMcF2_task-JogB_acq-EPIlowcov_run-0_bold.nii.gz,EPIlowcov,EPIlowcov,func,0.0,ofMcF2,4012,JogB,BOLD,4012_ofMcF2_bold,Unprocessed,5.7781872241129175,557.827,-1.0,-1.0
43,/home/hendrik/.scratch/mlebe/bids_collapsed/sub-4012/ses-ofMcF2/func/sub-4012_ses-ofMcF2_task-JogB_acq-EPIlowcov_run-1_cbv.nii.gz,EPIlowcov,EPIlowcov,func,1.0,ofMcF2,4012,JogB,CBV,4012_ofMcF2_cbv,Unprocessed,12.320964620290328,557.827,-1.0,-1.0
45,/home/hendrik/.scratch/mlebe/bids_collapsed/sub-4012/ses-ofMpF/func/sub-4012_ses-ofMpF_task-JogB_acq-EPIlowcov_run-0_bold.nii.gz,EPIlowcov,EPIlowcov,func,0.0,ofMpF,4012,JogB,BOLD,4012_ofMpF_bold,Unprocessed,6.066190205747262,557.716,-1.0,-1.0
46,/home/hendrik/.scratch/mlebe/bids_collapsed/sub-4012/ses-ofMpF/func/sub-4012_ses-ofMpF_task-JogB_acq-EPIlowcov_run-1_cbv.nii.gz,EPIlowcov,EPIlowcov,func,1.0,ofMpF,4012,JogB,CBV,4012_ofMpF_cbv,Unprocessed,11.196024809565863,557.831,-1.0,-1.0
48,/home/hendrik/.scratch/mlebe/bids_collapsed/sub-4012/ses-ofM/func/sub-4012_ses-ofM_task-JogB_acq-EPIlowcov_run-1_cbv.nii.gz,EPIlowcov,EPIlowcov,func,1.0,ofM,4012,JogB,CBV,4012_ofM_cbv,Unprocessed,16.443046606937425,566.616,-1.0,-1.0
49,/home/hendrik/.scratch/mlebe/bids_collapsed/sub-4012/ses-ofM/func/sub-4012_ses-ofM_task-JogB_acq-EPIlowcov_run-0_bold.nii.gz,EPIlowcov,EPIlowcov,func,0.0,ofM,4012,JogB,BOLD,4012_ofM_bold,Unprocessed,10.018076512496918,566.558,-1.0,-1.0
51,/home/hendrik/.scratch/mlebe/bids_collapsed/sub-4004/ses-ofM/func/sub-4004_ses-ofM_task-JogB_acq-EPIlowcov_run-0_bold.nii.gz,EPIlowcov,EPIlowcov,func,0.0,ofM,4004,JogB,BOLD,4004_ofM_bold,Unprocessed,8.282602289458737,566.558,-1.0,-1.0
52,/home/hendrik/.scratch/mlebe/bids_collapsed/sub-4004/ses-ofM/func/sub-4004_ses-ofM_task-JogB_acq-EPIlowcov_run-1_cbv.nii.gz,EPIlowcov,EPIlowcov,func,1.0,ofM,4004,JogB,CBV,4004_ofM_cbv,Unprocessed,16.334813465364277,566.558,-1.0,-1.0
54,/home/hendrik/.scratch/mlebe/bids_collapsed/sub-4011/ses-ofMcF1/func/sub-4011_ses-ofMcF1_task-JogB_acq-EPIlowcov_run-0_bold.nii.gz,EPIlowcov,EPIlowcov,func,0.0,ofMcF1,4011,JogB,BOLD,4011_ofMcF1_bold,Unprocessed,8.522747204336339,557.375,-1.0,-1.0
55,/home/hendrik/.scratch/mlebe/bids_collapsed/sub-4011/ses-ofMcF1/func/sub-4011_ses-ofMcF1_task-JogB_acq-EPIlowcov_run-1_cbv.nii.gz,EPIlowcov,EPIlowcov,func,1.0,ofMcF1,4011,JogB,CBV,4011_ofMcF1_cbv,Unprocessed,15.787374570034446,557.375,-1.0,-1.0
57,/home/hendrik/.scratch/mlebe/bids_collapsed/sub-4011/ses-ofMaF/func/sub-4011_ses-ofMaF_task-JogB_acq-EPIlowcov_run-0_bold.nii.gz,EPIlowcov,EPIlowcov,func,0.0,ofMaF,4011,JogB,BOLD,4011_ofMaF_bold,Unprocessed,9.722257490623747,566.616,-1.0,-1.0
58,/home/hendrik/.scratch/mlebe/bids_collapsed/sub-4011/ses-ofMaF/func/sub-4011_ses-ofMaF_task-JogB_acq-EPIlowcov_run-1_cbv.nii.gz,EPIlowcov,EPIlowcov,func,1.0,ofMaF,4011,JogB,CBV,4011_ofMaF_cbv,Unprocessed,15.387464227769527,566.616,-1.0,-1.0
60,/home/hendrik/.scratch/mlebe/bids_collapsed/sub-4011/ses-ofMcF2/func/sub-4011_ses-ofMcF2_task-JogB_acq-EPIlowcov_run-1_cbv.nii.gz,EPIlowcov,EPIlowcov,func,1.0,ofMcF2,4011,JogB,CBV,4011_ofMcF2_cbv,Unprocessed,11.634222518792377,557.298,-1.0,-1.0
61,/home/hendrik/.scratch/mlebe/bids_collapsed/sub-4011/ses-ofMcF2/func/sub-4011_ses-ofMcF2_task-JogB_acq-EPIlowcov_run-0_bold.nii.gz,EPIlowcov,EPIlowcov,func,0.0,ofMcF2,4011,JogB,BOLD,4011_ofMcF2_bold,Unprocessed,6.085530829965139,557.298,-1.0,-1.0
63,/home/hendrik/.scratch/mlebe/bids_collapsed/sub-4011/ses-ofM/func/sub-4011_ses-ofM_task-JogB_acq-EPIlowcov_run-0_bold.nii.gz,EPIlowcov,EPIlowcov,func,0.0,ofM,4011,JogB,BOLD,4011_ofM_bold,Unprocessed,8.016892031738536,557.306,-1.0,-1.0
64,/home/hendrik/.scratch/mlebe/bids_collapsed/sub-4011/ses-ofM/func/sub-4011_ses-ofM_task-JogB_acq-EPIlowcov_run-1_cbv.nii.gz,EPIlowcov,EPIlowcov,func,1.0,ofM,4011,JogB,CBV,4011_ofM_cbv,Unprocessed,16.823312208503488,557.306,-1.0,-1.0
66,/home/hendrik/.scratch/mlebe/bids_collapsed/sub-4013/ses-ofM/func/sub-4013_ses-ofM_task-JogB_acq-EPIlowcov_run-0_bold.nii.gz,EPIlowcov,EPIlowcov,func,0.0,ofM,4013,JogB,BOLD,4013_ofM_bold,Unprocessed,10.122064032796773,566.616,-1.0,-1.0
67,/home/hendrik/.scratch/mlebe/bids_collapsed/sub-4013/ses-ofM/func/sub-4013_ses-ofM_task-JogB_acq-EPIlowcov_run-1_cbv.nii.gz,EPIlowcov,EPIlowcov,func,1.0,ofM,4013,JogB,CBV,4013_ofM_cbv,Unprocessed,19.75711251282599,566.616,-1.0,-1.0
69,/home/hendrik/.scratch/mlebe/bids_collapsed/sub-4005/ses-ofMaF/func/sub-4005_ses-ofMaF_task-JogB_acq-EPIlowcov_run-1_cbv.nii.gz,EPIlowcov,EPIlowcov,func,1.0,ofMaF,4005,JogB,CBV,4005_ofMaF_cbv,Unprocessed,15.426039486490193,558.374,-1.0,-1.0
70,/home/hendrik/.scratch/mlebe/bids_collapsed/sub-4005/ses-ofMaF/func/sub-4005_ses-ofMaF_task-JogB_acq-EPIlowcov_run-0_bold.nii.gz,EPIlowcov,EPIlowcov,func,0.0,ofMaF,4005,JogB,BOLD,4005_ofMaF_bold,Unprocessed,7.062445865161718,558.374,-1.0,-1.0
72,/home/hendrik/.scratch/mlebe/bids_collapsed/sub-4005/ses-ofM/func/sub-4005_ses-ofM_task-JogB_acq-EPIlowcov_run-1_cbv.nii.gz,EPIlowcov,EPIlowcov,func,1.0,ofM,4005,JogB,CBV,4005_ofM_cbv,Unprocessed,15.687664725370709,559.411,-1.0,-1.0
73,/home/hendrik/.scratch/mlebe/bids_collapsed/sub-4005/ses-ofM/func/sub-4005_ses-ofM_task-JogB_acq-EPIlowcov_run-0_bold.nii.gz,EPIlowcov,EPIlowcov,func,0.0,ofM,4005,JogB,BOLD,4005_ofM_bold,Unprocessed,9.028439881280065,559.297,-1.0,-1.0
75,/home/hendrik/.scratch/mlebe/bids_collapsed/sub-4008/ses-ofMcF1/func/sub-4008_ses-ofMcF1_task-JogB_acq-EPIlowcov_run-1_cbv.nii.gz,EPIlowcov,EPIlowcov,func,1.0,ofMcF1,4008,JogB,CBV,4008_ofMcF1_cbv,Unprocessed,16.444044701247478,558.43,-1.0,-1.0
76,/home/hendrik/.scratch/mlebe/bids_collapsed/sub-4008/ses-ofMcF1/func/sub-4008_ses-ofMcF1_task-JogB_acq-EPIlowcov_run-0_bold.nii.gz,EPIlowcov,EPIlowcov,func,0.0,ofMcF1,4008,JogB,BOLD,4008_ofMcF1_bold,Unprocessed,8.581853088573553,558.43,-1.0,-1.0
78,/home/hendrik/.scratch/mlebe/bids_collapsed/sub-4008/ses-ofMaF/func/sub-4008_ses-ofMaF_task-JogB_acq-EPIlowcov_run-1_cbv.nii.gz,EPIlowcov,EPIlowcov,func,1.0,ofMaF,4008,JogB,CBV,4008_ofMaF_cbv,Unprocessed,16.391013907641188,560.234,-1.0,-1.0
79,/home/hendrik/.scratch/mlebe/bids_collapsed/sub-4008/ses-ofMaF/func/sub-4008_ses-ofMaF_task-JogB_acq-EPIlowcov_run-0_bold.nii.gz,EPIlowcov,EPIlowcov,func,0.0,ofMaF,4008,JogB,BOLD,4008_ofMaF_bold,Unprocessed,8.373740390082823,560.234,-1.0,-1.0
81,/home/hendrik/.scratch/mlebe/bids_collapsed/sub-4008/ses-ofMcF2/func/sub-4008_ses-ofMcF2_task-JogB_acq-EPIlowcov_run-0_bold.nii.gz,EPIlowcov,EPIlowcov,func,0.0,ofMcF2,4008,JogB,BOLD,4008_ofMcF2_bold,Unprocessed,6.380042915507222,557.452,-1.0,-1.0
82,/home/hendrik/.scratch/mlebe/bids_collapsed/sub-4008/ses-ofMcF2/func/sub-4008_ses-ofMcF2_task-JogB_acq-EPIlowcov_run-1_cbv.nii.gz,EPIlowcov,EPIlowcov,func,1.0,ofMcF2,4008,JogB,CBV,4008_ofMcF2_cbv,Unprocessed,13.742691470179714,557.452,-1.0,-1.0
84,/home/hendrik/.scratch/mlebe/bids_collapsed/sub-4008/ses-ofMpF/func/sub-4008_ses-ofMpF_task-JogB_acq-EPIlowcov_run-1_cbv.nii.gz,EPIlowcov,EPIlowcov,func,1.0,ofMpF,4008,JogB,CBV,4008_ofMpF_cbv,Unprocessed,16.80722113698721,561.701,-1.0,-1.0
85,/home/hendrik/.scratch/mlebe/bids_collapsed/sub-4008/ses-ofMpF/func/sub-4008_ses-ofMpF_task-JogB_acq-EPIlowcov_run-0_bold.nii.gz,EPIlowcov,EPIlowcov,func,0.0,ofMpF,4008,JogB,BOLD,4008_ofMpF_bold,Unprocessed,7.9592456470150506,561.759,-1.0,-1.0
87,/home/hendrik/.scratch/mlebe/bids_collapsed/sub-4008/ses-ofM/func/sub-4008_ses-ofM_task-JogB_acq-EPIlowcov_run-0_bold.nii.gz,EPIlowcov,EPIlowcov,func,0.0,ofM,4008,JogB,BOLD,4008_ofM_bold,Unprocessed,6.250913191267755,566.603,-1.0,-1.0
88,/home/hendrik/.scratch/mlebe/bids_collapsed/sub-4008/ses-ofM/func/sub-4008_ses-ofM_task-JogB_acq-EPIlowcov_run-1_cbv.nii.gz,EPIlowcov,EPIlowcov,func,1.0,ofM,4008,JogB,CBV,4008_ofM_cbv,Unprocessed,11.338922575144098,566.603,-1.0,-1.0
90,/home/hendrik/.scratch/mlebe/bids_collapsed/sub-4009/ses-ofMcF1/func/sub-4009_ses-ofMcF1_task-JogB_acq-EPIlowcov_run-0_bold.nii.gz,EPIlowcov,EPIlowcov,func,0.0,ofMcF1,4009,JogB,BOLD,4009_ofMcF1_bold,Unprocessed,6.594329581845087,557.196,-1.0,-1.0
91,/home/hendrik/.scratch/mlebe/bids_collapsed/sub-4009/ses-ofMcF1/func/sub-4009_ses-ofMcF1_task-JogB_acq-EPIlowcov_run-1_cbv.nii.gz,EPIlowcov,EPIlowcov,func,1.0,ofMcF1,4009,JogB,CBV,4009_ofMcF1_cbv,Unprocessed,13.079402402276175,557.196,-1.0,-1.0
93,/home/hendrik/.scratch/mlebe/bids_collapsed/sub-4009/ses-ofMaF/func/sub-4009_ses-ofMaF_task-JogB_acq-EPIlowcov_run-1_cbv.nii.gz,EPIlowcov,EPIlowcov,func,1.0,ofMaF,4009,JogB,CBV,4009_ofMaF_cbv,Unprocessed,14.100244160215372,557.8,-1.0,-1.0
94,/home/hendrik/.scratch/mlebe/bids_collapsed/sub-4009/ses-ofMaF/func/sub-4009_ses-ofMaF_task-JogB_acq-EPIlowcov_run-0_bold.nii.gz,EPIlowcov,EPIlowcov,func,0.0,ofMaF,4009,JogB,BOLD,4009_ofMaF_bold,Unprocessed,7.893669863464311,557.743,-1.0,-1.0
96,/home/hendrik/.scratch/mlebe/bids_collapsed/sub-4009/ses-ofMcF2/func/sub-4009_ses-ofMcF2_task-JogB_acq-EPIlowcov_run-0_bold.nii.gz,EPIlowcov,EPIlowcov,func,0.0,ofMcF2,4009,JogB,BOLD,4009_ofMcF2_bold,Unprocessed,7.191804826958105,566.546,-1.0,-1.0
97,/home/hendrik/.scratch/mlebe/bids_collapsed/sub-4009/ses-ofMcF2/func/sub-4009_ses-ofMcF2_task-JogB_acq-EPIlowcov_run-1_cbv.nii.gz,EPIlowcov,EPIlowcov,func,1.0,ofMcF2,4009,JogB,CBV,4009_ofMcF2_cbv,Unprocessed,13.502189164049923,566.546,-1.0,-1.0
99,/home/hendrik/.scratch/mlebe/bids_collapsed/sub-4009/ses-ofMpF/func/sub-4009_ses-ofMpF_task-JogB_acq-EPIlowcov_run-1_cbv.nii.gz,EPIlowcov,EPIlowcov,func,1.0,ofMpF,4009,JogB,CBV,4009_ofMpF_cbv,Unprocessed,14.175524762985297,559.357,-1.0,-1.0
100,/home/hendrik/.scratch/mlebe/bids_collapsed/sub-4009/ses-ofMpF/func/sub-4009_ses-ofMpF_task-JogB_acq-EPIlowcov_run-0_bold.nii.gz,EPIlowcov,EPIlowcov,func,0.0,ofMpF,4009,JogB,BOLD,4009_ofMpF_bold,Unprocessed,7.3888524481887,559.357,-1.0,-1.0
102,/home/hendrik/.scratch/mlebe/bids_collapsed/sub-4009/ses-ofM/func/sub-4009_ses-ofM_task-JogB_acq-EPIlowcov_run-1_cbv.nii.gz,EPIlowcov,EPIlowcov,func,1.0,ofM,4009,JogB,CBV,4009_ofM_cbv,Unprocessed,14.356415686742404,558.68,-1.0,-1.0
103,/home/hendrik/.scratch/mlebe/bids_collapsed/sub-4009/ses-ofM/func/sub-4009_ses-ofM_task-JogB_acq-EPIlowcov_run-0_bold.nii.gz,EPIlowcov,EPIlowcov,func,0.0,ofM,4009,JogB,BOLD,4009_ofM_bold,Unprocessed,7.281733891551849,558.68,-1.0,-1.0
1,/home/hendrik/.scratch/mlebe/preprocessing/generic_collapsed/sub-4009/ses-ofM/func/sub-4009_ses-ofM_task-JogB_acq-EPIlowcov_run-0_bold.nii.gz,EPIlowcov,EPIlowcov,func,0.0,ofM,4009,JogB,BOLD,4009_ofM_bold,Generic,7.281733891551849,575.648,1.0303715901768455,0.030371590176845542
2,/home/hendrik/.scratch/mlebe/preprocessing/generic_collapsed/sub-4009/ses-ofM/func/sub-4009_ses-ofM_task-JogB_acq-EPIlowcov_run-1_cbv.nii.gz,EPIlowcov,EPIlowcov,func,1.0,ofM,4009,JogB,CBV,4009_ofM_cbv,Generic,14.356415686742404,556.656,0.9963771747690986,0.0036228252309014053
4,/home/hendrik/.scratch/mlebe/preprocessing/generic_collapsed/sub-4009/ses-ofMpF/func/sub-4009_ses-ofMpF_task-JogB_acq-EPIlowcov_run-0_bold.nii.gz,EPIlowcov,EPIlowcov,func,0.0,ofMpF,4009,JogB,BOLD,4009_ofMpF_bold,Generic,7.3888524481887,556.728,0.9952999604903487,0.004700039509651255
5,/home/hendrik/.scratch/mlebe/preprocessing/generic_collapsed/sub-4009/ses-ofMpF/func/sub-4009_ses-ofMpF_task-JogB_acq-EPIlowcov_run-1_cbv.nii.gz,EPIlowcov,EPIlowcov,func,1.0,ofMpF,4009,JogB,CBV,4009_ofMpF_cbv,Generic,14.175524762985297,547.008,0.9779228650039242,0.022077134996075776
7,/home/hendrik/.scratch/mlebe/preprocessing/generic_collapsed/sub-4009/ses-ofMcF2/func/sub-4009_ses-ofMcF2_task-JogB_acq-EPIlowcov_run-1_cbv.nii.gz,EPIlowcov,EPIlowcov,func,1.0,ofMcF2,4009,JogB,CBV,4009_ofMcF2_cbv,Generic,13.502189164049923,532.616,0.940110776530061,0.05988922346993897
8,/home/hendrik/.scratch/mlebe/preprocessing/generic_collapsed/sub-4009/ses-ofMcF2/func/sub-4009_ses-ofMcF2_task-JogB_acq-EPIlowcov_run-0_bold.nii.gz,EPIlowcov,EPIlowcov,func,0.0,ofMcF2,4009,JogB,BOLD,4009_ofMcF2_bold,Generic,7.191804826958105,520.84,0.9193251739488055,0.08067482605119447
10,/home/hendrik/.scratch/mlebe/preprocessing/generic_collapsed/sub-4009/ses-ofMaF/func/sub-4009_ses-ofMaF_task-JogB_acq-EPIlowcov_run-1_cbv.nii.gz,EPIlowcov,EPIlowcov,func,1.0,ofMaF,4009,JogB,CBV,4009_ofMaF_cbv,Generic,14.100244160215372,556.68,0.997992111868053,0.0020078881319469666
11,/home/hendrik/.scratch/mlebe/preprocessing/generic_collapsed/sub-4009/ses-ofMaF/func/sub-4009_ses-ofMaF_task-JogB_acq-EPIlowcov_run-0_bold.nii.gz,EPIlowcov,EPIlowcov,func,0.0,ofMaF,4009,JogB,BOLD,4009_ofMaF_bold,Generic,7.893669863464311,559.68,1.0034729257023394,0.003472925702339369
13,/home/hendrik/.scratch/mlebe/preprocessing/generic_collapsed/sub-4009/ses-ofMcF1/func/sub-4009_ses-ofMcF1_task-JogB_acq-EPIlowcov_run-1_cbv.nii.gz,EPIlowcov,EPIlowcov,func,1.0,ofMcF1,4009,JogB,CBV,4009_ofMcF1_cbv,Generic,13.079402402276175,547.776,0.9830939202722201,0.01690607972777991
14,/home/hendrik/.scratch/mlebe/preprocessing/generic_collapsed/sub-4009/ses-ofMcF1/func/sub-4009_ses-ofMcF1_task-JogB_acq-EPIlowcov_run-0_bold.nii.gz,EPIlowcov,EPIlowcov,func,0.0,ofMcF1,4009,JogB,BOLD,4009_ofMcF1_bold,Generic,6.594329581845087,546.048,0.9799926776215191,0.020007322378480907
16,/home/hendrik/.scratch/mlebe/preprocessing/generic_collapsed/sub-4008/ses-ofM/func/sub-4008_ses-ofM_task-JogB_acq-EPIlowcov_run-0_bold.nii.gz,EPIlowcov,EPIlowcov,func,0.0,ofM,4008,JogB,BOLD,4008_ofM_bold,Generic,6.250913191267755,572.0,1.009525187829927,0.009525187829926951
17,/home/hendrik/.scratch/mlebe/preprocessing/generic_collapsed/sub-4008/ses-ofM/func/sub-4008_ses-ofM_task-JogB_acq-EPIlowcov_run-1_cbv.nii.gz,EPIlowcov,EPIlowcov,func,1.0,ofM,4008,JogB,CBV,4008_ofM_cbv,Generic,11.338922575144098,534.608,0.9435318909359817,0.056468109064018335
19,/home/hendrik/.scratch/mlebe/preprocessing/generic_collapsed/sub-4008/ses-ofMpF/func/sub-4008_ses-ofMpF_task-JogB_acq-EPIlowcov_run-1_cbv.nii.gz,EPIlowcov,EPIlowcov,func,1.0,ofMpF,4008,JogB,CBV,4008_ofMpF_cbv,Generic,16.80722113698721,553.264,0.9849795531786484,0.015020446821351618
20,/home/hendrik/.scratch/mlebe/preprocessing/generic_collapsed/sub-4008/ses-ofMpF/func/sub-4008_ses-ofMpF_task-JogB_acq-EPIlowcov_run-0_bold.nii.gz,EPIlowcov,EPIlowcov,func,0.0,ofMpF,4008,JogB,BOLD,4008_ofMpF_bold,Generic,7.9592456470150506,577.256,1.0275865629211103,0.02758656292111028
22,/home/hendrik/.scratch/mlebe/preprocessing/generic_collapsed/sub-4008/ses-ofMcF2/func/sub-4008_ses-ofMcF2_task-JogB_acq-EPIlowcov_run-1_cbv.nii.gz,EPIlowcov,EPIlowcov,func,1.0,ofMcF2,4008,JogB,CBV,4008_ofMcF2_cbv,Generic,13.742691470179714,571.92,1.0259538040943434,0.025953804094343447
23,/home/hendrik/.scratch/mlebe/preprocessing/generic_collapsed/sub-4008/ses-ofMcF2/func/sub-4008_ses-ofMcF2_task-JogB_acq-EPIlowcov_run-0_bold.nii.gz,EPIlowcov,EPIlowcov,func,0.0,ofMcF2,4008,JogB,BOLD,4008_ofMcF2_bold,Generic,6.380042915507222,591.328,1.0607693577204853,0.060769357720485306
25,/home/hendrik/.scratch/mlebe/preprocessing/generic_collapsed/sub-4008/ses-ofMaF/func/sub-4008_ses-ofMaF_task-JogB_acq-EPIlowcov_run-1_cbv.nii.gz,EPIlowcov,EPIlowcov,func,1.0,ofMaF,4008,JogB,CBV,4008_ofMaF_cbv,Generic,16.391013907641188,555.688,0.9918855335449115,0.00811446645508851
26,/home/hendrik/.scratch/mlebe/preprocessing/generic_collapsed/sub-4008/ses-ofMaF/func/sub-4008_ses-ofMaF_task-JogB_acq-EPIlowcov_run-0_bold.nii.gz,EPIlowcov,EPIlowcov,func,0.0,ofMaF,4008,JogB,BOLD,4008_ofMaF_bold,Generic,8.373740390082823,575.848,1.0278704969709085,0.027870496970908487
28,/home/hendrik/.scratch/mlebe/preprocessing/generic_collapsed/sub-4008/ses-ofMcF1/func/sub-4008_ses-ofMcF1_task-JogB_acq-EPIlowcov_run-1_cbv.nii.gz,EPIlowcov,EPIlowcov,func,1.0,ofMcF1,4008,JogB,CBV,4008_ofMcF1_cbv,Generic,16.444044701247478,562.248,1.0068370252314527,0.006837025231452687
29,/home/hendrik/.scratch/mlebe/preprocessing/generic_collapsed/sub-4008/ses-ofMcF1/func/sub-4008_ses-ofMcF1_task-JogB_acq-EPIlowcov_run-0_bold.nii.gz,EPIlowcov,EPIlowcov,func,0.0,ofMcF1,4008,JogB,BOLD,4008_ofMcF1_bold,Generic,8.581853088573553,573.352,1.0267213437673477,0.026721343767347694
31,/home/hendrik/.scratch/mlebe/preprocessing/generic_collapsed/sub-4005/ses-ofM/func/sub-4005_ses-ofM_task-JogB_acq-EPIlowcov_run-1_cbv.nii.gz,EPIlowcov,EPIlowcov,func,1.0,ofM,4005,JogB,CBV,4005_ofM_cbv,Generic,15.687664725370709,477.84,0.854184132954125,0.14581586704587501
32,/home/hendrik/.scratch/mlebe/preprocessing/generic_collapsed/sub-4005/ses-ofM/func/sub-4005_ses-ofM_task-JogB_acq-EPIlowcov_run-0_bold.nii.gz,EPIlowcov,EPIlowcov,func,0.0,ofM,4005,JogB,BOLD,4005_ofM_bold,Generic,9.028439881280065,482.056,0.8618962733574469,0.1381037266425531
34,/home/hendrik/.scratch/mlebe/preprocessing/generic_collapsed/sub-4005/ses-ofMaF/func/sub-4005_ses-ofMaF_task-JogB_acq-EPIlowcov_run-0_bold.nii.gz,EPIlowcov,EPIlowcov,func,0.0,ofMaF,4005,JogB,BOLD,4005_ofMaF_bold,Generic,7.062445865161718,478.432,0.8568307263590353,0.14316927364096466
35,/home/hendrik/.scratch/mlebe/preprocessing/generic_collapsed/sub-4005/ses-ofMaF/func/sub-4005_ses-ofMaF_task-JogB_acq-EPIlowcov_run-1_cbv.nii.gz,EPIlowcov,EPIlowcov,func,1.0,ofMaF,4005,JogB,CBV,4005_ofMaF_cbv,Generic,15.426039486490193,482.32,0.8637938012873092,0.1362061987126908
37,/home/hendrik/.scratch/mlebe/preprocessing/generic_collapsed/sub-4013/ses-ofM/func/sub-4013_ses-ofM_task-JogB_acq-EPIlowcov_run-1_cbv.nii.gz,EPIlowcov,EPIlowcov,func,1.0,ofM,4013,JogB,CBV,4013_ofM_cbv,Generic,19.75711251282599,512.576,0.9046267666285457,0.09537323337145431
38,/home/hendrik/.scratch/mlebe/preprocessing/generic_collapsed/sub-4013/ses-ofM/func/sub-4013_ses-ofM_task-JogB_acq-EPIlowcov_run-0_bold.nii.gz,EPIlowcov,EPIlowcov,func,0.0,ofM,4013,JogB,BOLD,4013_ofM_bold,Generic,10.122064032796773,518.856,0.915710110551061,0.084289889448939
40,/home/hendrik/.scratch/mlebe/preprocessing/generic_collapsed/sub-4011/ses-ofM/func/sub-4011_ses-ofM_task-JogB_acq-EPIlowcov_run-1_cbv.nii.gz,EPIlowcov,EPIlowcov,func,1.0,ofM,4011,JogB,CBV,4011_ofM_cbv,Generic,16.823312208503488,518.504,0.9303757720175272,0.06962422798247281
41,/home/hendrik/.scratch/mlebe/preprocessing/generic_collapsed/sub-4011/ses-ofM/func/sub-4011_ses-ofM_task-JogB_acq-EPIlowcov_run-0_bold.nii.gz,EPIlowcov,EPIlowcov,func,0.0,ofM,4011,JogB,BOLD,4011_ofM_bold,Generic,8.016892031738536,533.472,0.957233548535275,0.04276645146472502
43,/home/hendrik/.scratch/mlebe/preprocessing/generic_collapsed/sub-4011/ses-ofMaF/func/sub-4011_ses-ofMaF_task-JogB_acq-EPIlowcov_run-0_bold.nii.gz,EPIlowcov,EPIlowcov,func,0.0,ofMaF,4011,JogB,BOLD,4011_ofMaF_bold,Generic,9.722257490623747,535.608,0.945275106950739,0.05472489304926098
44,/home/hendrik/.scratch/mlebe/preprocessing/generic_collapsed/sub-4011/ses-ofMaF/func/sub-4011_ses-ofMaF_task-JogB_acq-EPIlowcov_run-1_cbv.nii.gz,EPIlowcov,EPIlowcov,func,1.0,ofMaF,4011,JogB,CBV,4011_ofMaF_cbv,Generic,15.387464227769527,513.28,0.9058692306606237,0.09413076933937625
46,/home/hendrik/.scratch/mlebe/preprocessing/generic_collapsed/sub-4011/ses-ofMcF2/func/sub-4011_ses-ofMcF2_task-JogB_acq-EPIlowcov_run-1_cbv.nii.gz,EPIlowcov,EPIlowcov,func,1.0,ofMcF2,4011,JogB,CBV,4011_ofMcF2_cbv,Generic,11.634222518792377,585.496,1.0505977053569184,0.05059770535691843
47,/home/hendrik/.scratch/mlebe/preprocessing/generic_collapsed/sub-4011/ses-ofMcF2/func/sub-4011_ses-ofMcF2_task-JogB_acq-EPIlowcov_run-0_bold.nii.gz,EPIlowcov,EPIlowcov,func,0.0,ofMcF2,4011,JogB,BOLD,4011_ofMcF2_bold,Generic,6.085530829965139,599.48,1.0756902052402844,0.07569020524028436
49,/home/hendrik/.scratch/mlebe/preprocessing/generic_collapsed/sub-4011/ses-ofMcF1/func/sub-4011_ses-ofMcF1_task-JogB_acq-EPIlowcov_run-0_bold.nii.gz,EPIlowcov,EPIlowcov,func,0.0,ofMcF1,4011,JogB,BOLD,4011_ofMcF1_bold,Generic,8.522747204336339,603.936,1.0835362188831577,0.08353621888315765
50,/home/hendrik/.scratch/mlebe/preprocessing/generic_collapsed/sub-4011/ses-ofMcF1/func/sub-4011_ses-ofMcF1_task-JogB_acq-EPIlowcov_run-1_cbv.nii.gz,EPIlowcov,EPIlowcov,func,1.0,ofMcF1,4011,JogB,CBV,4011_ofMcF1_cbv,Generic,15.787374570034446,592.72,1.063413321372505,0.063413321372505
52,/home/hendrik/.scratch/mlebe/preprocessing/generic_collapsed/sub-4004/ses-ofM/func/sub-4004_ses-ofM_task-JogB_acq-EPIlowcov_run-0_bold.nii.gz,EPIlowcov,EPIlowcov,func,0.0,ofM,4004,JogB,BOLD,4004_ofM_bold,Generic,8.282602289458737,532.648,0.9401473459028026,0.05985265409719742
53,/home/hendrik/.scratch/mlebe/preprocessing/generic_collapsed/sub-4004/ses-ofM/func/sub-4004_ses-ofM_task-JogB_acq-EPIlowcov_run-1_cbv.nii.gz,EPIlowcov,EPIlowcov,func,1.0,ofM,4004,JogB,CBV,4004_ofM_cbv,Generic,16.334813465364277,526.664,0.9295853204791036,0.07041467952089642
55,/home/hendrik/.scratch/mlebe/preprocessing/generic_collapsed/sub-4012/ses-ofM/func/sub-4012_ses-ofM_task-JogB_acq-EPIlowcov_run-1_cbv.nii.gz,EPIlowcov,EPIlowcov,func,1.0,ofM,4012,JogB,CBV,4012_ofM_cbv,Generic,16.443046606937425,532.216,0.9392886893416353,0.06071131065836466
56,/home/hendrik/.scratch/mlebe/preprocessing/generic_collapsed/sub-4012/ses-ofM/func/sub-4012_ses-ofM_task-JogB_acq-EPIlowcov_run-0_bold.nii.gz,EPIlowcov,EPIlowcov,func,0.0,ofM,4012,JogB,BOLD,4012_ofM_bold,Generic,10.018076512496918,549.632,0.9701248592377125,0.029875140762287478
58,/home/hendrik/.scratch/mlebe/preprocessing/generic_collapsed/sub-4012/ses-ofMpF/func/sub-4012_ses-ofMpF_task-JogB_acq-EPIlowcov_run-0_bold.nii.gz,EPIlowcov,EPIlowcov,func,0.0,ofMpF,4012,JogB,BOLD,4012_ofMpF_bold,Generic,6.066190205747262,569.856,1.0217673511249452,0.02176735112494521
59,/home/hendrik/.scratch/mlebe/preprocessing/generic_collapsed/sub-4012/ses-ofMpF/func/sub-4012_ses-ofMpF_task-JogB_acq-EPIlowcov_run-1_cbv.nii.gz,EPIlowcov,EPIlowcov,func,1.0,ofMpF,4012,JogB,CBV,4012_ofMpF_cbv,Generic,11.196024809565863,548.296,0.9829070094706104,0.017092990529389618
61,/home/hendrik/.scratch/mlebe/preprocessing/generic_collapsed/sub-4012/ses-ofMcF2/func/sub-4012_ses-ofMcF2_task-JogB_acq-EPIlowcov_run-0_bold.nii.gz,EPIlowcov,EPIlowcov,func,0.0,ofMcF2,4012,JogB,BOLD,4012_ofMcF2_bold,Generic,5.7781872241129175,561.032,1.0057455089122613,0.005745508912261332
62,/home/hendrik/.scratch/mlebe/preprocessing/generic_collapsed/sub-4012/ses-ofMcF2/func/sub-4012_ses-ofMcF2_task-JogB_acq-EPIlowcov_run-1_cbv.nii.gz,EPIlowcov,EPIlowcov,func,1.0,ofMcF2,4012,JogB,CBV,4012_ofMcF2_cbv,Generic,12.320964620290328,549.568,0.9851943344441915,0.014805665555808534
64,/home/hendrik/.scratch/mlebe/preprocessing/generic_collapsed/sub-4012/ses-ofMaF/func/sub-4012_ses-ofMaF_task-JogB_acq-EPIlowcov_run-1_cbv.nii.gz,EPIlowcov,EPIlowcov,func,1.0,ofMaF,4012,JogB,CBV,4012_ofMaF_cbv,Generic,15.088497343249625,549.2,0.9831352562828825,0.016864743717117547
65,/home/hendrik/.scratch/mlebe/preprocessing/generic_collapsed/sub-4012/ses-ofMaF/func/sub-4012_ses-ofMaF_task-JogB_acq-EPIlowcov_run-0_bold.nii.gz,EPIlowcov,EPIlowcov,func,0.0,ofMaF,4012,JogB,BOLD,4012_ofMaF_bold,Generic,7.402939622197302,577.256,1.033358932084544,0.03335893208454399
67,/home/hendrik/.scratch/mlebe/preprocessing/generic_collapsed/sub-4012/ses-ofMcF1/func/sub-4012_ses-ofMcF1_task-JogB_acq-EPIlowcov_run-0_bold.nii.gz,EPIlowcov,EPIlowcov,func,0.0,ofMcF1,4012,JogB,BOLD,4012_ofMcF1_bold,Generic,5.832127338580323,582.528,1.0452663820807786,0.0452663820807786
68,/home/hendrik/.scratch/mlebe/preprocessing/generic_collapsed/sub-4012/ses-ofMcF1/func/sub-4012_ses-ofMcF1_task-JogB_acq-EPIlowcov_run-1_cbv.nii.gz,EPIlowcov,EPIlowcov,func,1.0,ofMcF1,4012,JogB,CBV,4012_ofMcF1_cbv,Generic,11.321552565763705,557.128,0.9996895752923465,0.0003104247076535227
70,/home/hendrik/.scratch/mlebe/preprocessing/generic_collapsed/sub-4007/ses-ofM/func/sub-4007_ses-ofM_task-JogB_acq-EPIlowcov_run-1_cbv.nii.gz,EPIlowcov,EPIlowcov,func,1.0,ofM,4007,JogB,CBV,4007_ofM_cbv,Generic,18.396059730779385,483.856,0.8539489243041951,0.1460510756958049
71,/home/hendrik/.scratch/mlebe/preprocessing/generic_collapsed/sub-4007/ses-ofM/func/sub-4007_ses-ofM_task-JogB_acq-EPIlowcov_run-0_bold.nii.gz,EPIlowcov,EPIlowcov,func,0.0,ofM,4007,JogB,BOLD,4007_ofM_bold,Generic,10.658326071221381,505.272,0.8918369364153688,0.10816306358463124
73,/home/hendrik/.scratch/mlebe/preprocessing/generic_collapsed/sub-4007/ses-ofMpF/func/sub-4007_ses-ofMpF_task-JogB_acq-EPIlowcov_run-1_cbv.nii.gz,EPIlowcov,EPIlowcov,func,1.0,ofMpF,4007,JogB,CBV,4007_ofMpF_cbv,Generic,13.134875692743812,504.512,0.9007132336532024,0.09928676634679756
74,/home/hendrik/.scratch/mlebe/preprocessing/generic_collapsed/sub-4007/ses-ofMpF/func/sub-4007_ses-ofMpF_task-JogB_acq-EPIlowcov_run-0_bold.nii.gz,EPIlowcov,EPIlowcov,func,0.0,ofMpF,4007,JogB,BOLD,4007_ofMpF_bold,Generic,7.860122910668144,524.4,0.9362195938406606,0.06378040615933944
76,/home/hendrik/.scratch/mlebe/preprocessing/generic_collapsed/sub-4007/ses-ofMcF2/func/sub-4007_ses-ofMcF2_task-JogB_acq-EPIlowcov_run-1_cbv.nii.gz,EPIlowcov,EPIlowcov,func,1.0,ofMcF2,4007,JogB,CBV,4007_ofMcF2_cbv,Generic,14.049526875838637,559.288,1.0030452483007226,0.003045248300722614
77,/home/hendrik/.scratch/mlebe/preprocessing/generic_collapsed/sub-4007/ses-ofMcF2/func/sub-4007_ses-ofMcF2_task-JogB_acq-EPIlowcov_run-0_bold.nii.gz,EPIlowcov,EPIlowcov,func,0.0,ofMcF2,4007,JogB,BOLD,4007_ofMcF2_bold,Generic,7.686653916381767,567.168,1.0170735250077558,0.01707352500775583
79,/home/hendrik/.scratch/mlebe/preprocessing/generic_collapsed/sub-4007/ses-ofMcF1/func/sub-4007_ses-ofMcF1_task-JogB_acq-EPIlowcov_run-0_bold.nii.gz,EPIlowcov,EPIlowcov,func,0.0,ofMcF1,4007,JogB,BOLD,4007_ofMcF1_bold,Generic,8.306339861154557,551.416,0.9886170699129563,0.011382930087043719
80,/home/hendrik/.scratch/mlebe/preprocessing/generic_collapsed/sub-4007/ses-ofMcF1/func/sub-4007_ses-ofMcF1_task-JogB_acq-EPIlowcov_run-1_cbv.nii.gz,EPIlowcov,EPIlowcov,func,1.0,ofMcF1,4007,JogB,CBV,4007_ofMcF1_cbv,Generic,15.2850985750556,541.872,0.9717045248730837,0.028295475126916325
82,/home/hendrik/.scratch/mlebe/preprocessing/generic_collapsed/sub-4007/ses-ofMaF/func/sub-4007_ses-ofMaF_task-JogB_acq-EPIlowcov_run-1_cbv.nii.gz,EPIlowcov,EPIlowcov,func,1.0,ofMaF,4007,JogB,CBV,4007_ofMaF_cbv,Generic,16.98559802832548,533.472,0.9415053581261383,0.058494641873861664
83,/home/hendrik/.scratch/mlebe/preprocessing/generic_collapsed/sub-4007/ses-ofMaF/func/sub-4007_ses-ofMaF_task-JogB_acq-EPIlowcov_run-0_bold.nii.gz,EPIlowcov,EPIlowcov,func,0.0,ofMaF,4007,JogB,BOLD,4007_ofMaF_bold,Generic,9.000608548275197,540.968,0.9547347762858797,0.04526522371412034
85,/home/hendrik/.scratch/mlebe/preprocessing/generic_collapsed/sub-4006/ses-ofM/func/sub-4006_ses-ofM_task-JogB_acq-EPIlowcov_run-1_cbv.nii.gz,EPIlowcov,EPIlowcov,func,1.0,ofM,4006,JogB,CBV,4006_ofM_cbv,Generic,14.505311960652472,326.184,0.5756835032641904,0.4243164967358096
86,/home/hendrik/.scratch/mlebe/preprocessing/generic_collapsed/sub-4006/ses-ofM/func/sub-4006_ses-ofM_task-JogB_acq-EPIlowcov_run-0_bold.nii.gz,EPIlowcov,EPIlowcov,func,0.0,ofM,4006,JogB,BOLD,4006_ofM_bold,Generic,8.817855184348304,560.616,0.9894335187071018,0.010566481292898167
88,/home/hendrik/.scratch/mlebe/preprocessing/generic_collapsed/sub-4002/ses-ofM/func/sub-4002_ses-ofM_task-JogB_acq-EPIlowcov_run-1_cbv.nii.gz,EPIlowcov,EPIlowcov,func,1.0,ofM,4002,JogB,CBV,4002_ofM_cbv,Generic,13.65185357011855,507.848,0.8963046371174123,0.10369536288258774
89,/home/hendrik/.scratch/mlebe/preprocessing/generic_collapsed/sub-4002/ses-ofM/func/sub-4002_ses-ofM_task-JogB_acq-EPIlowcov_run-0_bold.nii.gz,EPIlowcov,EPIlowcov,func,0.0,ofM,4002,JogB,BOLD,4002_ofM_bold,Generic,6.698819908546284,523.32,0.923896636283228,0.07610336371677195
91,/home/hendrik/.scratch/mlebe/preprocessing/generic_collapsed/sub-4001/ses-ofM/func/sub-4001_ses-ofM_task-JogB_acq-EPIlowcov_run-1_cbv.nii.gz,EPIlowcov,EPIlowcov,func,1.0,ofM,4001,JogB,CBV,4001_ofM_cbv,Generic,18.2600571885705,537.768,0.9493050137161378,0.05069498628386215
92,/home/hendrik/.scratch/mlebe/preprocessing/generic_collapsed/sub-4001/ses-ofM/func/sub-4001_ses-ofM_task-JogB_acq-EPIlowcov_run-0_bold.nii.gz,EPIlowcov,EPIlowcov,func,0.0,ofM,4001,JogB,BOLD,4001_ofM_bold,Generic,8.10789917036891,543.4,0.9591488039763901,0.04085119602360987
94,/home/hendrik/.scratch/mlebe/preprocessing/generic_collapsed/sub-4001/ses-ofMcF2/func/sub-4001_ses-ofMcF2_task-JogB_acq-EPIlowcov_run-0_bold.nii.gz,EPIlowcov,EPIlowcov,func,0.0,ofMcF2,4001,JogB,BOLD,4001_ofMcF2_bold,Generic,6.373974516987801,505.488,0.9033104298644555,0.09668957013554447
95,/home/hendrik/.scratch/mlebe/preprocessing/generic_collapsed/sub-4001/ses-ofMcF2/func/sub-4001_ses-ofMcF2_task-JogB_acq-EPIlowcov_run-1_cbv.nii.gz,EPIlowcov,EPIlowcov,func,1.0,ofMcF2,4001,JogB,CBV,4001_ofMcF2_cbv,Generic,13.768319586436265,521.888,0.9325223531766169,0.06747764682338309
97,/home/hendrik/.scratch/mlebe/preprocessing/generic_collapsed/sub-4001/ses-ofMaF/func/sub-4001_ses-ofMaF_task-JogB_acq-EPIlowcov_run-0_bold.nii.gz,EPIlowcov,EPIlowcov,func,0.0,ofMaF,4001,JogB,BOLD,4001_ofMaF_bold,Generic,8.875134223140776,543.664,0.9677783414773081,0.032221658522691876
98,/home/hendrik/.scratch/mlebe/preprocessing/generic_collapsed/sub-4001/ses-ofMaF/func/sub-4001_ses-ofMaF_task-JogB_acq-EPIlowcov_run-1_cbv.nii.gz,EPIlowcov,EPIlowcov,func,1.0,ofMaF,4001,JogB,CBV,4001_ofMaF_cbv,Generic,16.741276453314352,536.848,0.9555481985397509,0.044451801460249074
100,/home/hendrik/.scratch/mlebe/preprocessing/generic_collapsed/sub-4001/ses-ofMcF1/func/sub-4001_ses-ofMcF1_task-JogB_acq-EPIlowcov_run-1_cbv.nii.gz,EPIlowcov,EPIlowcov,func,1.0,ofMcF1,4001,JogB,CBV,4001_ofMcF1_cbv,Generic,11.806942053502429,533.912,0.9566360994348825,0.04336390056511752
101,/home/hendrik/.scratch/mlebe/preprocessing/generic_collapsed/sub-4001/ses-ofMcF1/func/sub-4001_ses-ofMcF1_task-JogB_acq-EPIlowcov_run-0_bold.nii.gz,EPIlowcov,EPIlowcov,func,0.0,ofMcF1,4001,JogB,BOLD,4001_ofMcF1_bold,Generic,6.805492992703804,549.552,0.9846590481514529,0.015340951848547113
1,/home/hendrik/.scratch/mlebe/preprocessing/masked_collapsed/sub-4012/ses-ofM/func/sub-4012_ses-ofM_task-JogB_acq-EPIlowcov_run-0_bold.nii.gz,EPIlowcov,EPIlowcov,func,0.0,ofM,4012,JogB,BOLD,4012_ofM_bold,Masked,10.018076512496918,529.968,0.9354170270298892,0.06458297297011084
2,/home/hendrik/.scratch/mlebe/preprocessing/masked_collapsed/sub-4012/ses-ofM/func/sub-4012_ses-ofM_task-JogB_acq-EPIlowcov_run-1_cbv.nii.gz,EPIlowcov,EPIlowcov,func,1.0,ofM,4012,JogB,CBV,4012_ofM_cbv,Masked,16.443046606937425,519.68,0.9171643582249707,0.08283564177502933
4,/home/hendrik/.scratch/mlebe/preprocessing/masked_collapsed/sub-4012/ses-ofMpF/func/sub-4012_ses-ofMpF_task-JogB_acq-EPIlowcov_run-1_cbv.nii.gz,EPIlowcov,EPIlowcov,func,1.0,ofMpF,4012,JogB,CBV,4012_ofMpF_cbv,Masked,11.196024809565863,541.744,0.9711615166600638,0.028838483339936216
5,/home/hendrik/.scratch/mlebe/preprocessing/masked_collapsed/sub-4012/ses-ofMpF/func/sub-4012_ses-ofMpF_task-JogB_acq-EPIlowcov_run-0_bold.nii.gz,EPIlowcov,EPIlowcov,func,0.0,ofMpF,4012,JogB,BOLD,4012_ofMpF_bold,Masked,6.066190205747262,555.904,0.996751034576738,0.003248965423262029
7,/home/hendrik/.scratch/mlebe/preprocessing/masked_collapsed/sub-4012/ses-ofMcF2/func/sub-4012_ses-ofMcF2_task-JogB_acq-EPIlowcov_run-0_bold.nii.gz,EPIlowcov,EPIlowcov,func,0.0,ofMcF2,4012,JogB,BOLD,4012_ofMcF2_bold,Masked,5.7781872241129175,557.656,0.9996934533466468,0.000306546653353168
8,/home/hendrik/.scratch/mlebe/preprocessing/masked_collapsed/sub-4012/ses-ofMcF2/func/sub-4012_ses-ofMcF2_task-JogB_acq-EPIlowcov_run-1_cbv.nii.gz,EPIlowcov,EPIlowcov,func,1.0,ofMcF2,4012,JogB,CBV,4012_ofMcF2_cbv,Masked,12.320964620290328,541.76,0.9711971632782207,0.0288028367217793
10,/home/hendrik/.scratch/mlebe/preprocessing/masked_collapsed/sub-4012/ses-ofMaF/func/sub-4012_ses-ofMaF_task-JogB_acq-EPIlowcov_run-1_cbv.nii.gz,EPIlowcov,EPIlowcov,func,1.0,ofMaF,4012,JogB,CBV,4012_ofMaF_cbv,Masked,15.088497343249625,557.536,0.9980577171284287,0.001942282871571277
11,/home/hendrik/.scratch/mlebe/preprocessing/masked_collapsed/sub-4012/ses-ofMaF/func/sub-4012_ses-ofMaF_task-JogB_acq-EPIlowcov_run-0_bold.nii.gz,EPIlowcov,EPIlowcov,func,0.0,ofMaF,4012,JogB,BOLD,4012_ofMaF_bold,Masked,7.402939622197302,550.608,0.9856557487097691,0.01434425129023087
13,/home/hendrik/.scratch/mlebe/preprocessing/masked_collapsed/sub-4012/ses-ofMcF1/func/sub-4012_ses-ofMcF1_task-JogB_acq-EPIlowcov_run-0_bold.nii.gz,EPIlowcov,EPIlowcov,func,0.0,ofMcF1,4012,JogB,BOLD,4012_ofMcF1_bold,Masked,5.832127338580323,562.192,1.0087762268504812,0.008776226850481184
14,/home/hendrik/.scratch/mlebe/preprocessing/masked_collapsed/sub-4012/ses-ofMcF1/func/sub-4012_ses-ofMcF1_task-JogB_acq-EPIlowcov_run-1_cbv.nii.gz,EPIlowcov,EPIlowcov,func,1.0,ofMcF1,4012,JogB,CBV,4012_ofMcF1_cbv,Masked,11.321552565763705,542.312,0.9731043009074091,0.02689569909259093
16,/home/hendrik/.scratch/mlebe/preprocessing/masked_collapsed/sub-4013/ses-ofM/func/sub-4013_ses-ofM_task-JogB_acq-EPIlowcov_run-0_bold.nii.gz,EPIlowcov,EPIlowcov,func,0.0,ofM,4013,JogB,BOLD,4013_ofM_bold,Masked,10.122064032796773,511.008,0.9018594603752806,0.09814053962471936
17,/home/hendrik/.scratch/mlebe/preprocessing/masked_collapsed/sub-4013/ses-ofM/func/sub-4013_ses-ofM_task-JogB_acq-EPIlowcov_run-1_cbv.nii.gz,EPIlowcov,EPIlowcov,func,1.0,ofM,4013,JogB,CBV,4013_ofM_cbv,Masked,19.75711251282599,518.568,0.9152018298106654,0.08479817018933455
19,/home/hendrik/.scratch/mlebe/preprocessing/masked_collapsed/sub-4011/ses-ofM/func/sub-4011_ses-ofM_task-JogB_acq-EPIlowcov_run-0_bold.nii.gz,EPIlowcov,EPIlowcov,func,0.0,ofM,4011,JogB,BOLD,4011_ofM_bold,Masked,8.016892031738536,530.048,0.9510897065525941,0.04891029344740594
20,/home/hendrik/.scratch/mlebe/preprocessing/masked_collapsed/sub-4011/ses-ofM/func/sub-4011_ses-ofM_task-JogB_acq-EPIlowcov_run-1_cbv.nii.gz,EPIlowcov,EPIlowcov,func,1.0,ofM,4011,JogB,CBV,4011_ofM_cbv,Masked,16.823312208503488,515.36,0.9247343470194112,0.07526565298058885
22,/home/hendrik/.scratch/mlebe/preprocessing/masked_collapsed/sub-4011/ses-ofMcF2/func/sub-4011_ses-ofMcF2_task-JogB_acq-EPIlowcov_run-0_bold.nii.gz,EPIlowcov,EPIlowcov,func,0.0,ofMcF2,4011,JogB,BOLD,4011_ofMcF2_bold,Masked,6.085530829965139,587.064,1.0534112808587146,0.053411280858714605
23,/home/hendrik/.scratch/mlebe/preprocessing/masked_collapsed/sub-4011/ses-ofMcF2/func/sub-4011_ses-ofMcF2_task-JogB_acq-EPIlowcov_run-1_cbv.nii.gz,EPIlowcov,EPIlowcov,func,1.0,ofMcF2,4011,JogB,CBV,4011_ofMcF2_cbv,Masked,11.634222518792377,572.136,1.0266248936834512,0.026624893683451223
25,/home/hendrik/.scratch/mlebe/preprocessing/masked_collapsed/sub-4011/ses-ofMaF/func/sub-4011_ses-ofMaF_task-JogB_acq-EPIlowcov_run-1_cbv.nii.gz,EPIlowcov,EPIlowcov,func,1.0,ofMaF,4011,JogB,CBV,4011_ofMaF_cbv,Masked,15.387464227769527,525.192,0.9268922868397645,0.07310771316023545
26,/home/hendrik/.scratch/mlebe/preprocessing/masked_collapsed/sub-4011/ses-ofMaF/func/sub-4011_ses-ofMaF_task-JogB_acq-EPIlowcov_run-0_bold.nii.gz,EPIlowcov,EPIlowcov,func,0.0,ofMaF,4011,JogB,BOLD,4011_ofMaF_bold,Masked,9.722257490623747,545.584,0.9628813870416648,0.037118612958335184
28,/home/hendrik/.scratch/mlebe/preprocessing/masked_collapsed/sub-4011/ses-ofMcF1/func/sub-4011_ses-ofMcF1_task-JogB_acq-EPIlowcov_run-0_bold.nii.gz,EPIlowcov,EPIlowcov,func,0.0,ofMcF1,4011,JogB,BOLD,4011_ofMcF1_bold,Masked,8.522747204336339,559.864,1.0044655752410856,0.004465575241085595
29,/home/hendrik/.scratch/mlebe/preprocessing/masked_collapsed/sub-4011/ses-ofMcF1/func/sub-4011_ses-ofMcF1_task-JogB_acq-EPIlowcov_run-1_cbv.nii.gz,EPIlowcov,EPIlowcov,func,1.0,ofMcF1,4011,JogB,CBV,4011_ofMcF1_cbv,Masked,15.787374570034446,581.16,1.0426732451222247,0.0426732451222247
31,/home/hendrik/.scratch/mlebe/preprocessing/masked_collapsed/sub-4009/ses-ofM/func/sub-4009_ses-ofM_task-JogB_acq-EPIlowcov_run-0_bold.nii.gz,EPIlowcov,EPIlowcov,func,0.0,ofM,4009,JogB,BOLD,4009_ofM_bold,Masked,7.281733891551849,574.728,1.0287248514355265,0.0287248514355265
32,/home/hendrik/.scratch/mlebe/preprocessing/masked_collapsed/sub-4009/ses-ofM/func/sub-4009_ses-ofM_task-JogB_acq-EPIlowcov_run-1_cbv.nii.gz,EPIlowcov,EPIlowcov,func,1.0,ofM,4009,JogB,CBV,4009_ofM_cbv,Masked,14.356415686742404,560.728,1.0036657836328489,0.0036657836328488624
34,/home/hendrik/.scratch/mlebe/preprocessing/masked_collapsed/sub-4009/ses-ofMpF/func/sub-4009_ses-ofMpF_task-JogB_acq-EPIlowcov_run-0_bold.nii.gz,EPIlowcov,EPIlowcov,func,0.0,ofMpF,4009,JogB,BOLD,4009_ofMpF_bold,Masked,7.3888524481887,531.512,0.9502196271790645,0.0497803728209355
35,/home/hendrik/.scratch/mlebe/preprocessing/masked_collapsed/sub-4009/ses-ofMpF/func/sub-4009_ses-ofMpF_task-JogB_acq-EPIlowcov_run-1_cbv.nii.gz,EPIlowcov,EPIlowcov,func,1.0,ofMpF,4009,JogB,CBV,4009_ofMpF_cbv,Masked,14.175524762985297,519.256,0.9283087545163464,0.07169124548365358
37,/home/hendrik/.scratch/mlebe/preprocessing/masked_collapsed/sub-4009/ses-ofMcF2/func/sub-4009_ses-ofMcF2_task-JogB_acq-EPIlowcov_run-0_bold.nii.gz,EPIlowcov,EPIlowcov,func,0.0,ofMcF2,4009,JogB,BOLD,4009_ofMcF2_bold,Masked,7.191804826958105,527.28,0.9306923003604296,0.0693076996395704
38,/home/hendrik/.scratch/mlebe/preprocessing/masked_collapsed/sub-4009/ses-ofMcF2/func/sub-4009_ses-ofMcF2_task-JogB_acq-EPIlowcov_run-1_cbv.nii.gz,EPIlowcov,EPIlowcov,func,1.0,ofMcF2,4009,JogB,CBV,4009_ofMcF2_cbv,Masked,13.502189164049923,521.872,0.9211467383054508,0.0788532616945492
40,/home/hendrik/.scratch/mlebe/preprocessing/masked_collapsed/sub-4009/ses-ofMaF/func/sub-4009_ses-ofMaF_task-JogB_acq-EPIlowcov_run-1_cbv.nii.gz,EPIlowcov,EPIlowcov,func,1.0,ofMaF,4009,JogB,CBV,4009_ofMaF_cbv,Masked,14.100244160215372,527.792,0.9462029401219076,0.05379705987809236
41,/home/hendrik/.scratch/mlebe/preprocessing/masked_collapsed/sub-4009/ses-ofMaF/func/sub-4009_ses-ofMaF_task-JogB_acq-EPIlowcov_run-0_bold.nii.gz,EPIlowcov,EPIlowcov,func,0.0,ofMaF,4009,JogB,BOLD,4009_ofMaF_bold,Masked,7.893669863464311,562.496,1.0085218460832317,0.008521846083231699
43,/home/hendrik/.scratch/mlebe/preprocessing/masked_collapsed/sub-4009/ses-ofMcF1/func/sub-4009_ses-ofMcF1_task-JogB_acq-EPIlowcov_run-0_bold.nii.gz,EPIlowcov,EPIlowcov,func,0.0,ofMcF1,4009,JogB,BOLD,4009_ofMcF1_bold,Masked,6.594329581845087,559.944,1.0049318372709064,0.004931837270906403
44,/home/hendrik/.scratch/mlebe/preprocessing/masked_collapsed/sub-4009/ses-ofMcF1/func/sub-4009_ses-ofMcF1_task-JogB_acq-EPIlowcov_run-1_cbv.nii.gz,EPIlowcov,EPIlowcov,func,1.0,ofMcF1,4009,JogB,CBV,4009_ofMcF1_cbv,Masked,13.079402402276175,535.968,0.9619020954924299,0.03809790450757011
46,/home/hendrik/.scratch/mlebe/preprocessing/masked_collapsed/sub-4008/ses-ofM/func/sub-4008_ses-ofM_task-JogB_acq-EPIlowcov_run-0_bold.nii.gz,EPIlowcov,EPIlowcov,func,0.0,ofM,4008,JogB,BOLD,4008_ofM_bold,Masked,6.250913191267755,584.48,1.0315511919280345,0.03155119192803446
47,/home/hendrik/.scratch/mlebe/preprocessing/masked_collapsed/sub-4008/ses-ofM/func/sub-4008_ses-ofM_task-JogB_acq-EPIlowcov_run-1_cbv.nii.gz,EPIlowcov,EPIlowcov,func,1.0,ofM,4008,JogB,CBV,4008_ofM_cbv,Masked,11.338922575144098,555.84,0.981004336369557,0.018995663630443027
49,/home/hendrik/.scratch/mlebe/preprocessing/masked_collapsed/sub-4008/ses-ofMpF/func/sub-4008_ses-ofMpF_task-JogB_acq-EPIlowcov_run-1_cbv.nii.gz,EPIlowcov,EPIlowcov,func,1.0,ofMpF,4008,JogB,CBV,4008_ofMpF_cbv,Masked,16.80722113698721,520.08,0.9259018588181257,0.0740981411818743
50,/home/hendrik/.scratch/mlebe/preprocessing/masked_collapsed/sub-4008/ses-ofMpF/func/sub-4008_ses-ofMpF_task-JogB_acq-EPIlowcov_run-0_bold.nii.gz,EPIlowcov,EPIlowcov,func,0.0,ofMpF,4008,JogB,BOLD,4008_ofMpF_bold,Masked,7.9592456470150506,518.928,0.9237555606585742,0.07624443934142577
52,/home/hendrik/.scratch/mlebe/preprocessing/masked_collapsed/sub-4008/ses-ofMcF2/func/sub-4008_ses-ofMcF2_task-JogB_acq-EPIlowcov_run-1_cbv.nii.gz,EPIlowcov,EPIlowcov,func,1.0,ofMcF2,4008,JogB,CBV,4008_ofMcF2_cbv,Masked,13.742691470179714,538.08,0.9652490259251022,0.0347509740748978
53,/home/hendrik/.scratch/mlebe/preprocessing/masked_collapsed/sub-4008/ses-ofMcF2/func/sub-4008_ses-ofMcF2_task-JogB_acq-EPIlowcov_run-0_bold.nii.gz,EPIlowcov,EPIlowcov,func,0.0,ofMcF2,4008,JogB,BOLD,4008_ofMcF2_bold,Masked,6.380042915507222,575.824,1.0329570976514568,0.032957097651456824
55,/home/hendrik/.scratch/mlebe/preprocessing/masked_collapsed/sub-4008/ses-ofMaF/func/sub-4008_ses-ofMaF_task-JogB_acq-EPIlowcov_run-0_bold.nii.gz,EPIlowcov,EPIlowcov,func,0.0,ofMaF,4008,JogB,BOLD,4008_ofMaF_bold,Masked,8.373740390082823,570.256,1.0178889535444118,0.01788895354441178
56,/home/hendrik/.scratch/mlebe/preprocessing/masked_collapsed/sub-4008/ses-ofMaF/func/sub-4008_ses-ofMaF_task-JogB_acq-EPIlowcov_run-1_cbv.nii.gz,EPIlowcov,EPIlowcov,func,1.0,ofMaF,4008,JogB,CBV,4008_ofMaF_cbv,Masked,16.391013907641188,554.84,0.9903718803214371,0.009628119678562919
58,/home/hendrik/.scratch/mlebe/preprocessing/masked_collapsed/sub-4008/ses-ofMcF1/func/sub-4008_ses-ofMcF1_task-JogB_acq-EPIlowcov_run-0_bold.nii.gz,EPIlowcov,EPIlowcov,func,0.0,ofMcF1,4008,JogB,BOLD,4008_ofMcF1_bold,Masked,8.581853088573553,572.104,1.0244865068137459,0.024486506813745867
59,/home/hendrik/.scratch/mlebe/preprocessing/masked_collapsed/sub-4008/ses-ofMcF1/func/sub-4008_ses-ofMcF1_task-JogB_acq-EPIlowcov_run-1_cbv.nii.gz,EPIlowcov,EPIlowcov,func,1.0,ofMcF1,4008,JogB,CBV,4008_ofMcF1_cbv,Masked,16.444044701247478,555.936,0.995533907562273,0.004466092437726998
61,/home/hendrik/.scratch/mlebe/preprocessing/masked_collapsed/sub-4007/ses-ofM/func/sub-4007_ses-ofM_task-JogB_acq-EPIlowcov_run-1_cbv.nii.gz,EPIlowcov,EPIlowcov,func,1.0,ofM,4007,JogB,CBV,4007_ofM_cbv,Masked,18.396059730779385,518.592,0.9152538783290093,0.08474612167099072
62,/home/hendrik/.scratch/mlebe/preprocessing/masked_collapsed/sub-4007/ses-ofM/func/sub-4007_ses-ofM_task-JogB_acq-EPIlowcov_run-0_bold.nii.gz,EPIlowcov,EPIlowcov,func,0.0,ofM,4007,JogB,BOLD,4007_ofM_bold,Masked,10.658326071221381,524.912,0.9265027746791116,0.07349722532088843
64,/home/hendrik/.scratch/mlebe/preprocessing/masked_collapsed/sub-4007/ses-ofMpF/func/sub-4007_ses-ofMpF_task-JogB_acq-EPIlowcov_run-1_cbv.nii.gz,EPIlowcov,EPIlowcov,func,1.0,ofMpF,4007,JogB,CBV,4007_ofMpF_cbv,Masked,13.134875692743812,533.096,0.9517446998437848,0.04825530015621515
65,/home/hendrik/.scratch/mlebe/preprocessing/masked_collapsed/sub-4007/ses-ofMpF/func/sub-4007_ses-ofMpF_task-JogB_acq-EPIlowcov_run-0_bold.nii.gz,EPIlowcov,EPIlowcov,func,0.0,ofMpF,4007,JogB,BOLD,4007_ofMpF_bold,Masked,7.860122910668144,543.032,0.9694835974112922,0.030516402588707803
67,/home/hendrik/.scratch/mlebe/preprocessing/masked_collapsed/sub-4007/ses-ofMcF2/func/sub-4007_ses-ofMcF2_task-JogB_acq-EPIlowcov_run-0_bold.nii.gz,EPIlowcov,EPIlowcov,func,0.0,ofMcF2,4007,JogB,BOLD,4007_ofMcF2_bold,Masked,7.686653916381767,543.944,0.9754271071125639,0.024572892887436137
68,/home/hendrik/.scratch/mlebe/preprocessing/masked_collapsed/sub-4007/ses-ofMcF2/func/sub-4007_ses-ofMcF2_task-JogB_acq-EPIlowcov_run-1_cbv.nii.gz,EPIlowcov,EPIlowcov,func,1.0,ofMcF2,4007,JogB,CBV,4007_ofMcF2_cbv,Masked,14.049526875838637,540.176,0.9687691673093133,0.031230832690686716
70,/home/hendrik/.scratch/mlebe/preprocessing/masked_collapsed/sub-4007/ses-ofMaF/func/sub-4007_ses-ofMaF_task-JogB_acq-EPIlowcov_run-0_bold.nii.gz,EPIlowcov,EPIlowcov,func,0.0,ofMaF,4007,JogB,BOLD,4007_ofMaF_bold,Masked,9.000608548275197,549.92,0.9705338359665099,0.029466164033490116
71,/home/hendrik/.scratch/mlebe/preprocessing/masked_collapsed/sub-4007/ses-ofMaF/func/sub-4007_ses-ofMaF_task-JogB_acq-EPIlowcov_run-1_cbv.nii.gz,EPIlowcov,EPIlowcov,func,1.0,ofMaF,4007,JogB,CBV,4007_ofMaF_cbv,Masked,16.98559802832548,530.72,0.9366484532734692,0.06335154672653076
73,/home/hendrik/.scratch/mlebe/preprocessing/masked_collapsed/sub-4007/ses-ofMcF1/func/sub-4007_ses-ofMcF1_task-JogB_acq-EPIlowcov_run-0_bold.nii.gz,EPIlowcov,EPIlowcov,func,0.0,ofMcF1,4007,JogB,BOLD,4007_ofMcF1_bold,Masked,8.306339861154557,546.36,0.979552320421683,0.020447679578316946
74,/home/hendrik/.scratch/mlebe/preprocessing/masked_collapsed/sub-4007/ses-ofMcF1/func/sub-4007_ses-ofMcF1_task-JogB_acq-EPIlowcov_run-1_cbv.nii.gz,EPIlowcov,EPIlowcov,func,1.0,ofMcF1,4007,JogB,CBV,4007_ofMcF1_cbv,Masked,15.2850985750556,535.336,0.9599839326030081,0.04001606739699193
76,/home/hendrik/.scratch/mlebe/preprocessing/masked_collapsed/sub-4006/ses-ofM/func/sub-4006_ses-ofM_task-JogB_acq-EPIlowcov_run-0_bold.nii.gz,EPIlowcov,EPIlowcov,func,0.0,ofM,4006,JogB,BOLD,4006_ofM_bold,Masked,8.817855184348304,551.976,0.9741847466391813,0.02581525336081869
77,/home/hendrik/.scratch/mlebe/preprocessing/masked_collapsed/sub-4006/ses-ofM/func/sub-4006_ses-ofM_task-JogB_acq-EPIlowcov_run-1_cbv.nii.gz,EPIlowcov,EPIlowcov,func,1.0,ofM,4006,JogB,CBV,4006_ofM_cbv,Masked,14.505311960652472,532.352,0.9395502671182469,0.06044973288175315
79,/home/hendrik/.scratch/mlebe/preprocessing/masked_collapsed/sub-4005/ses-ofM/func/sub-4005_ses-ofM_task-JogB_acq-EPIlowcov_run-1_cbv.nii.gz,EPIlowcov,EPIlowcov,func,1.0,ofM,4005,JogB,CBV,4005_ofM_cbv,Masked,15.687664725370709,513.824,0.9185089317156795,0.08149106828432051
80,/home/hendrik/.scratch/mlebe/preprocessing/masked_collapsed/sub-4005/ses-ofM/func/sub-4005_ses-ofM_task-JogB_acq-EPIlowcov_run-0_bold.nii.gz,EPIlowcov,EPIlowcov,func,0.0,ofM,4005,JogB,BOLD,4005_ofM_bold,Masked,9.028439881280065,527.288,0.9427692263681013,0.05723077363189866
82,/home/hendrik/.scratch/mlebe/preprocessing/masked_collapsed/sub-4005/ses-ofMaF/func/sub-4005_ses-ofMaF_task-JogB_acq-EPIlowcov_run-0_bold.nii.gz,EPIlowcov,EPIlowcov,func,0.0,ofMaF,4005,JogB,BOLD,4005_ofMaF_bold,Masked,7.062445865161718,526.376,0.9426943231597459,0.057305676840254116
83,/home/hendrik/.scratch/mlebe/preprocessing/masked_collapsed/sub-4005/ses-ofMaF/func/sub-4005_ses-ofMaF_task-JogB_acq-EPIlowcov_run-1_cbv.nii.gz,EPIlowcov,EPIlowcov,func,1.0,ofMaF,4005,JogB,CBV,4005_ofMaF_cbv,Masked,15.426039486490193,516.504,0.9250144168603839,0.07498558313961612
85,/home/hendrik/.scratch/mlebe/preprocessing/masked_collapsed/sub-4004/ses-ofM/func/sub-4004_ses-ofM_task-JogB_acq-EPIlowcov_run-1_cbv.nii.gz,EPIlowcov,EPIlowcov,func,1.0,ofM,4004,JogB,CBV,4004_ofM_cbv,Masked,16.334813465364277,529.616,0.9347957314167304,0.06520426858326955
86,/home/hendrik/.scratch/mlebe/preprocessing/masked_collapsed/sub-4004/ses-ofM/func/sub-4004_ses-ofM_task-JogB_acq-EPIlowcov_run-0_bold.nii.gz,EPIlowcov,EPIlowcov,func,0.0,ofM,4004,JogB,BOLD,4004_ofM_bold,Masked,8.282602289458737,539.312,0.9519096014882854,0.048090398511714594
88,/home/hendrik/.scratch/mlebe/preprocessing/masked_collapsed/sub-4002/ses-ofM/func/sub-4002_ses-ofM_task-JogB_acq-EPIlowcov_run-0_bold.nii.gz,EPIlowcov,EPIlowcov,func,0.0,ofM,4002,JogB,BOLD,4002_ofM_bold,Masked,6.698819908546284,549.944,0.9709000453721308,0.029099954627869185
89,/home/hendrik/.scratch/mlebe/preprocessing/masked_collapsed/sub-4002/ses-ofM/func/sub-4002_ses-ofM_task-JogB_acq-EPIlowcov_run-1_cbv.nii.gz,EPIlowcov,EPIlowcov,func,1.0,ofM,4002,JogB,CBV,4002_ofM_cbv,Masked,13.65185357011855,534.096,0.9426299236501107,0.05737007634988933
91,/home/hendrik/.scratch/mlebe/preprocessing/masked_collapsed/sub-4001/ses-ofM/func/sub-4001_ses-ofM_task-JogB_acq-EPIlowcov_run-1_cbv.nii.gz,EPIlowcov,EPIlowcov,func,1.0,ofM,4001,JogB,CBV,4001_ofM_cbv,Masked,18.2600571885705,539.104,0.9516634126880453,0.04833658731195467
92,/home/hendrik/.scratch/mlebe/preprocessing/masked_collapsed/sub-4001/ses-ofM/func/sub-4001_ses-ofM_task-JogB_acq-EPIlowcov_run-0_bold.nii.gz,EPIlowcov,EPIlowcov,func,0.0,ofM,4001,JogB,BOLD,4001_ofM_bold,Masked,8.10789917036891,549.232,0.9694427970290039,0.030557202970996067
94,/home/hendrik/.scratch/mlebe/preprocessing/masked_collapsed/sub-4001/ses-ofMcF2/func/sub-4001_ses-ofMcF2_task-JogB_acq-EPIlowcov_run-0_bold.nii.gz,EPIlowcov,EPIlowcov,func,0.0,ofMcF2,4001,JogB,BOLD,4001_ofMcF2_bold,Masked,6.373974516987801,533.832,0.9539613470456312,0.04603865295436882
95,/home/hendrik/.scratch/mlebe/preprocessing/masked_collapsed/sub-4001/ses-ofMcF2/func/sub-4001_ses-ofMcF2_task-JogB_acq-EPIlowcov_run-1_cbv.nii.gz,EPIlowcov,EPIlowcov,func,1.0,ofMcF2,4001,JogB,CBV,4001_ofMcF2_cbv,Masked,13.768319586436265,516.056,0.9221015917034157,0.07789840829658434
97,/home/hendrik/.scratch/mlebe/preprocessing/masked_collapsed/sub-4001/ses-ofMaF/func/sub-4001_ses-ofMaF_task-JogB_acq-EPIlowcov_run-0_bold.nii.gz,EPIlowcov,EPIlowcov,func,0.0,ofMaF,4001,JogB,BOLD,4001_ofMaF_bold,Masked,8.875134223140776,550.456,0.9798688063514104,0.020131193648589618
98,/home/hendrik/.scratch/mlebe/preprocessing/masked_collapsed/sub-4001/ses-ofMaF/func/sub-4001_ses-ofMaF_task-JogB_acq-EPIlowcov_run-1_cbv.nii.gz,EPIlowcov,EPIlowcov,func,1.0,ofMaF,4001,JogB,CBV,4001_ofMaF_cbv,Masked,16.741276453314352,536.752,0.9553773259146134,0.04462267408538656
100,/home/hendrik/.scratch/mlebe/preprocessing/masked_collapsed/sub-4001/ses-ofMcF1/func/sub-4001_ses-ofMcF1_task-JogB_acq-EPIlowcov_run-1_cbv.nii.gz,EPIlowcov,EPIlowcov,func,1.0,ofMcF1,4001,JogB,CBV,4001_ofMcF1_cbv,Masked,11.806942053502429,541.0,0.9693360137892975,0.030663986210702543
101,/home/hendrik/.scratch/mlebe/preprocessing/masked_collapsed/sub-4001/ses-ofMcF1/func/sub-4001_ses-ofMcF1_task-JogB_acq-EPIlowcov_run-0_bold.nii.gz,EPIlowcov,EPIlowcov,func,0.0,ofMcF1,4001,JogB,BOLD,4001_ofMcF1_bold,Masked,6.805492992703804,552.008,0.9890595828092469,0.010940417190753116
